1745575685049, BTCUSDT, 3549260330, 93744.3, 0.65172,1745575685041,True
1745575742118, BTCUSDT, 3549260723, 93728.15, 0.26499,1745575742117,True
1745575746562, BTCUSDT, 3549260753, 93728.16, 3.48388,1745575746561,False
1745575756649, BTCUSDT, 3549260790, 93728.16, 0.5199,1745575756646,False
1745575811756, BTCUSDT, 3549261048, 93739.13, 0.264,1745575811755,True
1745575811796, BTCUSDT, 3549261049, 93739.13, 0.18,1745575811795,True
1745575823544, BTCUSDT, 3549261112, 93732.83, 0.3937,1745575823543,True
1745575823545, BTCUSDT, 3549261113, 93732.83, 0.24802,1745575823543,True
1745575842262, BTCUSDT, 3549261272, 93711.33, 0.5453,1745575842261,True
1745575842916, BTCUSDT, 3549261337, 93706.95, 0.2595,1745575842916,False
1745575843018, BTCUSDT, 3549261357, 93714.01, 0.17725,1745575843016,False
1745575843018, BTCUSDT, 3549261359, 93715.8, 0.17832,1745575843016,False
1745575852038, BTCUSDT, 3549261390, 93715.81, 0.21445,1745575852036,False
1745575876630, BTCUSDT, 3549261581, 93739.53, 0.25376,1745575876629,False
1745575891418, BTCUSDT, 3549261729, 93757.96, 0.19829,1745575891417,True
1745575904742, BTCUSDT, 3549261832, 93740.69, 0.25618,1745575904741,True
1745575904868, BTCUSDT, 3549261835, 93740.69, 0.55,1745575904868,True
1745575905455, BTCUSDT, 3549261852, 93740.7, 0.28626,1745575905455,False
1745575933316, BTCUSDT, 3549261984, 93733.51, 0.49619,1745575933315,True
1745575933316, BTCUSDT, 3549261999, 93730.56, 0.19506,1745575933315,True
1745575933316, BTCUSDT, 3549262042, 93719.99, 1.38563,1745575933315,True
1745575933316, BTCUSDT, 3549262046, 93719.37, 0.16842,1745575933315,True
1745575933316, BTCUSDT, 3549262047, 93718.54, 0.74723,1745575933315,True
1745575940780, BTCUSDT, 3549262149, 93718.54, 0.17757,1745575940779,True
1745575948889, BTCUSDT, 3549262214, 93704.5, 0.70441,1745575948888,True
1745575969704, BTCUSDT, 3549262337, 93695.65, 0.40959,1745575969704,True
1745575992638, BTCUSDT, 3549262403, 93695.65, 0.47452,1745575992638,True
1745575995810, BTCUSDT, 3549262413, 93695.66, 0.55091,1745575995809,False
1745575995812, BTCUSDT, 3549262415, 93695.66, 0.25699,1745575995811,False
1745575995812, BTCUSDT, 3549262416, 93695.66, 0.18541,1745575995811,False
1745575995812, BTCUSDT, 3549262418, 93695.66, 0.20068,1745575995812,False
1745576000703, BTCUSDT, 3549262442, 93702.22, 0.23911,1745576000703,True
1745576001530, BTCUSDT, 3549262447, 93702.23, 0.79247,1745576001529,False
1745576001533, BTCUSDT, 3549262459, 93705.91, 0.30771,1745576001531,False
1745576024325, BTCUSDT, 3549262536, 93712.64, 0.52917,1745576024325,False
1745576039305, BTCUSDT, 3549262776, 93752.12, 0.19782,1745576039303,False
1745576051296, BTCUSDT, 3549262829, 93754.67, 0.77781,1745576051295,False
1745576099082, BTCUSDT, 3549262968, 93754.67, 0.27389,1745576099082,False
1745576113895, BTCUSDT, 3549263012, 93754.66, 0.1991,1745576113894,True
1745576113903, BTCUSDT, 3549263029, 93749.97, 0.27272,1745576113902,True
1745576139035, BTCUSDT, 3549263166, 93732.51, 0.33571,1745576139034,True
1745576174378, BTCUSDT, 3549263303, 93720.64, 0.1896,1745576174376,False
1745576174379, BTCUSDT, 3549263304, 93720.64, 1.2264,1745576174377,False
1745576174386, BTCUSDT, 3549263306, 93720.64, 0.22415,1745576174382,False
1745576185821, BTCUSDT, 3549263417, 93738.43, 0.21921,1745576185821,True
1745576205616, BTCUSDT, 3549263564, 93722.09, 0.24463,1745576205615,True
1745576212333, BTCUSDT, 3549263598, 93719.52, 1.06728,1745576212332,False
1745576218641, BTCUSDT, 3549263712, 93745.19, 0.34077,1745576218641,True
1745576224858, BTCUSDT, 3549263810, 93726.61, 0.52318,1745576224857,False
1745576237717, BTCUSDT, 3549263876, 93739.37, 0.22336,1745576237716,False
1745576237717, BTCUSDT, 3549263877, 93739.37, 0.17088,1745576237716,False
1745576244550, BTCUSDT, 3549263925, 93744.73, 0.21611,1745576244547,False
1745576244560, BTCUSDT, 3549263959, 93753.7, 0.65011,1745576244550,False
1745576244588, BTCUSDT, 3549263999, 93760.02, 0.30367,1745576244562,False
1745576244595, BTCUSDT, 3549264009, 93761.53, 0.31998,1745576244564,False
1745576244639, BTCUSDT, 3549264049, 93764.77, 0.17584,1745576244586,False
1745576244762, BTCUSDT, 3549264112, 93780.02, 0.16,1745576244660,False
1745576244801, BTCUSDT, 3549264126, 93785.16, 0.31435,1745576244685,False
1745576244820, BTCUSDT, 3549264131, 93785.16, 0.2961,1745576244696,False
1745576244925, BTCUSDT, 3549264172, 93794.84, 0.51087,1745576244785,False
1745576244934, BTCUSDT, 3549264173, 93794.84, 0.17638,1745576244790,False
1745576244936, BTCUSDT, 3549264183, 93800.0, 0.2285,1745576244791,False
1745576244936, BTCUSDT, 3549264184, 93800.0, 0.19823,1745576244791,False
1745576244943, BTCUSDT, 3549264186, 93800.0, 0.21875,1745576244795,False
1745576244957, BTCUSDT, 3549264188, 93800.0, 0.34013,1745576244804,False
1745576244958, BTCUSDT, 3549264189, 93800.0, 0.31247,1745576244805,False
1745576244958, BTCUSDT, 3549264190, 93800.0, 0.56286,1745576244805,False
1745576244976, BTCUSDT, 3549264200, 93800.0, 0.62118,1745576244815,False
1745576245058, BTCUSDT, 3549264230, 93809.53, 0.17778,1745576244872,False
1745576245092, BTCUSDT, 3549264251, 93816.73, 0.70327,1745576244896,False
1745576245109, BTCUSDT, 3549264261, 93823.61, 0.63989,1745576244908,False
1745576245109, BTCUSDT, 3549264262, 93823.61, 0.32,1745576244909,False
1745576245110, BTCUSDT, 3549264263, 93823.61, 0.64,1745576244909,False
1745576245221, BTCUSDT, 3549264287, 93825.19, 0.17615,1745576244987,False
1745576245224, BTCUSDT, 3549264288, 93825.19, 0.20314,1745576244989,False
1745576245230, BTCUSDT, 3549264298, 93827.71, 0.89664,1745576244994,False
1745576245280, BTCUSDT, 3549264304, 93827.71, 0.61537,1745576245035,False
1745576245290, BTCUSDT, 3549264307, 93827.71, 0.1708,1745576245044,False
1745576245302, BTCUSDT, 3549264313, 93827.71, 0.31322,1745576245054,False
1745576245308, BTCUSDT, 3549264324, 93830.61, 0.90165,1745576245060,False
1745576245318, BTCUSDT, 3549264342, 93835.85, 0.16955,1745576245066,False
1745576245342, BTCUSDT, 3549264355, 93831.41, 0.17698,1745576245085,False
1745576245368, BTCUSDT, 3549264395, 93840.92, 0.29183,1745576245106,False
1745576245449, BTCUSDT, 3549264422, 93843.15, 0.2113,1745576245176,False
1745576245550, BTCUSDT, 3549264444, 93850.0, 0.34445,1745576245273,False
1745576245550, BTCUSDT, 3549264448, 93851.43, 0.21381,1745576245273,False
1745576245561, BTCUSDT, 3549264467, 93859.45, 0.21381,1745576245286,False
1745576245561, BTCUSDT, 3549264469, 93860.15, 0.21381,1745576245286,False
1745576245567, BTCUSDT, 3549264484, 93865.96, 0.21381,1745576245292,False
1745576245863, BTCUSDT, 3549264510, 93857.38, 0.5,1745576245611,True
1745576245918, BTCUSDT, 3549264518, 93857.39, 0.1708,1745576245675,False
1745576246016, BTCUSDT, 3549264529, 93860.5, 0.4606,1745576245800,False
1745576246016, BTCUSDT, 3549264530, 93860.53, 0.4678,1745576245800,False
1745576246065, BTCUSDT, 3549264546, 93861.44, 0.19964,1745576245853,True
1745576246065, BTCUSDT, 3549264547, 93860.99, 0.4,1745576245853,True
1745576246065, BTCUSDT, 3549264548, 93860.96, 0.17294,1745576245853,True
1745576246198, BTCUSDT, 3549264576, 93860.49, 0.26,1745576246020,False
1745576246209, BTCUSDT, 3549264577, 93860.48, 0.29384,1745576246036,True
1745576246209, BTCUSDT, 3549264579, 93860.23, 0.21829,1745576246036,True
1745576246220, BTCUSDT, 3549264589, 93860.14, 0.19097,1745576246051,True
1745576246251, BTCUSDT, 3549264599, 93859.73, 0.26857,1745576246096,True
1745576246267, BTCUSDT, 3549264626, 93853.61, 0.17165,1745576246114,True
1745576247299, BTCUSDT, 3549264738, 93849.51, 1.19149,1745576247298,True
1745576247299, BTCUSDT, 3549264746, 93849.12, 1.55054,1745576247298,True
1745576247301, BTCUSDT, 3549264747, 93849.12, 0.64572,1745576247300,True
1745576247710, BTCUSDT, 3549264766, 93845.67, 0.5106,1745576247708,False
1745576248619, BTCUSDT, 3549264789, 93849.51, 0.70241,1745576248618,True
1745576249490, BTCUSDT, 3549264842, 93838.08, 0.1708,1745576249489,True
1745576249664, BTCUSDT, 3549264843, 93838.08, 0.31876,1745576249663,True
1745576249789, BTCUSDT, 3549264861, 93833.68, 0.67806,1745576249788,True
1745576250047, BTCUSDT, 3549264882, 93825.2, 0.40434,1745576250046,False
1745576250052, BTCUSDT, 3549264893, 93827.45, 0.21393,1745576250050,False
1745576250055, BTCUSDT, 3549264899, 93829.01, 0.18203,1745576250054,False
1745576250614, BTCUSDT, 3549264981, 93863.32, 0.5,1745576250613,True
1745576251687, BTCUSDT, 3549264994, 93863.33, 1.39735,1745576251685,False
1745576251687, BTCUSDT, 3549264995, 93863.34, 0.21323,1745576251685,False
1745576253070, BTCUSDT, 3549265007, 93867.76, 0.19918,1745576253069,True
1745576253082, BTCUSDT, 3549265014, 93863.32, 0.16097,1745576253082,True
1745576253107, BTCUSDT, 3549265030, 93857.43, 0.17278,1745576253106,True
1745576254292, BTCUSDT, 3549265082, 93867.75, 5.0,1745576254291,True
1745576254643, BTCUSDT, 3549265085, 93867.75, 0.16379,1745576254642,True
1745576254766, BTCUSDT, 3549265086, 93867.76, 0.25034,1745576254765,False
1745576256157, BTCUSDT, 3549265200, 93888.0, 0.38526,1745576256156,False
1745576256235, BTCUSDT, 3549265206, 93888.0, 0.57169,1745576256234,False
1745576256516, BTCUSDT, 3549265316, 93896.87, 0.23277,1745576256515,False
1745576257048, BTCUSDT, 3549265361, 93900.0, 0.40475,1745576257048,False
1745576257048, BTCUSDT, 3549265362, 93900.0, 0.33524,1745576257048,False
1745576257049, BTCUSDT, 3549265363, 93900.0, 0.1738,1745576257049,False
1745576257050, BTCUSDT, 3549265364, 93900.0, 1.71411,1745576257049,False
1745576257050, BTCUSDT, 3549265365, 93900.0, 0.92622,1745576257049,False
1745576258195, BTCUSDT, 3549265447, 93904.77, 0.22183,1745576258194,False
1745576258196, BTCUSDT, 3549265450, 93904.77, 0.55223,1745576258195,False
1745576258198, BTCUSDT, 3549265560, 93916.84, 0.21754,1745576258195,False
1745576258198, BTCUSDT, 3549265561, 93916.85, 0.70252,1745576258195,False
1745576258198, BTCUSDT, 3549265572, 93918.28, 0.46827,1745576258195,False
1745576258198, BTCUSDT, 3549265605, 93921.1, 0.495,1745576258195,False
1745576258198, BTCUSDT, 3549265631, 93923.75, 0.77909,1745576258195,False
1745576258198, BTCUSDT, 3549265651, 93925.8, 0.26987,1745576258195,False
1745576258198, BTCUSDT, 3549265653, 93926.12, 0.21381,1745576258195,False
1745576258198, BTCUSDT, 3549265659, 93927.08, 1.0892,1745576258195,False
1745576258198, BTCUSDT, 3549265660, 93927.1, 0.79996,1745576258195,False
1745576258198, BTCUSDT, 3549265675, 93928.85, 0.24008,1745576258195,False
1745576258198, BTCUSDT, 3549265683, 93929.66, 0.6137,1745576258195,False
1745576258647, BTCUSDT, 3549265709, 93915.65, 0.56471,1745576258646,True
1745576266852, BTCUSDT, 3549266033, 93939.0, 0.15967,1745576266851,False
1745576266857, BTCUSDT, 3549266034, 93939.0, 0.29035,1745576266856,False
1745576267026, BTCUSDT, 3549266042, 93939.03, 0.2103,1745576267025,False
1745576268033, BTCUSDT, 3549266189, 93950.0, 0.3287,1745576268031,False
1745576268072, BTCUSDT, 3549266374, 93967.6, 0.15982,1745576268051,False
1745576268072, BTCUSDT, 3549266377, 93967.6, 0.22052,1745576268051,False
1745576268169, BTCUSDT, 3549266466, 93969.99, 0.24747,1745576268169,True
1745576268222, BTCUSDT, 3549266479, 93969.05, 1.092,1745576268221,True
1745576268268, BTCUSDT, 3549266487, 93968.86, 0.22862,1745576268267,True
1745576268274, BTCUSDT, 3549266489, 93968.1, 0.16228,1745576268273,True
1745576268365, BTCUSDT, 3549266536, 93957.61, 0.228,1745576268365,True
1745576268416, BTCUSDT, 3549266543, 93955.77, 0.42181,1745576268416,True
1745576269391, BTCUSDT, 3549266579, 93944.9, 0.31763,1745576269391,True
1745576271572, BTCUSDT, 3549266636, 93940.0, 0.26852,1745576271571,True
1745576273613, BTCUSDT, 3549266667, 93931.71, 0.16532,1745576273612,True
1745576273616, BTCUSDT, 3549266685, 93927.48, 0.32777,1745576273614,True
1745576275616, BTCUSDT, 3549266750, 93915.0, 0.33319,1745576275615,True
1745576277776, BTCUSDT, 3549266916, 93882.64, 0.47063,1745576277776,False
1745576285955, BTCUSDT, 3549266973, 93882.64, 0.1868,1745576285954,False
1745576285958, BTCUSDT, 3549266974, 93882.64, 0.28981,1745576285957,False
1745576285964, BTCUSDT, 3549266976, 93882.64, 0.37921,1745576285963,False
1745576285969, BTCUSDT, 3549266977, 93882.64, 0.42527,1745576285967,False
1745576286218, BTCUSDT, 3549267066, 93909.63, 0.4278,1745576286216,False
1745576295486, BTCUSDT, 3549267295, 93949.0, 0.42576,1745576295485,False
1745576296136, BTCUSDT, 3549267308, 93948.99, 1.23899,1745576296131,True
1745576296688, BTCUSDT, 3549267343, 93942.71, 1.3538,1745576296687,True
1745576296688, BTCUSDT, 3549267346, 93942.57, 0.28114,1745576296687,True
1745576296688, BTCUSDT, 3549267347, 93942.56, 0.70263,1745576296687,True
1745576300476, BTCUSDT, 3549267458, 93922.87, 0.3,1745576300475,False
1745576303683, BTCUSDT, 3549267474, 93922.86, 0.17038,1745576303683,True
1745576308467, BTCUSDT, 3549267619, 93917.44, 0.26242,1745576308466,True
1745576312024, BTCUSDT, 3549267735, 93885.89, 0.1703,1745576312022,True
1745576313725, BTCUSDT, 3549267759, 93882.63, 0.30264,1745576313725,True
1745576322978, BTCUSDT, 3549267833, 93882.63, 1.17672,1745576322977,True
1745576322980, BTCUSDT, 3549267843, 93881.75, 0.70302,1745576322979,True
1745576334716, BTCUSDT, 3549267965, 93867.76, 0.17702,1745576334716,False
1745576341062, BTCUSDT, 3549267992, 93867.77, 0.16113,1745576341054,False
1745576341065, BTCUSDT, 3549267993, 93867.77, 0.1941,1745576341057,False
1745576352445, BTCUSDT, 3549268092, 93872.31, 0.56984,1745576352444,True
1745576388194, BTCUSDT, 3549268321, 93872.32, 0.9,1745576388194,False
1745576395116, BTCUSDT, 3549268524, 93908.35, 0.2143,1745576395115,False
1745576398219, BTCUSDT, 3549268538, 93908.35, 0.30188,1745576398218,True
1745576398279, BTCUSDT, 3549268542, 93908.35, 0.37081,1745576398279,True
1745576398280, BTCUSDT, 3549268543, 93908.35, 0.3247,1745576398279,True
1745576401292, BTCUSDT, 3549268618, 93891.54, 0.18811,1745576401291,True
1745576401292, BTCUSDT, 3549268619, 93891.54, 0.25505,1745576401292,True
1745576401302, BTCUSDT, 3549268620, 93891.54, 0.19613,1745576401298,True
1745576401304, BTCUSDT, 3549268622, 93891.54, 0.17486,1745576401299,True
1745576404983, BTCUSDT, 3549268662, 93885.82, 0.53654,1745576404983,False
1745576412632, BTCUSDT, 3549268802, 93896.23, 0.5703,1745576412629,True
1745576412763, BTCUSDT, 3549268863, 93877.27, 0.16,1745576412745,True
1745576412763, BTCUSDT, 3549268875, 93872.32, 0.52236,1745576412745,True
1745576412763, BTCUSDT, 3549268876, 93872.31, 0.15993,1745576412745,True
1745576412763, BTCUSDT, 3549268885, 93869.33, 0.79996,1745576412745,True
1745576412763, BTCUSDT, 3549268887, 93868.26, 0.31951,1745576412745,True
1745576412763, BTCUSDT, 3549268890, 93867.75, 2.61022,1745576412745,True
1745576412798, BTCUSDT, 3549268896, 93870.66, 0.50822,1745576412783,True
1745576412798, BTCUSDT, 3549268899, 93867.79, 0.4678,1745576412783,True
1745576412798, BTCUSDT, 3549268900, 93867.76, 0.7858,1745576412783,True
1745576412798, BTCUSDT, 3549268901, 93867.32, 0.70289,1745576412783,True
1745576412798, BTCUSDT, 3549268904, 93867.15, 0.46798,1745576412783,True
1745576412798, BTCUSDT, 3549268915, 93863.85, 0.42626,1745576412783,True
1745576412798, BTCUSDT, 3549268923, 93861.57, 1.0,1745576412783,True
1745576413216, BTCUSDT, 3549268945, 93859.48, 0.1656,1745576413211,False
1745576418847, BTCUSDT, 3549269016, 93882.2, 0.21393,1745576418846,False
1745576418847, BTCUSDT, 3549269017, 93882.21, 0.21387,1745576418846,False
1745576418847, BTCUSDT, 3549269030, 93886.07, 0.79759,1745576418846,False
1745576420319, BTCUSDT, 3549269035, 93886.07, 0.9,1745576420318,True
1745576421216, BTCUSDT, 3549269039, 93886.07, 0.17449,1745576421215,True
1745576421916, BTCUSDT, 3549269071, 93876.53, 0.18307,1745576421915,True
1745576440146, BTCUSDT, 3549269321, 93847.92, 0.2,1745576440145,False
1745576442818, BTCUSDT, 3549269387, 93835.19, 0.17566,1745576442817,True
1745576442818, BTCUSDT, 3549269388, 93835.19, 0.17518,1745576442817,True
1745576442818, BTCUSDT, 3549269389, 93835.19, 0.2819,1745576442817,True
1745576444916, BTCUSDT, 3549269494, 93813.51, 0.70359,1745576444916,True
1745576446417, BTCUSDT, 3549269541, 93799.83, 0.72711,1745576446416,True
1745576459158, BTCUSDT, 3549269586, 93795.3, 0.67222,1745576459157,False
1745576459805, BTCUSDT, 3549269605, 93799.84, 0.27359,1745576459804,False
1745576469229, BTCUSDT, 3549269643, 93796.0, 0.47548,1745576469229,True
1745576474975, BTCUSDT, 3549269689, 93785.76, 0.44982,1745576474974,True
1745576475021, BTCUSDT, 3549269690, 93785.76, 0.28609,1745576475020,True
1745576475605, BTCUSDT, 3549269759, 93769.49, 0.74786,1745576475604,True
1745576475605, BTCUSDT, 3549269768, 93767.58, 0.22986,1745576475604,True
1745576487968, BTCUSDT, 3549269862, 93751.36, 0.24344,1745576487968,True
1745576501195, BTCUSDT, 3549269997, 93736.74, 1.0,1745576501195,False
1745576503470, BTCUSDT, 3549270004, 93736.73, 0.2,1745576503470,True
1745576508146, BTCUSDT, 3549270149, 93708.56, 0.19487,1745576508145,True
1745576508848, BTCUSDT, 3549270167, 93705.87, 0.17239,1745576508847,True
1745576509116, BTCUSDT, 3549270183, 93703.36, 0.1742,1745576509116,True
1745576511314, BTCUSDT, 3549270226, 93697.01, 0.61226,1745576511307,True
1745576511314, BTCUSDT, 3549270227, 93697.01, 0.37137,1745576511307,True
1745576511314, BTCUSDT, 3549270228, 93697.01, 0.52756,1745576511307,True
1745576511314, BTCUSDT, 3549270229, 93697.01, 0.52891,1745576511307,True
1745576517424, BTCUSDT, 3549270318, 93686.63, 0.80994,1745576517423,True
1745576517429, BTCUSDT, 3549270409, 93671.34, 0.31338,1745576517425,True
1745576520978, BTCUSDT, 3549270449, 93670.59, 0.2021,1745576520977,False
1745576528536, BTCUSDT, 3549270577, 93669.0, 0.1656,1745576528536,True
1745576528537, BTCUSDT, 3549270578, 93669.0, 0.38091,1745576528536,True
1745576533742, BTCUSDT, 3549270647, 93663.52, 0.46387,1745576533741,False
1745576563728, BTCUSDT, 3549271025, 93711.72, 1.10507,1745576563728,False
1745576574116, BTCUSDT, 3549271047, 93711.72, 0.40288,1745576574115,False
1745576579739, BTCUSDT, 3549271087, 93720.75, 0.21137,1745576579738,False
1745576580912, ARUSDT, 68620652, 7.07, 2220.23,1745576580912,True
1745576583278, BTCUSDT, 3549271102, 93720.74, 0.786,1745576583277,True
1745576607939, BTCUSDT, 3549271231, 93742.58, 0.40925,1745576607938,True
1745576612334, BTCUSDT, 3549271282, 93727.2, 1.0792,1745576612333,False
1745576616020, BTCUSDT, 3549271294, 93727.2, 0.40597,1745576616019,False
1745576621653, BTCUSDT, 3549271331, 93729.95, 0.16003,1745576621653,False
1745576630748, BTCUSDT, 3549271374, 93729.94, 0.19058,1745576630748,True
1745576653754, BTCUSDT, 3549271473, 93729.95, 0.47605,1745576653753,False
1745576657517, BTCUSDT, 3549271552, 93742.67, 0.55015,1745576657516,True
1745576662197, BTCUSDT, 3549271616, 93732.78, 0.26671,1745576662196,False
1745576664077, BTCUSDT, 3549271625, 93732.78, 0.16827,1745576664077,False
1745576700390, BTCUSDT, 3549271780, 93749.05, 1.35296,1745576700389,True
1745576718687, BTCUSDT, 3549271950, 93749.05, 0.18899,1745576718687,False
1745576718689, BTCUSDT, 3549271956, 93749.05, 0.1789,1745576718689,False
1745576718690, BTCUSDT, 3549271957, 93749.05, 0.40225,1745576718689,False
1745576749861, BTCUSDT, 3549272120, 93753.9, 0.16881,1745576749860,True
1745576787439, BTCUSDT, 3549272284, 93740.06, 0.17024,1745576787438,True
1745576787916, BTCUSDT, 3549272320, 93730.0, 0.19439,1745576787916,True
1745576827274, BTCUSDT, 3549272483, 93718.86, 0.18726,1745576827273,True
1745576834254, BTCUSDT, 3549272512, 93718.86, 0.56255,1745576834254,True
1745576839596, BTCUSDT, 3549272527, 93718.87, 0.1656,1745576839588,False
1745576839688, BTCUSDT, 3549272530, 93718.87, 0.17638,1745576839688,False
1745576848004, BTCUSDT, 3549272583, 93711.78, 0.72048,1745576848003,True
1745576870961, BTCUSDT, 3549272674, 93701.87, 0.1708,1745576870951,True
1745576870973, BTCUSDT, 3549272679, 93701.87, 0.18379,1745576870956,True
1745576895254, BTCUSDT, 3549272862, 93682.54, 0.86696,1745576895253,True
1745576913835, BTCUSDT, 3549273037, 93681.79, 0.46442,1745576913833,False
1745576938371, BTCUSDT, 3549273145, 93685.04, 0.21346,1745576938370,False
1745576938427, BTCUSDT, 3549273149, 93685.04, 0.25305,1745576938426,False
1745576938427, BTCUSDT, 3549273150, 93685.04, 0.25305,1745576938426,False
1745576944434, BTCUSDT, 3549273219, 93688.07, 0.30296,1745576944433,False
1745576971722, BTCUSDT, 3549273341, 93688.06, 0.52864,1745576971721,True
1745576980267, BTCUSDT, 3549273373, 93687.37, 0.71236,1745576980266,True
1745576980282, BTCUSDT, 3549273412, 93677.31, 0.18826,1745576980275,True
1745576986879, BTCUSDT, 3549273483, 93666.67, 0.38612,1745576986878,False
1745576992075, BTCUSDT, 3549273507, 93676.04, 0.47977,1745576992074,False
1745576992300, BTCUSDT, 3549273564, 93690.09, 0.21273,1745576992300,True
1745577019347, BTCUSDT, 3549273711, 93671.88, 0.19284,1745577019342,True
1745577019375, BTCUSDT, 3549273719, 93670.89, 0.47396,1745577019370,True
1745577034123, BTCUSDT, 3549273778, 93669.32, 0.22939,1745577034122,False
1745577042050, BTCUSDT, 3549273810, 93668.27, 0.16552,1745577042049,False
1745577044546, BTCUSDT, 3549273869, 93687.31, 0.4239,1745577044545,False
1745577044579, BTCUSDT, 3549273907, 93694.99, 0.18503,1745577044564,False
1745577044598, BTCUSDT, 3549273917, 93695.0, 0.1708,1745577044577,False
1745577056794, BTCUSDT, 3549274053, 93724.79, 0.22408,1745577056793,False
1745577062092, BTCUSDT, 3549274130, 93737.89, 0.16677,1745577062092,True
1745577067485, BTCUSDT, 3549274147, 93737.9, 0.4,1745577067484,False
1745577069727, BTCUSDT, 3549274153, 93737.9, 0.2,1745577069727,False
1745577071551, BTCUSDT, 3549274162, 93737.9, 0.3701,1745577071547,False
1745577090111, BTCUSDT, 3549274275, 93725.28, 1.19414,1745577090110,True
1745577096263, BTCUSDT, 3549274309, 93724.77, 0.70703,1745577096262,True
1745577121428, BTCUSDT, 3549274377, 93724.77, 0.18529,1745577121427,True
1745577131334, BTCUSDT, 3549274427, 93720.23, 0.67571,1745577131333,True
1745577146046, BTCUSDT, 3549274489, 93724.78, 0.3248,1745577146045,True
1745577146046, BTCUSDT, 3549274490, 93724.78, 0.21343,1745577146045,True
1745577146354, BTCUSDT, 3549274511, 93718.45, 0.21395,1745577146353,True
1745577146759, BTCUSDT, 3549274518, 93716.98, 0.23714,1745577146758,True
1745577146759, BTCUSDT, 3549274523, 93716.62, 0.24949,1745577146758,True
1745577146760, BTCUSDT, 3549274526, 93716.61, 0.3479,1745577146759,True
1745577146760, BTCUSDT, 3549274528, 93716.61, 0.16542,1745577146759,True
1745577155915, BTCUSDT, 3549274617, 93714.07, 0.28783,1745577155914,False
1745577155941, BTCUSDT, 3549274634, 93723.44, 0.47423,1745577155941,False
1745577156065, BTCUSDT, 3549274640, 93724.79, 0.17265,1745577156064,False
1745577156065, BTCUSDT, 3549274663, 93735.22, 0.21381,1745577156064,False
1745577163203, BTCUSDT, 3549274680, 93735.23, 0.53341,1745577163202,True
1745577201856, BTCUSDT, 3549274857, 93706.0, 0.42983,1745577201856,False
1745577211519, BTCUSDT, 3549274951, 93709.06, 0.21306,1745577211518,True
1745577213816, BTCUSDT, 3549274957, 93708.78, 0.16413,1745577213815,True
1745577220587, BTCUSDT, 3549275006, 93700.88, 0.81055,1745577220583,True
1745577220757, BTCUSDT, 3549275025, 93694.82, 0.25931,1745577220756,True
1745577220757, BTCUSDT, 3549275028, 93694.36, 0.5158,1745577220756,True
1745577222728, BTCUSDT, 3549275044, 93692.72, 0.17299,1745577222723,True
1745577222747, BTCUSDT, 3549275056, 93692.4, 0.33339,1745577222732,True
1745577235251, BTCUSDT, 3549275109, 93688.89, 0.49869,1745577235245,False
1745577235251, BTCUSDT, 3549275111, 93688.9, 0.2031,1745577235245,False
1745577243505, BTCUSDT, 3549275148, 93697.4, 0.4934,1745577243504,True
1745577243505, BTCUSDT, 3549275149, 93697.4, 1.52799,1745577243504,True
1745577243505, BTCUSDT, 3549275150, 93697.4, 0.25581,1745577243504,True
1745577243505, BTCUSDT, 3549275151, 93697.4, 0.83025,1745577243504,True
1745577243506, BTCUSDT, 3549275153, 93697.4, 0.18589,1745577243505,True
1745577243506, BTCUSDT, 3549275155, 93697.4, 1.35215,1745577243505,True
1745577243506, BTCUSDT, 3549275156, 93697.4, 0.34364,1745577243505,True
1745577243506, BTCUSDT, 3549275157, 93697.4, 0.34482,1745577243505,True
1745577243507, BTCUSDT, 3549275158, 93697.4, 1.84816,1745577243505,True
1745577243507, BTCUSDT, 3549275168, 93695.75, 0.60766,1745577243505,True
1745577243508, BTCUSDT, 3549275183, 93688.88, 0.54779,1745577243506,True
1745577263717, BTCUSDT, 3549275381, 93695.22, 0.42768,1745577263716,True
1745577270383, BTCUSDT, 3549275400, 93695.12, 0.42574,1745577270382,False
1745577273615, BTCUSDT, 3549275434, 93707.31, 0.34076,1745577273615,True
1745577298069, BTCUSDT, 3549275502, 93707.32, 0.16007,1745577298068,False
1745577304753, BTCUSDT, 3549275518, 93707.32, 0.22972,1745577304753,False
1745577304754, BTCUSDT, 3549275522, 93707.32, 0.27924,1745577304753,False
1745577318799, BTCUSDT, 3549275630, 93717.18, 0.20397,1745577318799,False
1745577329102, BTCUSDT, 3549275666, 93714.58, 1.98469,1745577329102,False
1745577345883, BTCUSDT, 3549275792, 93697.75, 0.66277,1745577345882,True
1745577347572, BTCUSDT, 3549275847, 93689.71, 0.16927,1745577347572,True
1745577347651, BTCUSDT, 3549275853, 93687.93, 0.30829,1745577347650,True
1745577347699, BTCUSDT, 3549275879, 93681.01, 0.33283,1745577347698,True
1745577353817, BTCUSDT, 3549275938, 93675.55, 0.16232,1745577353816,True
1745577355186, BTCUSDT, 3549275975, 93666.67, 0.21031,1745577355184,True
1745577355186, BTCUSDT, 3549275985, 93664.99, 0.21387,1745577355184,True
1745577355186, BTCUSDT, 3549275989, 93664.97, 0.22021,1745577355184,True
1745577355187, BTCUSDT, 3549275990, 93664.97, 0.1849,1745577355185,True
1745577357690, BTCUSDT, 3549276062, 93674.34, 0.2,1745577357690,True
1745577360376, BTCUSDT, 3549276068, 93674.34, 0.54183,1745577360376,True
1745577369065, BTCUSDT, 3549276093, 93674.34, 0.62553,1745577369062,True
1745577369065, BTCUSDT, 3549276094, 93674.34, 0.62586,1745577369062,True
1745577369073, BTCUSDT, 3549276097, 93674.34, 0.46802,1745577369066,True
1745577373470, BTCUSDT, 3549276147, 93663.51, 1.40028,1745577373469,False
1745577381234, BTCUSDT, 3549276169, 93663.5, 0.99581,1745577381215,True
1745577383161, BTCUSDT, 3549276198, 93663.0, 0.4968,1745577383160,True
1745577383161, BTCUSDT, 3549276206, 93662.27, 0.21019,1745577383160,True
1745577383161, BTCUSDT, 3549276211, 93661.92, 0.18909,1745577383160,True
1745577383717, BTCUSDT, 3549276213, 93661.93, 1.05023,1745577383716,False
1745577390044, BTCUSDT, 3549276238, 93661.93, 3.1508,1745577390043,False
1745577402429, BTCUSDT, 3549276298, 93663.51, 0.73859,1745577402428,False
1745577403053, BTCUSDT, 3549276302, 93663.5, 0.94507,1745577403038,True
1745577424491, BTCUSDT, 3549276415, 93663.5, 0.45382,1745577424490,True
1745577429555, BTCUSDT, 3549276509, 93652.17, 0.75803,1745577429547,True
1745577429557, BTCUSDT, 3549276563, 93642.06, 0.55042,1745577429548,True
1745577429557, BTCUSDT, 3549276568, 93641.36, 0.495,1745577429548,True
1745577429557, BTCUSDT, 3549276571, 93640.23, 0.50464,1745577429548,True
1745577429557, BTCUSDT, 3549276577, 93639.45, 1.1,1745577429548,True
1745577429557, BTCUSDT, 3549276578, 93638.8, 0.21381,1745577429548,True
1745577429557, BTCUSDT, 3549276579, 93638.79, 0.21381,1745577429548,True
1745577429557, BTCUSDT, 3549276580, 93638.73, 0.32014,1745577429548,True
1745577429557, BTCUSDT, 3549276593, 93636.13, 1.71052,1745577429548,True
1745577429557, BTCUSDT, 3549276604, 93635.13, 1.0,1745577429548,True
1745577429557, BTCUSDT, 3549276606, 93634.96, 0.21381,1745577429548,True
1745577429557, BTCUSDT, 3549276608, 93634.69, 0.72738,1745577429548,True
1745577429557, BTCUSDT, 3549276609, 93634.68, 0.21381,1745577429548,True
1745577429557, BTCUSDT, 3549276611, 93633.73, 0.80036,1745577429548,True
1745577429557, BTCUSDT, 3549276619, 93631.97, 0.495,1745577429548,True
1745577429557, BTCUSDT, 3549276621, 93631.35, 0.64031,1745577429548,True
1745577429557, BTCUSDT, 3549276623, 93631.16, 0.21381,1745577429548,True
1745577429557, BTCUSDT, 3549276624, 93630.83, 0.21381,1745577429548,True
1745577429557, BTCUSDT, 3549276625, 93630.49, 0.60123,1745577429548,True
1745577429656, BTCUSDT, 3549276647, 93635.55, 0.44932,1745577429633,True
1745577431632, BTCUSDT, 3549276677, 93628.76, 0.55423,1745577431632,True
1745577437191, BTCUSDT, 3549276697, 93628.77, 0.34915,1745577437190,False
1745577437191, BTCUSDT, 3549276698, 93628.77, 0.2699,1745577437191,False
1745577437197, BTCUSDT, 3549276734, 93639.52, 0.16209,1745577437195,False
1745577437197, BTCUSDT, 3549276738, 93639.72, 0.32,1745577437195,False
1745577437226, BTCUSDT, 3549276777, 93646.87, 0.32,1745577437213,False
1745577447992, BTCUSDT, 3549276879, 93640.66, 0.65355,1745577447991,True
1745577450519, BTCUSDT, 3549276899, 93636.85, 0.62017,1745577450519,True
1745577454871, BTCUSDT, 3549276920, 93635.16, 0.64365,1745577454870,True
1745577454875, BTCUSDT, 3549276921, 93635.16, 0.21641,1745577454874,True
1745577462217, BTCUSDT, 3549276951, 93635.16, 0.56734,1745577462217,True
1745577462542, BTCUSDT, 3549276954, 93635.17, 0.2342,1745577462541,False
1745577465504, BTCUSDT, 3549276970, 93635.16, 0.21141,1745577465503,True
1745577465504, BTCUSDT, 3549276974, 93635.16, 0.23751,1745577465504,True
1745577465505, BTCUSDT, 3549276976, 93635.16, 0.26521,1745577465504,True
1745577465505, BTCUSDT, 3549276977, 93635.16, 0.26233,1745577465504,True
1745577465505, BTCUSDT, 3549276978, 93635.16, 0.23781,1745577465505,True
1745577465506, BTCUSDT, 3549276981, 93635.16, 0.286,1745577465505,True
1745577465507, BTCUSDT, 3549276986, 93635.16, 0.41326,1745577465506,True
1745577466791, BTCUSDT, 3549277013, 93635.16, 0.1708,1745577466790,True
1745577466792, BTCUSDT, 3549277014, 93635.16, 2.83442,1745577466790,True
1745577466803, BTCUSDT, 3549277016, 93635.16, 0.23452,1745577466803,True
1745577466807, BTCUSDT, 3549277018, 93635.16, 0.19796,1745577466806,True
1745577466842, BTCUSDT, 3549277021, 93635.16, 0.1682,1745577466841,True
1745577466854, BTCUSDT, 3549277023, 93635.16, 0.35707,1745577466854,True
1745577466856, BTCUSDT, 3549277027, 93635.16, 0.3104,1745577466854,True
1745577466856, BTCUSDT, 3549277029, 93635.16, 0.8994,1745577466854,True
1745577466856, BTCUSDT, 3549277030, 93635.16, 0.50131,1745577466854,True
1745577466856, BTCUSDT, 3549277031, 93635.16, 0.41441,1745577466855,True
1745577466856, BTCUSDT, 3549277032, 93635.16, 1.22177,1745577466855,True
1745577466856, BTCUSDT, 3549277033, 93635.16, 0.27395,1745577466855,True
1745577466856, BTCUSDT, 3549277034, 93635.16, 1.15921,1745577466855,True
1745577466857, BTCUSDT, 3549277063, 93628.25, 0.29333,1745577466855,True
1745577476580, BTCUSDT, 3549277235, 93605.76, 0.26707,1745577476580,False
1745577476684, BTCUSDT, 3549277236, 93605.76, 0.26707,1745577476683,False
1745577478528, BTCUSDT, 3549277241, 93605.76, 1.50021,1745577478525,False
1745577481516, BTCUSDT, 3549277338, 93619.36, 0.16791,1745577481516,True
1745577482179, BTCUSDT, 3549277363, 93612.34, 0.70504,1745577482178,True
1745577489999, BTCUSDT, 3549277441, 93619.36, 0.22514,1745577489998,True
1745577495486, BTCUSDT, 3549277461, 93619.36, 0.17869,1745577495486,True
1745577512642, BTCUSDT, 3549277626, 93636.85, 0.999,1745577512642,True
1745577515487, BTCUSDT, 3549277712, 93652.17, 0.17248,1745577515486,True
1745577536443, BTCUSDT, 3549277949, 93606.15, 3.01658,1745577536443,True
1745577538065, BTCUSDT, 3549277952, 93606.15, 3.01659,1745577538065,True
1745577540933, TAOUSDT, 34075225, 363.9, 61.2067,1745577540932,True
1745577561245, BTCUSDT, 3549278092, 93600.01, 2.3487,1745577561245,False
1745577564599, BTCUSDT, 3549278098, 93600.0, 1.0,1745577564598,True
1745577589266, BTCUSDT, 3549278238, 93607.49, 2.06194,1745577589265,True
1745577624347, BTCUSDT, 3549278448, 93624.68, 0.19764,1745577624345,False
1745577624352, BTCUSDT, 3549278502, 93638.42, 0.29277,1745577624347,False
1745577624557, BTCUSDT, 3549278540, 93644.0, 0.2641,1745577624506,False
1745577624557, BTCUSDT, 3549278541, 93644.0, 0.2641,1745577624506,False
1745577634686, BTCUSDT, 3549278641, 93662.21, 0.2002,1745577634686,True
1745577645991, BTCUSDT, 3549278707, 93660.59, 0.1821,1745577645990,False
1745577660894, BTCUSDT, 3549278805, 93649.54, 0.17422,1745577660892,True
1745577660894, BTCUSDT, 3549278812, 93648.05, 0.7046,1745577660892,True
1745577660894, BTCUSDT, 3549278815, 93646.36, 0.32988,1745577660892,True
1745577660894, BTCUSDT, 3549278816, 93646.13, 0.25726,1745577660892,True
1745577660894, BTCUSDT, 3549278820, 93644.51, 0.23782,1745577660892,True
1745577660894, BTCUSDT, 3549278827, 93643.35, 0.375,1745577660892,True
1745577660894, BTCUSDT, 3549278836, 93640.22, 0.41812,1745577660892,True
1745577660894, BTCUSDT, 3549278849, 93638.68, 0.21381,1745577660892,True
1745577660894, BTCUSDT, 3549278850, 93638.63, 0.21381,1745577660892,True
1745577660894, BTCUSDT, 3549278862, 93635.72, 0.49308,1745577660892,True
1745577666647, BTCUSDT, 3549278885, 93635.73, 0.30167,1745577666647,False
1745577667634, BTCUSDT, 3549278917, 93651.08, 0.21381,1745577667619,False
1745577667673, BTCUSDT, 3549278920, 93652.18, 0.75866,1745577667665,False
1745577673269, BTCUSDT, 3549278947, 93658.18, 0.22397,1745577673268,False
1745577673449, BTCUSDT, 3549278961, 93662.22, 0.24764,1745577673448,False
1745577723030, BTCUSDT, 3549279180, 93659.18, 0.74995,1745577723030,False
1745577725834, BTCUSDT, 3549279190, 93659.17, 0.74995,1745577725833,True
1745577728758, BTCUSDT, 3549279233, 93651.19, 0.75001,1745577728758,False
1745577731102, BTCUSDT, 3549279263, 93644.02, 0.75001,1745577731101,True
1745577734043, BTCUSDT, 3549279270, 93644.02, 0.22132,1745577734042,True
1745577734043, BTCUSDT, 3549279272, 93644.02, 0.44976,1745577734042,True
1745577734132, BTCUSDT, 3549279287, 93640.01, 0.75004,1745577734131,False
1745577738547, BTCUSDT, 3549279319, 93634.95, 0.75004,1745577738546,True
1745577741478, BTCUSDT, 3549279332, 93634.96, 0.75004,1745577741478,False
1745577743825, BTCUSDT, 3549279343, 93634.96, 0.48083,1745577743824,False
1745577743826, BTCUSDT, 3549279344, 93634.96, 0.25531,1745577743825,False
1745577743826, BTCUSDT, 3549279347, 93634.96, 0.1656,1745577743825,False
1745577743826, BTCUSDT, 3549279348, 93634.96, 0.9261,1745577743825,False
1745577744525, BTCUSDT, 3549279397, 93644.02, 0.75004,1745577744524,True
1745577749342, BTCUSDT, 3549279418, 93644.03, 0.75004,1745577749341,False
1745577752509, BTCUSDT, 3549279433, 93644.02, 0.75004,1745577752509,True
1745577752981, BTCUSDT, 3549279436, 93644.02, 0.35108,1745577752980,True
1745577752982, BTCUSDT, 3549279439, 93644.02, 0.32957,1745577752981,True
1745577752983, BTCUSDT, 3549279449, 93642.59, 0.67629,1745577752982,True
1745577755499, BTCUSDT, 3549279490, 93636.63, 0.7501,1745577755499,False
1745577757933, BTCUSDT, 3549279525, 93644.03, 0.7501,1745577757932,True
1745577758394, BTCUSDT, 3549279528, 93644.03, 0.26461,1745577758393,True
1745577759691, BTCUSDT, 3549279533, 93644.04, 0.81504,1745577759689,False
1745577759691, BTCUSDT, 3549279534, 93644.04, 0.16326,1745577759690,False
1745577759691, BTCUSDT, 3549279535, 93644.04, 0.1656,1745577759690,False
1745577759692, BTCUSDT, 3549279536, 93644.04, 0.39505,1745577759690,False
1745577769723, BTCUSDT, 3549279614, 93659.18, 0.1994,1745577769722,False
1745577769816, BTCUSDT, 3549279625, 93659.19, 0.16091,1745577769816,False
1745577769851, BTCUSDT, 3549279658, 93666.67, 0.60083,1745577769850,False
1745577773091, BTCUSDT, 3549279668, 93668.35, 0.74991,1745577773090,False
1745577775096, BTCUSDT, 3549279682, 93668.36, 0.30729,1745577775095,False
1745577775097, BTCUSDT, 3549279685, 93668.36, 0.38954,1745577775097,False
1745577776404, BTCUSDT, 3549279795, 93694.2, 0.74991,1745577776404,True
1745577781258, BTCUSDT, 3549279858, 93700.71, 0.20996,1745577781258,False
1745577783447, BTCUSDT, 3549279868, 93700.7, 0.20996,1745577783446,True
1745577790939, BTCUSDT, 3549279890, 93700.7, 0.16536,1745577790934,True
1745577790941, BTCUSDT, 3549279891, 93700.7, 0.16458,1745577790934,True
1745577790944, BTCUSDT, 3549279893, 93700.7, 0.25784,1745577790936,True
1745577790946, BTCUSDT, 3549279894, 93700.7, 0.45483,1745577790937,True
1745577790948, BTCUSDT, 3549279895, 93700.7, 0.30678,1745577790938,True
1745577790948, BTCUSDT, 3549279896, 93700.7, 1.07606,1745577790938,True
1745577790948, BTCUSDT, 3549279897, 93700.7, 0.30811,1745577790938,True
1745577790967, BTCUSDT, 3549279898, 93700.7, 0.16719,1745577790948,True
1745577790967, BTCUSDT, 3549279899, 93700.7, 0.50008,1745577790948,True
1745577790974, BTCUSDT, 3549279901, 93700.69, 0.18371,1745577790952,True
1745577790976, BTCUSDT, 3549279903, 93700.69, 0.41861,1745577790953,True
1745577803538, BTCUSDT, 3549280021, 93678.26, 0.18004,1745577803538,False
1745577814830, BTCUSDT, 3549280061, 93678.25, 0.43191,1745577814829,True
1745577880254, BTCUSDT, 3549280284, 93676.59, 0.41419,1745577880254,False
1745577907335, BTCUSDT, 3549280391, 93676.59, 0.28312,1745577907335,False
1745577913675, BTCUSDT, 3549280446, 93676.61, 0.19674,1745577913674,False
1745577913688, BTCUSDT, 3549280466, 93683.28, 0.16502,1745577913685,False
1745577913691, BTCUSDT, 3549280467, 93683.28, 0.25558,1745577913686,False
1745577917076, BTCUSDT, 3549280543, 93700.0, 0.184,1745577917075,False
1745577924090, BTCUSDT, 3549280626, 93714.29, 0.94556,1745577924089,False
1745577932078, BTCUSDT, 3549280725, 93728.74, 0.16599,1745577932078,False
1745577948555, BTCUSDT, 3549280823, 93726.08, 0.2,1745577948555,False
1745577968272, BTCUSDT, 3549280913, 93720.62, 0.55851,1745577968271,False
1745577968400, BTCUSDT, 3549280934, 93726.08, 0.34896,1745577968399,False
1745577981763, BTCUSDT, 3549280999, 93730.41, 0.65876,1745577981762,False
1745577983417, BTCUSDT, 3549281036, 93735.48, 0.23558,1745577983417,False
1745577994424, BTCUSDT, 3549281166, 93746.74, 0.17253,1745577994424,True
1745578026532, BTCUSDT, 3549281434, 93737.37, 0.17389,1745578026531,True
1745578026533, BTCUSDT, 3549281443, 93735.56, 0.70394,1745578026532,True
1745578026905, BTCUSDT, 3549281510, 93719.33, 0.70424,1745578026904,True
1745578029314, BTCUSDT, 3549281559, 93707.93, 0.70439,1745578029313,True
1745578070808, BTCUSDT, 3549281713, 93702.22, 0.40041,1745578070805,True
1745578078152, BTCUSDT, 3549281816, 93702.23, 0.48271,1745578078151,False
1745578093208, BTCUSDT, 3549281942, 93701.42, 0.635,1745578093208,False
1745578132448, BTCUSDT, 3549282336, 93660.56, 0.5,1745578132447,True
1745578151421, BTCUSDT, 3549282447, 93653.93, 0.2073,1745578151421,False
1745578151955, BTCUSDT, 3549282481, 93647.58, 0.7075,1745578151954,True
1745578152342, BTCUSDT, 3549282529, 93636.0, 0.31699,1745578152341,True
1745578152342, BTCUSDT, 3549282530, 93636.0, 0.26867,1745578152341,True
1745578152347, BTCUSDT, 3549282531, 93636.0, 0.37206,1745578152345,True
1745578152487, BTCUSDT, 3549282539, 93635.41, 0.20257,1745578152486,True
1745578181605, BTCUSDT, 3549282747, 93612.23, 1.06382,1745578181604,False
1745578182362, BTCUSDT, 3549282751, 93612.23, 1.06382,1745578182361,False
1745578182813, BTCUSDT, 3549282755, 93612.22, 0.5,1745578182813,True
1745578184167, BTCUSDT, 3549282759, 93612.23, 1.06382,1745578184166,False
1745578186412, BTCUSDT, 3549282765, 93612.22, 0.49249,1745578186412,True
1745578194829, BTCUSDT, 3549282788, 93612.22, 1.975,1745578194828,True
1745578211388, BTCUSDT, 3549282846, 93612.23, 0.28043,1745578211385,False
1745578211439, BTCUSDT, 3549282854, 93612.23, 0.34074,1745578211431,False
1745578219390, BTCUSDT, 3549282916, 93613.98, 0.55,1745578219389,True
1745578229666, BTCUSDT, 3549282964, 93616.49, 1.81665,1745578229665,True
1745578229669, BTCUSDT, 3549282976, 93614.94, 0.28875,1745578229668,True
1745578229669, BTCUSDT, 3549282979, 93614.94, 0.17158,1745578229668,True
1745578246432, BTCUSDT, 3549283100, 93604.87, 1.00919,1745578246431,True
1745578246432, BTCUSDT, 3549283102, 93604.87, 0.46878,1745578246431,True
1745578246432, BTCUSDT, 3549283103, 93604.87, 0.46991,1745578246432,True
1745578246432, BTCUSDT, 3549283104, 93604.87, 0.41574,1745578246432,True
1745578246433, BTCUSDT, 3549283108, 93604.87, 0.48772,1745578246433,True
1745578246433, BTCUSDT, 3549283109, 93604.87, 0.44381,1745578246433,True
1745578246435, BTCUSDT, 3549283110, 93604.87, 0.51465,1745578246433,True
1745578246435, BTCUSDT, 3549283134, 93600.0, 1.31382,1745578246433,True
1745578283169, BTCUSDT, 3549283510, 93624.31, 0.33715,1745578283169,False
1745578342244, BTCUSDT, 3549283740, 93619.97, 1.8606,1745578342243,True
1745578353555, BTCUSDT, 3549283853, 93609.29, 0.65885,1745578353554,True
1745578370170, BTCUSDT, 3549283927, 93607.64, 1.30749,1745578370170,True
1745578375461, BTCUSDT, 3549283956, 93605.06, 0.70492,1745578375459,True
1745578375463, BTCUSDT, 3549283977, 93601.45, 0.29052,1745578375460,True
1745578375463, BTCUSDT, 3549283983, 93598.27, 0.49507,1745578375460,True
1745578375501, BTCUSDT, 3549284054, 93590.0, 0.191,1745578375480,True
1745578375722, BTCUSDT, 3549284075, 93583.93, 0.21714,1745578375721,False
1745578375724, BTCUSDT, 3549284076, 93583.93, 0.37241,1745578375723,False
1745578375867, BTCUSDT, 3549284110, 93592.8, 0.46887,1745578375866,False
1745578375985, BTCUSDT, 3549284125, 93598.88, 0.46904,1745578375984,False
1745578385116, BTCUSDT, 3549284170, 93603.99, 1.20555,1745578385114,True
1745578385116, BTCUSDT, 3549284171, 93603.99, 0.1739,1745578385114,True
1745578385117, BTCUSDT, 3549284172, 93603.99, 0.62166,1745578385115,True
1745578385117, BTCUSDT, 3549284178, 93603.1, 0.6453,1745578385115,True
1745578385117, BTCUSDT, 3549284183, 93602.45, 0.69189,1745578385115,True
1745578385117, BTCUSDT, 3549284185, 93602.45, 0.48598,1745578385115,True
1745578396725, BTCUSDT, 3549284292, 93586.78, 0.495,1745578396720,True
1745578396725, BTCUSDT, 3549284309, 93582.7, 0.70503,1745578396721,True
1745578406932, BTCUSDT, 3549284366, 93590.0, 0.584,1745578406931,False
1745578406935, BTCUSDT, 3549284388, 93593.4, 0.21718,1745578406933,False
1745578406947, BTCUSDT, 3549284399, 93593.4, 0.17105,1745578406944,False
1745578439816, BTCUSDT, 3549284695, 93642.59, 0.18303,1745578439815,True
1745578460898, BTCUSDT, 3549284819, 93625.85, 0.87836,1745578460897,False
1745578493843, BTCUSDT, 3549284980, 93622.66, 0.16092,1745578493843,True
1745578508583, BTCUSDT, 3549285031, 93622.67, 0.38344,1745578508579,False
1745578521776, BTCUSDT, 3549285108, 93618.61, 0.20562,1745578521775,False
1745578550607, BTCUSDT, 3549285231, 93616.31, 0.26049,1745578550606,False
1745578550607, BTCUSDT, 3549285255, 93622.68, 0.26965,1745578550606,False
1745578571769, BTCUSDT, 3549285453, 93652.99, 1.0,1745578571769,True
1745578614210, BTCUSDT, 3549285636, 93659.75, 0.19398,1745578614210,False
1745578617665, BTCUSDT, 3549285650, 93659.75, 0.22943,1745578617664,True
1745578620053, BTCUSDT, 3549285662, 93659.75, 0.3978,1745578620051,True
1745578644487, BTCUSDT, 3549285819, 93640.2, 0.1656,1745578644485,False
1745578661712, BTCUSDT, 3549285885, 93648.65, 0.25579,1745578661711,False
1745578668222, BTCUSDT, 3549285901, 93648.66, 0.19751,1745578668221,False
1745578680735, BTCUSDT, 3549285929, 93648.65, 1.29666,1745578680734,True
1745578680735, BTCUSDT, 3549285930, 93648.64, 0.19925,1745578680734,True
1745578680735, BTCUSDT, 3549285934, 93648.46, 0.3057,1745578680734,True
1745578680735, BTCUSDT, 3549285935, 93648.45, 0.57525,1745578680734,True
1745578702465, BTCUSDT, 3549286027, 93641.05, 0.21407,1745578702460,False
1745578702550, BTCUSDT, 3549286042, 93648.66, 1.27734,1745578702549,False
1745578702553, BTCUSDT, 3549286047, 93648.66, 1.1818,1745578702551,False
1745578702696, BTCUSDT, 3549286070, 93659.27, 0.22526,1745578702695,False
1745578705117, BTCUSDT, 3549286099, 93666.67, 0.19222,1745578705116,False
1745578755149, BTCUSDT, 3549286377, 93638.76, 2.79239,1745578755147,True
1745578755149, BTCUSDT, 3549286386, 93638.11, 0.28813,1745578755147,True
1745578755149, BTCUSDT, 3549286387, 93638.1, 0.19203,1745578755147,True
1745578755149, BTCUSDT, 3549286391, 93637.55, 0.70467,1745578755147,True
1745578755149, BTCUSDT, 3549286405, 93634.1, 0.21387,1745578755147,True
1745578755149, BTCUSDT, 3549286409, 93632.65, 0.2833,1745578755147,True
1745578755149, BTCUSDT, 3549286410, 93632.64, 0.21381,1745578755147,True
1745578755149, BTCUSDT, 3549286417, 93631.29, 0.29187,1745578755147,True
1745578755149, BTCUSDT, 3549286421, 93630.33, 0.21381,1745578755147,True
1745578755149, BTCUSDT, 3549286431, 93628.75, 0.21381,1745578755147,True
1745578755149, BTCUSDT, 3549286436, 93627.76, 0.52405,1745578755147,True
1745578755149, BTCUSDT, 3549286440, 93626.43, 1.11933,1745578755147,True
1745578755149, BTCUSDT, 3549286441, 93626.42, 1.71052,1745578755147,True
1745578755149, BTCUSDT, 3549286442, 93626.41, 0.21381,1745578755147,True
1745578755149, BTCUSDT, 3549286444, 93626.21, 0.495,1745578755147,True
1745578755149, BTCUSDT, 3549286448, 93624.97, 0.21381,1745578755147,True
1745578755149, BTCUSDT, 3549286461, 93622.5, 0.21381,1745578755147,True
1745578755149, BTCUSDT, 3549286462, 93622.36, 0.80108,1745578755147,True
1745578755149, BTCUSDT, 3549286466, 93621.29, 0.7688,1745578755147,True
1745578755149, BTCUSDT, 3549286468, 93620.84, 1.14714,1745578755147,True
1745578755149, BTCUSDT, 3549286469, 93620.83, 0.80108,1745578755147,True
1745578755149, BTCUSDT, 3549286473, 93619.55, 1.0,1745578755147,True
1745578755149, BTCUSDT, 3549286476, 93619.15, 0.21381,1745578755147,True
1745578755149, BTCUSDT, 3549286477, 93619.14, 0.80108,1745578755147,True
1745578755149, BTCUSDT, 3549286478, 93619.05, 1.25137,1745578755147,True
1745578764281, BTCUSDT, 3549286504, 93619.06, 0.27188,1745578764280,False
1745578794310, BTCUSDT, 3549286618, 93623.7, 0.22044,1745578794309,False
1745578800167, BTCUSDT, 3549286657, 93634.02, 0.17912,1745578800165,False
1745578800173, BTCUSDT, 3549286685, 93640.17, 0.35108,1745578800168,False
1745578800240, BTCUSDT, 3549286731, 93648.25, 0.46834,1745578800218,False
1745578813399, BTCUSDT, 3549286857, 93666.65, 0.22874,1745578813398,False
1745578819637, BTCUSDT, 3549286940, 93681.42, 0.36474,1745578819637,False
1745578849468, BTCUSDT, 3549287129, 93699.94, 1.0,1745578849468,True
1745578855004, BTCUSDT, 3549287150, 93700.0, 0.2451,1745578855004,False
1745578857799, BTCUSDT, 3549287165, 93700.0, 0.17777,1745578857799,False
1745578857802, BTCUSDT, 3549287177, 93701.42, 0.32,1745578857801,False
1745578857806, BTCUSDT, 3549287178, 93701.42, 1.65186,1745578857804,False
1745578871818, BTCUSDT, 3549287257, 93708.62, 0.43184,1745578871817,True
1745578871819, BTCUSDT, 3549287258, 93708.62, 0.19325,1745578871818,True
1745578871821, BTCUSDT, 3549287279, 93701.14, 0.28973,1745578871820,True
1745578875641, BTCUSDT, 3549287299, 93700.0, 0.32,1745578875640,False
1745578875644, BTCUSDT, 3549287303, 93700.0, 0.28855,1745578875643,False
1745578912276, BTCUSDT, 3549287522, 93724.0, 0.34142,1745578912275,False
1745578922450, BTCUSDT, 3549287612, 93726.46, 0.183,1745578922449,False
1745578938096, BTCUSDT, 3549287704, 93726.46, 0.32,1745578938096,False
1745578955710, BTCUSDT, 3549287805, 93735.83, 2.34605,1745578955710,True
1745578962792, BTCUSDT, 3549287834, 93735.83, 0.1656,1745578962791,True
1745578962794, BTCUSDT, 3549287835, 93735.83, 1.0296,1745578962793,True
1745578980393, TAOUSDT, 34076529, 366.8, 61.4372,1745578980392,False
1745578980395, TAOUSDT, 34076542, 366.8, 257.2606,1745578980394,False
1745578999549, BTCUSDT, 3549287976, 93731.15, 0.21337,1745578999548,False
1745579009474, BTCUSDT, 3549288020, 93731.15, 5.65,1745579009473,False
1745579009477, BTCUSDT, 3549288021, 93731.15, 2.31817,1745579009476,False
1745579040039, BTCUSDT, 3549288278, 93755.01, 0.8,1745579040039,False
1745579049428, BTCUSDT, 3549288315, 93755.0, 0.62757,1745579049427,True
1745579065027, BTCUSDT, 3549288423, 93761.91, 0.47574,1745579065024,False
1745579068325, BTCUSDT, 3549288560, 93786.11, 3.04525,1745579068324,False
1745579091653, BTCUSDT, 3549288690, 93782.8, 0.29761,1745579091652,True
1745579095816, BTCUSDT, 3549288728, 93779.75, 0.16713,1745579095815,True
1745579097408, BTCUSDT, 3549288753, 93775.55, 2.0,1745579097408,False
1745579101840, BTCUSDT, 3549288768, 93775.54, 0.2152,1745579101840,True
1745579104703, BTCUSDT, 3549288785, 93775.54, 0.7458,1745579104702,True
1745579106450, BTCUSDT, 3549288842, 93763.79, 0.24525,1745579106449,False
1745579117450, BTCUSDT, 3549288881, 93763.79, 4.42,1745579117449,False
1745579123047, BTCUSDT, 3549288889, 93763.79, 0.35,1745579123046,False
1745579178028, BTCUSDT, 3549289096, 93768.49, 0.53299,1745579178027,True
1745579218501, BTCUSDT, 3549289233, 93768.5, 0.72061,1745579218500,False
1745579241535, BTCUSDT, 3549289359, 93782.61, 0.6,1745579241535,False
1745579251005, BTCUSDT, 3549289391, 93782.61, 0.58006,1745579251003,False
1745579251326, BTCUSDT, 3549289511, 93808.0, 0.192,1745579251326,False
1745579252238, BTCUSDT, 3549289613, 93827.23, 0.3698,1745579252238,True
1745579261245, BTCUSDT, 3549289676, 93832.96, 0.21314,1745579261244,False
1745579267292, BTCUSDT, 3549289705, 93832.95, 0.19753,1745579267292,True
1745579270440, BTCUSDT, 3549289719, 93832.96, 0.44157,1745579270440,False
1745579274807, BTCUSDT, 3549289746, 93832.95, 0.16153,1745579274806,True
1745579274807, BTCUSDT, 3549289747, 93832.95, 0.28666,1745579274807,True
1745579297704, BTCUSDT, 3549289913, 93832.96, 0.47,1745579297703,False
1745579298165, BTCUSDT, 3549289915, 93832.95, 0.16037,1745579298163,True
1745579298165, BTCUSDT, 3549289916, 93832.95, 0.31771,1745579298163,True
1745579298165, BTCUSDT, 3549289917, 93832.95, 0.83019,1745579298163,True
1745579298165, BTCUSDT, 3549289918, 93832.95, 0.26248,1745579298164,True
1745579298165, BTCUSDT, 3549289919, 93832.95, 1.54384,1745579298164,True
1745579298165, BTCUSDT, 3549289922, 93832.95, 1.1055,1745579298164,True
1745579298166, BTCUSDT, 3549289923, 93832.95, 0.33415,1745579298164,True
1745579298166, BTCUSDT, 3549289924, 93832.95, 0.33419,1745579298164,True
1745579298166, BTCUSDT, 3549289925, 93832.95, 1.30641,1745579298164,True
1745579298167, BTCUSDT, 3549289926, 93832.95, 2.39747,1745579298164,True
1745579298167, BTCUSDT, 3549289928, 93832.95, 0.16,1745579298165,True
1745579298168, BTCUSDT, 3549289930, 93832.95, 1.55712,1745579298165,True
1745579298168, BTCUSDT, 3549289931, 93832.95, 1.55806,1745579298166,True
1745579298169, BTCUSDT, 3549289932, 93832.95, 0.40854,1745579298166,True
1745579298169, BTCUSDT, 3549289947, 93830.58, 0.22447,1745579298166,True
1745579298169, BTCUSDT, 3549289960, 93827.55, 0.495,1745579298166,True
1745579298169, BTCUSDT, 3549289967, 93823.86, 1.0,1745579298166,True
1745579298173, BTCUSDT, 3549289981, 93820.24, 0.76717,1745579298168,True
1745579298225, BTCUSDT, 3549290012, 93814.19, 0.24,1745579298206,False
1745579298559, BTCUSDT, 3549290025, 93816.5, 1.49998,1745579298558,False
1745579298646, BTCUSDT, 3549290039, 93822.99, 0.16088,1745579298645,False
1745579301402, BTCUSDT, 3549290081, 93832.96, 0.22344,1745579301402,False
1745579314177, BTCUSDT, 3549290206, 93843.44, 0.43282,1745579314176,False
1745579315805, BTCUSDT, 3549290233, 93844.24, 0.23337,1745579315804,False
1745579339043, BTCUSDT, 3549290454, 93858.93, 0.16,1745579339042,True
1745579339050, BTCUSDT, 3549290462, 93858.93, 0.1708,1745579339046,True
1745579339053, BTCUSDT, 3549290463, 93858.93, 0.47114,1745579339047,True
1745579347117, BTCUSDT, 3549290527, 93858.94, 0.28118,1745579347115,False
1745579353003, BTCUSDT, 3549290599, 93867.12, 0.16,1745579353002,True
1745579357277, BTCUSDT, 3549290667, 93854.98, 0.70304,1745579357276,True
1745579367497, BTCUSDT, 3549290794, 93835.06, 0.16,1745579367496,True
1745579367501, BTCUSDT, 3549290796, 93835.06, 0.38723,1745579367500,True
1745579380249, BTCUSDT, 3549290928, 93820.0, 0.16,1745579380249,True
1745579394240, BTCUSDT, 3549290991, 93817.23, 0.16,1745579394240,True
1745579394245, BTCUSDT, 3549290993, 93817.23, 0.2384,1745579394243,True
1745579406063, BTCUSDT, 3549291117, 93802.13, 0.16,1745579406063,True
1745579423583, BTCUSDT, 3549291234, 93810.39, 0.1724,1745579423583,True
1745579428636, BTCUSDT, 3549291262, 93810.39, 0.16,1745579428636,True
1745579428639, BTCUSDT, 3549291265, 93810.39, 0.24763,1745579428638,True
1745579433429, BTCUSDT, 3549291319, 93799.99, 0.5162,1745579433429,False
1745579433430, BTCUSDT, 3549291320, 93799.99, 0.3905,1745579433429,False
1745579448810, BTCUSDT, 3549291444, 93809.43, 0.16474,1745579448809,True
1745579448810, BTCUSDT, 3549291457, 93807.75, 0.64592,1745579448809,True
1745579488329, BTCUSDT, 3549291639, 93809.44, 0.53315,1745579488328,False
1745579507992, BTCUSDT, 3549291766, 93826.09, 1.30809,1745579507991,False
1745579507992, BTCUSDT, 3549291767, 93826.09, 1.02927,1745579507991,False
1745579507992, BTCUSDT, 3549291768, 93826.09, 0.45481,1745579507991,False
1745579507993, BTCUSDT, 3549291769, 93826.09, 0.21554,1745579507992,False
1745579519836, BTCUSDT, 3549291891, 93838.33, 0.28572,1745579519836,True
1745579577098, BTCUSDT, 3549292143, 93838.34, 0.3034,1745579577097,False
1745579577098, BTCUSDT, 3549292165, 93845.59, 0.24134,1745579577097,False
1745579621631, BTCUSDT, 3549292397, 93865.38, 1.38106,1745579621630,False
1745579621631, BTCUSDT, 3549292398, 93865.38, 4.64745,1745579621630,False
1745579621652, BTCUSDT, 3549292454, 93874.42, 0.2917,1745579621645,False
1745579622703, BTCUSDT, 3549292543, 93892.33, 0.16983,1745579622702,False
1745579652846, BTCUSDT, 3549292688, 93900.0, 0.38872,1745579652844,False
1745579652846, BTCUSDT, 3549292689, 93900.0, 0.35091,1745579652844,False
1745579652855, BTCUSDT, 3549292691, 93900.0, 0.60614,1745579652849,False
1745579652879, BTCUSDT, 3549292750, 93909.0, 0.21522,1745579652871,False
1745579652880, BTCUSDT, 3549292769, 93912.68, 0.31982,1745579652871,False
1745579652880, BTCUSDT, 3549292780, 93914.72, 0.495,1745579652871,False
1745579652882, BTCUSDT, 3549292793, 93917.02, 0.27298,1745579652873,False
1745579652882, BTCUSDT, 3549292796, 93917.88, 0.70251,1745579652873,False
1745579657923, BTCUSDT, 3549292900, 93930.61, 1.00006,1745579657923,True
1745579658779, BTCUSDT, 3549292904, 93930.62, 0.39781,1745579658778,False
1745579658780, BTCUSDT, 3549292905, 93930.62, 0.35554,1745579658778,False
1745579658781, BTCUSDT, 3549292966, 93942.83, 0.21054,1745579658779,False
1745579658785, BTCUSDT, 3549292971, 93942.83, 0.16,1745579658780,False
1745579658813, BTCUSDT, 3549293026, 93952.0, 0.31115,1745579658796,False
1745579658813, BTCUSDT, 3549293027, 93952.2, 0.495,1745579658796,False
1745579658813, BTCUSDT, 3549293029, 93952.39, 0.21462,1745579658796,False
1745579658852, BTCUSDT, 3549293073, 93948.64, 0.17226,1745579658831,False
1745579658852, BTCUSDT, 3549293078, 93951.23, 0.17919,1745579658831,False
1745579658922, BTCUSDT, 3549293097, 93957.0, 0.36786,1745579658920,False
1745579659030, BTCUSDT, 3549293105, 93958.0, 0.91896,1745579659030,False
1745579659115, BTCUSDT, 3549293106, 93958.0, 0.21155,1745579659115,False
1745579659654, BTCUSDT, 3549293129, 93963.65, 1.38714,1745579659653,False
1745579663106, BTCUSDT, 3549293199, 93970.94, 1.62024,1745579663105,False
1745579663106, BTCUSDT, 3549293200, 93970.94, 0.38789,1745579663105,False
1745579663106, BTCUSDT, 3549293201, 93970.94, 1.81798,1745579663106,False
1745579663257, BTCUSDT, 3549293294, 93982.42, 0.20756,1745579663255,False
1745579663267, BTCUSDT, 3549293424, 93999.06, 0.16,1745579663259,False
1745579663336, BTCUSDT, 3549293443, 93999.05, 0.36941,1745579663316,True
1745579663339, BTCUSDT, 3549293445, 93999.05, 0.23,1745579663320,True
1745579663383, BTCUSDT, 3549293446, 93999.06, 0.47885,1745579663375,False
1745579663580, BTCUSDT, 3549293448, 93999.06, 1.96175,1745579663579,False
1745579663580, BTCUSDT, 3549293473, 94000.0, 0.1963,1745579663579,False
1745579663583, BTCUSDT, 3549293477, 94000.0, 0.63882,1745579663579,False
1745579663583, BTCUSDT, 3549293479, 94000.0, 0.47325,1745579663579,False
1745579664026, BTCUSDT, 3549293488, 94000.0, 0.32,1745579664025,False
1745579664026, BTCUSDT, 3549293489, 94000.0, 0.16,1745579664025,False
1745579664027, BTCUSDT, 3549293490, 94000.0, 0.30548,1745579664025,False
1745579664027, BTCUSDT, 3549293494, 94000.0, 0.95026,1745579664026,False
1745579664027, BTCUSDT, 3549293495, 94000.0, 0.17425,1745579664026,False
1745579664028, BTCUSDT, 3549293497, 94000.0, 1.26271,1745579664026,False
1745579664028, BTCUSDT, 3549293498, 94000.0, 0.34616,1745579664026,False
1745579664028, BTCUSDT, 3549293499, 94000.0, 0.3289,1745579664026,False
1745579664028, BTCUSDT, 3549293500, 94000.0, 0.23776,1745579664026,False
1745579664028, BTCUSDT, 3549293501, 94000.0, 0.23019,1745579664026,False
1745579664028, BTCUSDT, 3549293502, 94000.0, 0.43928,1745579664026,False
1745579664028, BTCUSDT, 3549293503, 94000.0, 0.31694,1745579664026,False
1745579664028, BTCUSDT, 3549293504, 94000.0, 0.51504,1745579664026,False
1745579664029, BTCUSDT, 3549293507, 94000.0, 0.19438,1745579664026,False
1745579664029, BTCUSDT, 3549293508, 94000.0, 2.82632,1745579664026,False
1745579664030, BTCUSDT, 3549293509, 94000.0, 0.22383,1745579664027,False
1745579664030, BTCUSDT, 3549293512, 94000.0, 0.36568,1745579664027,False
1745579664030, BTCUSDT, 3549293514, 94000.0, 1.95956,1745579664027,False
1745579664056, BTCUSDT, 3549293597, 94007.63, 0.5536,1745579664045,False
1745579664057, BTCUSDT, 3549293598, 94007.63, 0.23063,1745579664046,False
1745579664187, BTCUSDT, 3549293621, 94008.99, 0.24559,1745579664186,True
1745579675903, BTCUSDT, 3549293761, 94004.3, 11.26454,1745579675902,False
1745579675903, BTCUSDT, 3549293771, 94008.76, 0.45195,1745579675902,False
1745579675903, BTCUSDT, 3549293773, 94008.81, 0.50073,1745579675902,False
1745579675903, BTCUSDT, 3549293775, 94008.9, 0.25482,1745579675902,False
1745579675903, BTCUSDT, 3549293777, 94009.0, 0.45011,1745579675902,False
1745579696700, BTCUSDT, 3549293950, 94008.3, 0.65267,1745579696697,False
1745579696700, BTCUSDT, 3549293951, 94008.3, 0.87434,1745579696697,False
1745579696712, BTCUSDT, 3549293952, 94008.3, 0.80746,1745579696703,False
1745579696715, BTCUSDT, 3549293953, 94008.3, 0.80824,1745579696705,False
1745579696716, BTCUSDT, 3549293954, 94008.3, 0.18991,1745579696705,False
1745579702310, BTCUSDT, 3549294160, 94027.23, 0.18794,1745579702241,False
1745579702798, BTCUSDT, 3549294209, 94031.48, 0.44073,1745579702796,True
1745579702798, BTCUSDT, 3549294210, 94031.48, 0.29865,1745579702796,True
1745579702802, BTCUSDT, 3549294211, 94031.48, 0.28192,1745579702799,True
1745579704839, BTCUSDT, 3549294262, 94030.13, 0.40557,1745579704839,False
1745579709033, BTCUSDT, 3549294341, 94031.26, 0.28832,1745579709032,True
1745579709933, BTCUSDT, 3549294350, 94031.26, 0.2148,1745579709932,True
1745579714968, BTCUSDT, 3549294481, 94040.37, 0.47525,1745579714967,False
1745579714968, BTCUSDT, 3549294515, 94044.0, 0.96704,1745579714967,False
1745579715200, BTCUSDT, 3549294623, 94056.25, 0.21457,1745579715199,False
1745579715233, BTCUSDT, 3549294704, 94065.66, 0.32,1745579715232,False
1745579716418, BTCUSDT, 3549294843, 94079.99, 0.432,1745579716417,True
1745579717030, BTCUSDT, 3549294858, 94080.0, 0.16,1745579717029,False
1745579717030, BTCUSDT, 3549294859, 94080.0, 0.314,1745579717029,False
1745579717031, BTCUSDT, 3549294864, 94080.0, 0.50348,1745579717030,False
1745579717031, BTCUSDT, 3549294865, 94080.0, 0.64601,1745579717031,False
1745579717034, BTCUSDT, 3549294870, 94080.0, 0.46548,1745579717032,False
1745579717034, BTCUSDT, 3549294895, 94083.5, 0.44187,1745579717032,False
1745579717275, BTCUSDT, 3549294985, 94089.99, 0.23295,1745579717274,True
1745579717277, BTCUSDT, 3549294986, 94089.99, 0.28691,1745579717277,True
1745579717278, BTCUSDT, 3549294987, 94089.99, 0.26432,1745579717278,True
1745579717279, BTCUSDT, 3549294988, 94089.99, 1.42362,1745579717279,True
1745579717280, BTCUSDT, 3549294989, 94089.99, 0.29545,1745579717279,True
1745579717281, BTCUSDT, 3549294990, 94089.99, 0.16445,1745579717280,True
1745579717359, BTCUSDT, 3549295009, 94087.14, 0.21431,1745579717358,True
1745579719062, BTCUSDT, 3549295059, 94080.32, 0.32,1745579719061,False
1745579719062, BTCUSDT, 3549295060, 94080.32, 0.38448,1745579719061,False
1745579719062, BTCUSDT, 3549295061, 94080.32, 0.47479,1745579719061,False
1745579719062, BTCUSDT, 3549295062, 94080.32, 0.19166,1745579719061,False
1745579719063, BTCUSDT, 3549295063, 94080.32, 0.55373,1745579719062,False
1745579719064, BTCUSDT, 3549295078, 94085.3, 0.16,1745579719062,False
1745579719066, BTCUSDT, 3549295081, 94085.3, 0.31173,1745579719063,False
1745579719066, BTCUSDT, 3549295093, 94090.0, 1.35602,1745579719063,False
1745579719534, BTCUSDT, 3549295158, 94096.77, 0.21367,1745579719533,False
1745579721025, BTCUSDT, 3549295184, 94096.77, 0.16,1745579721024,False
1745579721027, BTCUSDT, 3549295217, 94100.0, 0.29503,1745579721025,False
1745579721029, BTCUSDT, 3549295225, 94100.0, 1.4724,1745579721026,False
1745579721029, BTCUSDT, 3549295226, 94100.0, 0.21157,1745579721026,False
1745579723029, BTCUSDT, 3549295314, 94099.1, 0.2873,1745579723028,True
1745579723029, BTCUSDT, 3549295315, 94099.1, 0.33046,1745579723028,True
1745579723036, BTCUSDT, 3549295333, 94093.51, 0.28915,1745579723032,True
1745579728571, BTCUSDT, 3549295610, 94104.09, 0.16,1745579728570,False
1745579731435, BTCUSDT, 3549295762, 94117.64, 0.29772,1745579731434,False
1745579731916, BTCUSDT, 3549295770, 94117.64, 3.31573,1745579731915,False
1745579735951, BTCUSDT, 3549295813, 94117.63, 0.1661,1745579735950,True
1745579736935, BTCUSDT, 3549295872, 94103.52, 0.35147,1745579736933,False
1745579737256, BTCUSDT, 3549295895, 94106.49, 0.97489,1745579737255,True
1745579739187, BTCUSDT, 3549295922, 94106.5, 5.56279,1745579739186,False
1745579739187, BTCUSDT, 3549295931, 94108.01, 0.24588,1745579739186,False
1745579739187, BTCUSDT, 3549295933, 94108.05, 0.70127,1745579739186,False
1745579743643, BTCUSDT, 3549296032, 94090.59, 3.88718,1745579743643,False
1745579743643, BTCUSDT, 3549296035, 94090.76, 0.58333,1745579743643,False
1745579743643, BTCUSDT, 3549296043, 94092.76, 0.70121,1745579743643,False
1745579743643, BTCUSDT, 3549296049, 94094.08, 0.36672,1745579743643,False
1745579753998, BTCUSDT, 3549296117, 94094.08, 0.53278,1745579753997,False
1745579757986, BTCUSDT, 3549296149, 94094.07, 4.93389,1745579757985,True
1745579757989, BTCUSDT, 3549296150, 94094.07, 0.25245,1745579757988,True
1745579757989, BTCUSDT, 3549296151, 94094.07, 0.21155,1745579757988,True
1745579758179, BTCUSDT, 3549296154, 94094.08, 1.01595,1745579758178,False
1745579762773, BTCUSDT, 3549296188, 94094.08, 4.1937,1745579762772,False
1745579762773, BTCUSDT, 3549296196, 94095.8, 0.21399,1745579762772,False
1745579762773, BTCUSDT, 3549296197, 94095.81, 0.50339,1745579762772,False
1745579763702, BTCUSDT, 3549296207, 94095.8, 0.36875,1745579763702,True
1745579764712, BTCUSDT, 3549296212, 94095.8, 0.1937,1745579764711,True
1745579765865, BTCUSDT, 3549296217, 94095.8, 0.3,1745579765865,True
1745579771116, BTCUSDT, 3549296250, 94095.8, 0.17695,1745579771115,True
1745579771117, BTCUSDT, 3549296254, 94095.8, 0.25108,1745579771116,True
1745579771117, BTCUSDT, 3549296267, 94094.07, 0.1616,1745579771116,True
1745579778769, BTCUSDT, 3549296435, 94065.88, 0.4523,1745579778769,True
1745579778770, BTCUSDT, 3549296436, 94065.88, 0.16606,1745579778769,True
1745579781948, BTCUSDT, 3549296473, 94061.17, 1.95844,1745579781947,True
1745579786032, BTCUSDT, 3549296598, 94056.89, 0.38126,1745579786027,True
1745579786035, BTCUSDT, 3549296599, 94056.89, 0.21174,1745579786028,True
1745579786036, BTCUSDT, 3549296600, 94056.89, 0.32117,1745579786029,True
1745579786036, BTCUSDT, 3549296601, 94056.89, 0.21332,1745579786029,True
1745579786048, BTCUSDT, 3549296602, 94056.89, 1.24945,1745579786035,True
1745579817554, BTCUSDT, 3549296803, 94051.17, 0.43454,1745579817553,True
1745579817555, BTCUSDT, 3549296804, 94051.17, 0.27133,1745579817553,True
1745579817555, BTCUSDT, 3549296811, 94051.08, 0.2659,1745579817553,True
1745579817555, BTCUSDT, 3549296813, 94051.08, 0.19572,1745579817553,True
1745579817561, BTCUSDT, 3549296822, 94050.0, 0.48737,1745579817557,True
1745579817563, BTCUSDT, 3549296823, 94050.0, 0.51287,1745579817559,True
1745579824443, BTCUSDT, 3549297070, 94013.51, 4.48806,1745579824442,False
1745579828339, BTCUSDT, 3549297174, 93997.75, 0.15965,1745579828339,False
1745579828340, BTCUSDT, 3549297177, 93997.75, 0.20563,1745579828340,False
1745579828418, BTCUSDT, 3549297202, 94008.68, 0.75191,1745579828418,True
1745579832179, BTCUSDT, 3549297225, 94008.68, 0.26695,1745579832179,True
1745579841085, BTCUSDT, 3549297265, 94008.68, 0.16,1745579841085,True
1745579852087, BTCUSDT, 3549297391, 93992.08, 0.32082,1745579852086,False
1745579857323, BTCUSDT, 3549297512, 93987.33, 3.49559,1745579857323,True
1745579861843, BTCUSDT, 3549297547, 93983.75, 3.74432,1745579861842,False
1745579863291, BTCUSDT, 3549297557, 93983.74, 0.16,1745579863290,True
1745579884522, BTCUSDT, 3549297672, 93975.93, 0.95697,1745579884521,True
1745579884523, BTCUSDT, 3549297686, 93974.13, 0.62452,1745579884522,True
1745579884944, BTCUSDT, 3549297694, 93973.52, 0.60518,1745579884944,False
1745579903540, BTCUSDT, 3549297885, 93961.23, 0.16691,1745579903540,False
1745579913187, BTCUSDT, 3549297918, 93961.22, 0.1967,1745579913186,True
1745579915054, BTCUSDT, 3549297927, 93961.22, 0.15964,1745579915053,True
1745579923043, BTCUSDT, 3549297982, 93961.23, 0.81005,1745579923042,False
1745579923043, BTCUSDT, 3549297983, 93961.23, 0.7018,1745579923042,False
1745579923043, BTCUSDT, 3549297984, 93961.23, 0.71736,1745579923042,False
1745579923044, BTCUSDT, 3549298000, 93961.9, 0.18821,1745579923043,False
1745579923044, BTCUSDT, 3549298001, 93961.91, 0.70224,1745579923043,False
1745579924216, BTCUSDT, 3549298080, 93983.75, 0.20896,1745579924215,False
1745579924545, BTCUSDT, 3549298086, 93985.22, 0.5,1745579924544,True
1745579931416, BTCUSDT, 3549298127, 93985.23, 0.71258,1745579931415,False
1745579931686, BTCUSDT, 3549298138, 93987.02, 0.31611,1745579931685,False
1745579932547, BTCUSDT, 3549298202, 94000.0, 1.7343,1745579932546,False
1745579932547, BTCUSDT, 3549298203, 94000.0, 0.17776,1745579932546,False
1745579938520, BTCUSDT, 3549298268, 94008.65, 0.36714,1745579938517,False
1745579938617, BTCUSDT, 3549298321, 94021.34, 0.21393,1745579938616,False
1745579939735, BTCUSDT, 3549298359, 94029.76, 0.19704,1745579939734,False
1745579940124, BTCUSDT, 3549298370, 94029.8, 0.40133,1745579940123,False
1745579940124, BTCUSDT, 3549298372, 94029.8, 0.40133,1745579940123,False
1745579940722, BTCUSDT, 3549298431, 94047.61, 0.32761,1745579940721,True
1745579947902, BTCUSDT, 3549298496, 94034.21, 0.38303,1745579947901,False
1745579953829, BTCUSDT, 3549298578, 94047.61, 0.99949,1745579953828,False
1745579959931, BTCUSDT, 3549298600, 94047.6, 0.1707,1745579959920,True
1745579959932, BTCUSDT, 3549298602, 94047.6, 0.16526,1745579959921,True
1745579959933, BTCUSDT, 3549298605, 94047.6, 0.31032,1745579959922,True
1745579960053, BTCUSDT, 3549298621, 94043.8, 0.21194,1745579960052,True
1745579960478, BTCUSDT, 3549298683, 94028.79, 0.52119,1745579960477,True
1745579995495, BTCUSDT, 3549298947, 94008.66, 0.1824,1745579995495,False
1745580011260, BTCUSDT, 3549299041, 94016.0, 0.32,1745580011259,False
1745580011261, BTCUSDT, 3549299042, 94016.0, 0.16,1745580011260,False
1745580011261, BTCUSDT, 3549299046, 94016.0, 0.47368,1745580011260,False
1745580011262, BTCUSDT, 3549299047, 94016.0, 1.20523,1745580011260,False
1745580018795, BTCUSDT, 3549299171, 94034.77, 0.27291,1745580018792,True
1745580018801, BTCUSDT, 3549299174, 94034.77, 0.1656,1745580018797,True
1745580028037, BTCUSDT, 3549299303, 94016.0, 1.0,1745580028037,False
1745580040775, BTCUSDT, 3549299405, 94008.65, 0.5024,1745580040773,True
1745580047415, BTCUSDT, 3549299486, 94000.0, 0.5,1745580047415,True
1745580049595, BTCUSDT, 3549299507, 93998.4, 0.48796,1745580049594,True
1745580058987, BTCUSDT, 3549299582, 93991.23, 0.2,1745580058987,True
1745580063333, BTCUSDT, 3549299612, 93991.24, 0.3029,1745580063331,False
1745580073010, BTCUSDT, 3549299691, 93999.99, 0.18119,1745580073009,False
1745580089801, BTCUSDT, 3549299766, 93999.98, 0.21276,1745580089800,True
1745580098215, BTCUSDT, 3549299803, 93999.98, 0.6804,1745580098214,True
1745580100492, BTCUSDT, 3549299827, 93996.0, 3.0,1745580100492,True
1745580102941, BTCUSDT, 3549299837, 93996.01, 0.29196,1745580102940,False
1745580106703, BTCUSDT, 3549299855, 93996.0, 1.92702,1745580106702,True
1745580110649, BTCUSDT, 3549299898, 93991.7, 0.27709,1745580110648,True
1745580118203, BTCUSDT, 3549299946, 93989.2, 0.17554,1745580118203,True
1745580121551, BTCUSDT, 3549299955, 93989.2, 0.2411,1745580121550,True
1745580125714, BTCUSDT, 3549299969, 93989.2, 0.61883,1745580125713,True
1745580127269, BTCUSDT, 3549299977, 93989.2, 0.2746,1745580127268,True
1745580144990, BTCUSDT, 3549300121, 93978.01, 0.1656,1745580144989,False
1745580144994, BTCUSDT, 3549300128, 93978.01, 0.16174,1745580144992,False
1745580144995, BTCUSDT, 3549300130, 93978.01, 2.20433,1745580144992,False
1745580157361, BTCUSDT, 3549300229, 93988.94, 0.31673,1745580157361,True
1745580158600, BTCUSDT, 3549300245, 93989.2, 0.30957,1745580158599,False
1745580158617, BTCUSDT, 3549300259, 93991.71, 0.21998,1745580158617,False
1745580183744, BTCUSDT, 3549300386, 93995.99, 2.35758,1745580183744,True
1745580187631, BTCUSDT, 3549300403, 93996.0, 0.52752,1745580187630,False
1745580187635, BTCUSDT, 3549300404, 93996.0, 0.1972,1745580187634,False
1745580192679, BTCUSDT, 3549300436, 93996.0, 0.22177,1745580192678,False
1745580192801, BTCUSDT, 3549300458, 94000.0, 0.2115,1745580192800,False
1745580192802, BTCUSDT, 3549300460, 94000.0, 0.57721,1745580192801,False
1745580192802, BTCUSDT, 3549300462, 94000.0, 0.17063,1745580192801,False
1745580192802, BTCUSDT, 3549300463, 94000.0, 0.16815,1745580192801,False
1745580192802, BTCUSDT, 3549300465, 94000.0, 0.3119,1745580192801,False
1745580192802, BTCUSDT, 3549300466, 94000.0, 0.27684,1745580192801,False
1745580192802, BTCUSDT, 3549300470, 94000.0, 1.1487,1745580192801,False
1745580192803, BTCUSDT, 3549300476, 94000.0, 0.27113,1745580192802,False
1745580192803, BTCUSDT, 3549300477, 94000.0, 0.26097,1745580192802,False
1745580192803, BTCUSDT, 3549300480, 94000.0, 0.95044,1745580192802,False
1745580192818, BTCUSDT, 3549300541, 94018.01, 0.16605,1745580192812,False
1745580195795, BTCUSDT, 3549300593, 94028.96, 0.16779,1745580195795,False
1745580214876, BTCUSDT, 3549300719, 94044.17, 2.86853,1745580214875,True
1745580218547, BTCUSDT, 3549300733, 94044.18, 0.34899,1745580218546,False
1745580238694, BTCUSDT, 3549300815, 94044.18, 0.1704,1745580238693,False
1745580258102, BTCUSDT, 3549301010, 94059.44, 0.1656,1745580258101,True
1745580258113, BTCUSDT, 3549301011, 94059.44, 0.52675,1745580258109,True
1745580258115, BTCUSDT, 3549301013, 94059.44, 0.73517,1745580258110,True
1745580259017, BTCUSDT, 3549301145, 94033.29, 0.64525,1745580259016,True
1745580262299, BTCUSDT, 3549301234, 94023.92, 0.22908,1745580262298,False
1745580265082, BTCUSDT, 3549301251, 94023.92, 9.07901,1745580265081,False
1745580265082, BTCUSDT, 3549301256, 94026.61, 0.18137,1745580265081,False
1745580265082, BTCUSDT, 3549301258, 94026.63, 0.53281,1745580265081,False
1745580265082, BTCUSDT, 3549301264, 94028.23, 0.58751,1745580265081,False
1745580265082, BTCUSDT, 3549301269, 94031.0, 0.63595,1745580265081,False
1745580265082, BTCUSDT, 3549301271, 94031.48, 0.87447,1745580265081,False
1745580265082, BTCUSDT, 3549301276, 94033.5, 0.21381,1745580265081,False
1745580265082, BTCUSDT, 3549301277, 94033.51, 0.21381,1745580265081,False
1745580265082, BTCUSDT, 3549301278, 94033.52, 0.34486,1745580265081,False
1745580265082, BTCUSDT, 3549301279, 94033.67, 0.545,1745580265081,False
1745580265082, BTCUSDT, 3549301295, 94037.59, 0.21381,1745580265081,False
1745580265082, BTCUSDT, 3549301296, 94037.91, 0.21381,1745580265081,False
1745580265082, BTCUSDT, 3549301301, 94038.48, 0.70259,1745580265081,False
1745580265082, BTCUSDT, 3549301302, 94038.5, 0.53269,1745580265081,False
1745580265082, BTCUSDT, 3549301307, 94039.53, 1.0,1745580265081,False
1745580265082, BTCUSDT, 3549301309, 94039.95, 0.48307,1745580265081,False
1745580265082, BTCUSDT, 3549301320, 94041.97, 0.47771,1745580265081,False
1745580265083, BTCUSDT, 3549301322, 94042.2, 0.31911,1745580265081,False
1745580265083, BTCUSDT, 3549301324, 94042.8, 1.22887,1745580265081,False
1745580265083, BTCUSDT, 3549301325, 94042.97, 1.71052,1745580265081,False
1745580265083, BTCUSDT, 3549301328, 94043.34, 0.32061,1745580265081,False
1745580265083, BTCUSDT, 3549301344, 94045.69, 0.16,1745580265081,False
1745580265083, BTCUSDT, 3549301345, 94046.35, 0.43287,1745580265081,False
1745580265083, BTCUSDT, 3549301346, 94046.77, 0.79779,1745580265081,False
1745580265083, BTCUSDT, 3549301349, 94047.37, 0.32061,1745580265081,False
1745580265083, BTCUSDT, 3549301350, 94047.91, 1.34729,1745580265081,False
1745580265083, BTCUSDT, 3549301355, 94049.14, 0.53269,1745580265081,False
1745580265083, BTCUSDT, 3549301361, 94050.04, 0.49884,1745580265081,False
1745580265083, BTCUSDT, 3549301363, 94050.41, 2.13814,1745580265081,False
1745580265083, BTCUSDT, 3549301366, 94051.23, 1.1,1745580265081,False
1745580265083, BTCUSDT, 3549301367, 94051.43, 0.79779,1745580265081,False
1745580265083, BTCUSDT, 3549301369, 94051.85, 0.26593,1745580265081,False
1745580265083, BTCUSDT, 3549301370, 94051.9, 1.41562,1745580265081,False
1745580272507, BTCUSDT, 3549301450, 94065.99, 0.53154,1745580272506,False
1745580277717, BTCUSDT, 3549301475, 94065.99, 0.20335,1745580277716,False
1745580283332, BTCUSDT, 3549301501, 94065.99, 2.39434,1745580283331,False
1745580287568, BTCUSDT, 3549301539, 94067.99, 1.0,1745580287567,True
1745580290007, BTCUSDT, 3549301559, 94068.0, 0.19033,1745580290005,False
1745580297937, BTCUSDT, 3549301658, 94085.63, 0.85239,1745580297936,True
1745580302399, BTCUSDT, 3549301675, 94085.64, 0.86316,1745580302398,False
1745580304114, BTCUSDT, 3549301686, 94085.63, 0.33901,1745580304112,True
1745580304115, BTCUSDT, 3549301689, 94085.63, 0.18057,1745580304113,True
1745580304117, BTCUSDT, 3549301692, 94085.63, 0.67625,1745580304114,True
1745580308099, BTCUSDT, 3549301760, 94074.29, 0.53154,1745580308099,True
1745580309608, BTCUSDT, 3549301790, 94071.02, 0.99489,1745580309607,False
1745580331934, BTCUSDT, 3549301956, 94085.63, 0.21581,1745580331934,True
1745580334016, BTCUSDT, 3549301963, 94085.64, 0.62376,1745580334015,False
1745580334016, BTCUSDT, 3549301966, 94086.01, 0.18481,1745580334015,False
1745580334016, BTCUSDT, 3549301996, 94095.24, 0.21565,1745580334015,False
1745580334016, BTCUSDT, 3549302000, 94095.82, 0.31448,1745580334015,False
1745580334016, BTCUSDT, 3549302003, 94096.05, 0.70118,1745580334015,False
1745580334016, BTCUSDT, 3549302012, 94099.69, 0.53269,1745580334015,False
1745580334016, BTCUSDT, 3549302013, 94099.7, 0.79779,1745580334015,False
1745580334016, BTCUSDT, 3549302016, 94099.96, 1.71052,1745580334015,False
1745580334016, BTCUSDT, 3549302018, 94099.98, 2.82066,1745580334015,False
1745580334016, BTCUSDT, 3549302019, 94100.0, 4.98751,1745580334015,False
1745580335560, BTCUSDT, 3549302053, 94100.0, 0.40035,1745580335559,False
1745580335561, BTCUSDT, 3549302056, 94100.0, 0.58273,1745580335560,False
1745580337261, BTCUSDT, 3549302101, 94108.18, 0.18823,1745580337260,True
1745580338134, BTCUSDT, 3549302107, 94108.19, 0.28795,1745580338134,False
1745580344973, BTCUSDT, 3549302174, 94117.6, 4.53755,1745580344971,False
1745580344973, BTCUSDT, 3549302176, 94117.62, 0.26343,1745580344971,False
1745580344973, BTCUSDT, 3549302209, 94122.07, 0.70099,1745580344971,False
1745580344973, BTCUSDT, 3549302261, 94128.3, 0.19514,1745580344971,False
1745580344973, BTCUSDT, 3549302267, 94128.72, 0.48068,1745580344971,False
1745580344973, BTCUSDT, 3549302268, 94128.73, 0.31448,1745580344971,False
1745580344973, BTCUSDT, 3549302285, 94130.28, 0.53269,1745580344971,False
1745580344973, BTCUSDT, 3549302290, 94130.45, 0.19426,1745580344971,False
1745580345122, BTCUSDT, 3549302296, 94130.45, 0.29577,1745580345121,False
1745580345122, BTCUSDT, 3549302297, 94130.45, 0.2334,1745580345121,False
1745580349594, BTCUSDT, 3549302442, 94137.12, 0.37813,1745580349591,True
1745580350407, BTCUSDT, 3549302468, 94129.44, 0.25,1745580350406,False
1745580350663, BTCUSDT, 3549302471, 94129.43, 0.36887,1745580350662,True
1745580351663, BTCUSDT, 3549302483, 94129.43, 0.36887,1745580351663,True
1745580352663, BTCUSDT, 3549302487, 94129.43, 0.36887,1745580352663,True
1745580353666, BTCUSDT, 3549302493, 94129.43, 0.36887,1745580353665,True
1745580361821, BTCUSDT, 3549302551, 94123.0, 0.3689,1745580361821,True
1745580362823, BTCUSDT, 3549302560, 94123.0, 0.3689,1745580362823,True
1745580363120, BTCUSDT, 3549302563, 94123.0, 0.40536,1745580363119,True
1745580363121, BTCUSDT, 3549302564, 94123.0, 0.1843,1745580363120,True
1745580363121, BTCUSDT, 3549302565, 94123.0, 0.17701,1745580363120,True
1745580364933, BTCUSDT, 3549302734, 94092.8, 0.32723,1745580364932,False
1745580375678, BTCUSDT, 3549302814, 94087.39, 0.17,1745580375677,False
1745580375678, BTCUSDT, 3549302817, 94087.39, 0.1656,1745580375677,False
1745580375679, BTCUSDT, 3549302819, 94087.39, 0.25401,1745580375678,False
1745580375837, BTCUSDT, 3549302856, 94098.1, 0.25308,1745580375836,False
1745580387454, BTCUSDT, 3549302927, 94104.5, 0.1655,1745580387454,True
1745580389068, BTCUSDT, 3549302949, 94100.01, 0.24079,1745580389067,False
1745580410367, BTCUSDT, 3549303033, 94100.01, 0.1594,1745580410367,False
1745580413795, BTCUSDT, 3549303044, 94100.0, 4.00614,1745580413795,True
1745580414876, BTCUSDT, 3549303053, 94100.0, 1.78199,1745580414875,True
1745580414876, BTCUSDT, 3549303055, 94100.0, 0.68996,1745580414875,True
1745580414877, BTCUSDT, 3549303056, 94100.0, 0.30339,1745580414875,True
1745580414883, BTCUSDT, 3549303104, 94090.13, 0.76497,1745580414877,True
1745580414883, BTCUSDT, 3549303127, 94086.45, 0.49651,1745580414877,True
1745580414888, BTCUSDT, 3549303129, 94086.45, 0.18849,1745580414879,True
1745580414949, BTCUSDT, 3549303155, 94086.45, 0.16,1745580414920,True
1745580414966, BTCUSDT, 3549303158, 94086.45, 0.20451,1745580414936,True
1745580423225, BTCUSDT, 3549303258, 94081.67, 0.30195,1745580423224,False
1745580424025, BTCUSDT, 3549303264, 94081.67, 0.61079,1745580424024,False
1745580426254, BTCUSDT, 3549303340, 94100.01, 0.2667,1745580426252,False
1745580437890, BTCUSDT, 3549303450, 94117.94, 0.42616,1745580437889,True
1745580442029, BTCUSDT, 3549303753, 94117.95, 0.19119,1745580442028,False
1745580442387, BTCUSDT, 3549303802, 94129.43, 0.20518,1745580442387,False
1745580442393, BTCUSDT, 3549303803, 94129.43, 0.4022,1745580442393,False
1745580442483, BTCUSDT, 3549303821, 94134.95, 0.24142,1745580442482,False
1745580445909, BTCUSDT, 3549303846, 94138.07, 0.29606,1745580445900,True
1745580445920, BTCUSDT, 3549303847, 94138.07, 0.1656,1745580445907,True
1745580462837, BTCUSDT, 3549304011, 94117.61, 0.34584,1745580462836,False
1745580462852, BTCUSDT, 3549304012, 94117.62, 0.16642,1745580462851,False
1745580462862, BTCUSDT, 3549304015, 94117.62, 1.61875,1745580462858,False
1745580474275, BTCUSDT, 3549304141, 94140.0, 1.22153,1745580474274,False
1745580474275, BTCUSDT, 3549304143, 94140.01, 0.22559,1745580474274,False
1745580474276, BTCUSDT, 3549304168, 94142.86, 0.26861,1745580474275,False
1745580475671, BTCUSDT, 3549304308, 94149.94, 0.21878,1745580475670,False
1745580476045, BTCUSDT, 3549304464, 94165.3, 1.06912,1745580476032,True
1745580476634, BTCUSDT, 3549304477, 94165.31, 0.99956,1745580476633,False
1745580476634, BTCUSDT, 3549304478, 94165.31, 3.36196,1745580476633,False
1745580476634, BTCUSDT, 3549304479, 94165.31, 0.90152,1745580476633,False
1745580476634, BTCUSDT, 3549304480, 94165.31, 1.17853,1745580476633,False
1745580476634, BTCUSDT, 3549304481, 94165.31, 0.6214,1745580476633,False
1745580476635, BTCUSDT, 3549304483, 94165.31, 0.4398,1745580476634,False
1745580476636, BTCUSDT, 3549304537, 94170.0, 0.35567,1745580476634,False
1745580476636, BTCUSDT, 3549304538, 94170.0, 0.35505,1745580476635,False
1745580477023, BTCUSDT, 3549304641, 94178.02, 0.56701,1745580477023,False
1745580477044, BTCUSDT, 3549304652, 94179.49, 0.375,1745580477044,False
1745580483446, BTCUSDT, 3549304746, 94179.49, 0.17153,1745580483446,False
1745580485207, BTCUSDT, 3549304763, 94179.49, 0.73034,1745580485206,False
1745580492529, BTCUSDT, 3549304937, 94179.49, 0.39092,1745580492528,True
1745580494480, BTCUSDT, 3549305031, 94161.92, 0.22003,1745580494479,False
1745580494483, BTCUSDT, 3549305033, 94161.92, 0.24408,1745580494482,False
1745580494916, BTCUSDT, 3549305062, 94172.52, 0.19,1745580494915,False
1745580497040, BTCUSDT, 3549305076, 94174.11, 0.17324,1745580497040,False
1745580497575, BTCUSDT, 3549305080, 94174.11, 3.24842,1745580497574,False
1745580497575, BTCUSDT, 3549305086, 94174.37, 0.24186,1745580497574,False
1745580497575, BTCUSDT, 3549305092, 94179.26, 0.42774,1745580497574,False
1745580497575, BTCUSDT, 3549305093, 94179.27, 0.50166,1745580497574,False
1745580501912, BTCUSDT, 3549305185, 94185.74, 0.19009,1745580501911,False
1745580504420, BTCUSDT, 3549305216, 94183.9, 0.97292,1745580504420,False
1745580504499, BTCUSDT, 3549305218, 94183.9, 0.5191,1745580504498,False
1745580505618, BTCUSDT, 3549305224, 94183.9, 0.39247,1745580505618,False
1745580505618, BTCUSDT, 3549305225, 94183.9, 0.25818,1745580505618,False
1745580505619, BTCUSDT, 3549305226, 94183.9, 0.38584,1745580505618,False
1745580505619, BTCUSDT, 3549305227, 94183.9, 0.27838,1745580505618,False
1745580505619, BTCUSDT, 3549305231, 94183.9, 0.30105,1745580505618,False
1745580505619, BTCUSDT, 3549305232, 94183.9, 0.32028,1745580505618,False
1745580505619, BTCUSDT, 3549305235, 94183.9, 0.28857,1745580505618,False
1745580505621, BTCUSDT, 3549305239, 94183.9, 0.82904,1745580505620,False
1745580508870, BTCUSDT, 3549305272, 94185.73, 0.53086,1745580508870,False
1745580509659, BTCUSDT, 3549305277, 94185.73, 0.4929,1745580509658,False
1745580509659, BTCUSDT, 3549305278, 94185.73, 0.30224,1745580509659,False
1745580509761, BTCUSDT, 3549305355, 94195.47, 0.3527,1745580509760,True
1745580511034, BTCUSDT, 3549305369, 94195.48, 0.36396,1745580511031,False
1745580511035, BTCUSDT, 3549305370, 94195.48, 1.14551,1745580511031,False
1745580514759, BTCUSDT, 3549305408, 94195.47, 0.18289,1745580514758,True
1745580514792, BTCUSDT, 3549305431, 94189.04, 0.25,1745580514791,False
1745580520596, BTCUSDT, 3549305563, 94167.58, 0.16759,1745580520596,False
1745580527857, BTCUSDT, 3549305648, 94158.16, 0.1656,1745580527844,False
1745580527858, BTCUSDT, 3549305649, 94158.16, 0.19803,1745580527845,False
1745580527863, BTCUSDT, 3549305650, 94158.16, 0.58583,1745580527850,False
1745580530619, BTCUSDT, 3549305683, 94162.98, 0.37052,1745580530619,False
1745580530622, BTCUSDT, 3549305684, 94162.98, 0.27137,1745580530621,False
1745580530892, BTCUSDT, 3549305707, 94173.92, 0.39564,1745580530891,False
1745580533486, BTCUSDT, 3549305743, 94180.91, 3.67586,1745580533485,False
1745580533486, BTCUSDT, 3549305744, 94180.91, 0.43875,1745580533485,False
1745580535826, BTCUSDT, 3549305914, 94197.0, 0.19026,1745580535825,False
1745580535829, BTCUSDT, 3549305915, 94197.0, 0.40534,1745580535827,False
1745580536172, BTCUSDT, 3549305947, 94199.99, 1.0,1745580536172,True
1745580551933, BTCUSDT, 3549306111, 94199.99, 1.0,1745580551932,True
1745580552421, BTCUSDT, 3549306114, 94199.99, 1.41343,1745580552420,True
1745580552750, BTCUSDT, 3549306134, 94188.5, 0.5312,1745580552749,True
1745580553118, BTCUSDT, 3549306140, 94186.43, 0.17913,1745580553117,False
1745580555386, BTCUSDT, 3549306157, 94186.43, 0.94009,1745580555385,False
1745580558438, BTCUSDT, 3549306175, 94186.43, 0.24806,1745580558437,False
1745580569853, BTCUSDT, 3549306246, 94186.42, 0.73757,1745580569852,True
1745580569853, BTCUSDT, 3549306247, 94186.42, 0.18862,1745580569852,True
1745580569853, BTCUSDT, 3549306248, 94186.42, 0.26617,1745580569852,True
1745580569854, BTCUSDT, 3549306249, 94186.42, 0.54616,1745580569853,True
1745580569854, BTCUSDT, 3549306253, 94186.18, 0.23916,1745580569853,True
1745580569854, BTCUSDT, 3549306255, 94186.17, 0.64465,1745580569853,True
1745580570464, BTCUSDT, 3549306300, 94176.56, 0.57736,1745580570464,True
1745580571777, BTCUSDT, 3549306316, 94176.18, 0.39543,1745580571776,True
1745580572502, BTCUSDT, 3549306327, 94172.8, 0.39169,1745580572502,True
1745580573028, BTCUSDT, 3549306353, 94168.14, 0.19351,1745580573028,False
1745580574462, BTCUSDT, 3549306388, 94162.98, 0.24239,1745580574461,True
1745580588833, BTCUSDT, 3549306537, 94179.99, 0.42792,1745580588832,False
1745580598756, BTCUSDT, 3549306658, 94190.0, 0.51059,1745580598755,True
1745580601106, BTCUSDT, 3549306695, 94180.01, 0.22506,1745580601105,False
1745580605432, BTCUSDT, 3549306735, 94180.0, 0.21373,1745580605432,True
1745580606326, BTCUSDT, 3549306740, 94180.01, 2.0,1745580606325,False
1745580611435, BTCUSDT, 3549306798, 94189.43, 4.0,1745580611434,False
1745580617202, BTCUSDT, 3549306855, 94183.13, 2.31881,1745580617201,False
1745580617202, BTCUSDT, 3549306863, 94184.98, 0.27244,1745580617201,False
1745580617202, BTCUSDT, 3549306866, 94187.45, 0.70056,1745580617201,False
1745580617202, BTCUSDT, 3549306871, 94189.4, 0.55378,1745580617201,False
1745580617232, BTCUSDT, 3549306875, 94189.43, 0.56672,1745580617231,False
1745580622310, BTCUSDT, 3549306949, 94190.01, 3.36588,1745580622309,False
1745580622310, BTCUSDT, 3549306958, 94190.69, 0.22319,1745580622309,False
1745580622310, BTCUSDT, 3549306959, 94190.7, 0.40559,1745580622309,False
1745580624038, BTCUSDT, 3549307002, 94198.46, 0.3151,1745580624038,False
1745580624039, BTCUSDT, 3549307003, 94198.46, 0.44042,1745580624038,False
1745580624043, BTCUSDT, 3549307026, 94200.0, 0.31357,1745580624039,False
1745580624043, BTCUSDT, 3549307030, 94200.0, 0.1915,1745580624039,False
1745580624044, BTCUSDT, 3549307031, 94200.0, 0.50633,1745580624040,False
1745580624044, BTCUSDT, 3549307033, 94200.0, 0.16246,1745580624040,False
1745580624045, BTCUSDT, 3549307039, 94200.0, 0.245,1745580624040,False
1745580624045, BTCUSDT, 3549307045, 94200.0, 0.16453,1745580624040,False
1745580624046, BTCUSDT, 3549307049, 94200.0, 0.2106,1745580624041,False
1745580624047, BTCUSDT, 3549307050, 94200.0, 1.15324,1745580624041,False
1745580624047, BTCUSDT, 3549307052, 94200.0, 1.07564,1745580624041,False
1745580624047, BTCUSDT, 3549307053, 94200.0, 0.49708,1745580624041,False
1745580624048, BTCUSDT, 3549307058, 94200.0, 0.26357,1745580624041,False
1745580624048, BTCUSDT, 3549307059, 94200.0, 0.2839,1745580624042,False
1745580624049, BTCUSDT, 3549307061, 94200.0, 0.3016,1745580624042,False
1745580624051, BTCUSDT, 3549307063, 94200.0, 0.1757,1745580624043,False
1745580624051, BTCUSDT, 3549307073, 94200.89, 0.23476,1745580624043,False
1745580625126, BTCUSDT, 3549307177, 94207.99, 0.36856,1745580625126,True
1745580626258, BTCUSDT, 3549307185, 94207.99, 0.36856,1745580626258,True
1745580627263, BTCUSDT, 3549307199, 94207.99, 0.2913,1745580627262,True
1745580629076, BTCUSDT, 3549307210, 94208.0, 1.17456,1745580629075,False
1745580629076, BTCUSDT, 3549307223, 94208.95, 0.1791,1745580629075,False
1745580629076, BTCUSDT, 3549307240, 94211.07, 0.21399,1745580629075,False
1745580629076, BTCUSDT, 3549307241, 94211.08, 0.21405,1745580629075,False
1745580629076, BTCUSDT, 3549307242, 94211.09, 0.17643,1745580629075,False
1745580629620, BTCUSDT, 3549307250, 94211.09, 0.21228,1745580629620,False
1745580630003, BTCUSDT, 3549307252, 94211.09, 2.79514,1745580629999,False
1745580630003, BTCUSDT, 3549307258, 94211.6, 0.28875,1745580629999,False
1745580630003, BTCUSDT, 3549307267, 94212.17, 0.2409,1745580629999,False
1745580630003, BTCUSDT, 3549307289, 94214.22, 0.7003,1745580629999,False
1745580630003, BTCUSDT, 3549307310, 94216.85, 0.34462,1745580629999,False
1745580630003, BTCUSDT, 3549307321, 94217.98, 0.21381,1745580629999,False
1745580630003, BTCUSDT, 3549307322, 94217.99, 0.21381,1745580629999,False
1745580630003, BTCUSDT, 3549307352, 94220.52, 0.495,1745580629999,False
1745580630003, BTCUSDT, 3549307371, 94221.69, 1.16966,1745580629999,False
1745580630003, BTCUSDT, 3549307372, 94221.7, 1.71052,1745580629999,False
1745580630003, BTCUSDT, 3549307376, 94221.99, 0.42762,1745580629999,False
1745580630003, BTCUSDT, 3549307377, 94222.0, 0.39087,1745580629999,False
1745580630003, BTCUSDT, 3549307399, 94224.03, 0.30802,1745580629999,False
1745580630003, BTCUSDT, 3549307424, 94225.86, 0.42762,1745580629999,False
1745580630003, BTCUSDT, 3549307425, 94225.87, 1.54417,1745580629999,False
1745580630003, BTCUSDT, 3549307426, 94225.89, 0.53269,1745580629999,False
1745580630003, BTCUSDT, 3549307430, 94226.51, 0.79626,1745580629999,False
1745580630003, BTCUSDT, 3549307460, 94229.25, 1.71052,1745580629999,False
1745580630003, BTCUSDT, 3549307461, 94229.26, 0.79626,1745580629999,False
1745580630003, BTCUSDT, 3549307469, 94230.36, 2.00614,1745580629999,False
1745580630003, BTCUSDT, 3549307484, 94231.33, 0.21381,1745580629999,False
1745580630003, BTCUSDT, 3549307485, 94231.34, 0.21381,1745580629999,False
1745580630003, BTCUSDT, 3549307486, 94231.42, 1.1,1745580629999,False
1745580630003, BTCUSDT, 3549307489, 94231.57, 0.16,1745580629999,False
1745580630003, BTCUSDT, 3549307500, 94232.31, 0.79626,1745580629999,False
1745580630003, BTCUSDT, 3549307503, 94232.4, 0.79926,1745580629999,False
1745580630003, BTCUSDT, 3549307521, 94233.83, 0.495,1745580629999,False
1745580630003, BTCUSDT, 3549307530, 94234.59, 0.42467,1745580629999,False
1745580630003, BTCUSDT, 3549307534, 94235.0, 2.64953,1745580629999,False
1745580631718, BTCUSDT, 3549307594, 94227.0, 0.1876,1745580631717,True
1745580632001, BTCUSDT, 3549307597, 94227.0, 0.19785,1745580632000,True
1745580632302, BTCUSDT, 3549307604, 94227.0, 0.17175,1745580632301,True
1745580632528, BTCUSDT, 3549307609, 94227.0, 0.17058,1745580632528,True
1745580632601, BTCUSDT, 3549307610, 94227.01, 0.78147,1745580632601,False
1745580632754, BTCUSDT, 3549307613, 94227.0, 0.18633,1745580632754,True
1745580636609, BTCUSDT, 3549307669, 94218.8, 0.41284,1745580636609,False
1745580650630, BTCUSDT, 3549307816, 94216.5, 1.09712,1745580650629,True
1745580650639, BTCUSDT, 3549307817, 94216.5, 0.16134,1745580650638,True
1745580650640, BTCUSDT, 3549307818, 94216.5, 0.50951,1745580650639,True
1745580650641, BTCUSDT, 3549307820, 94216.5, 0.6462,1745580650640,True
1745580656986, BTCUSDT, 3549307916, 94210.17, 0.3296,1745580656985,True
1745580658647, BTCUSDT, 3549307952, 94206.01, 0.31845,1745580658646,False
1745580661072, BTCUSDT, 3549307979, 94204.61, 0.5,1745580661071,False
1745580668851, BTCUSDT, 3549308077, 94198.57, 0.18841,1745580668848,True
1745580669247, BTCUSDT, 3549308092, 94197.09, 1.02838,1745580669247,False
1745580676098, BTCUSDT, 3549308149, 94197.09, 5.72095,1745580676096,False
1745580676098, BTCUSDT, 3549308155, 94197.53, 0.30929,1745580676096,False
1745580676098, BTCUSDT, 3549308156, 94197.54, 0.96783,1745580676096,False
1745580676098, BTCUSDT, 3549308170, 94201.51, 0.32998,1745580676096,False
1745580676098, BTCUSDT, 3549308174, 94202.16, 0.32061,1745580676096,False
1745580676098, BTCUSDT, 3549308180, 94204.61, 0.60383,1745580676096,False
1745580676098, BTCUSDT, 3549308181, 94205.4, 0.21381,1745580676096,False
1745580676098, BTCUSDT, 3549308182, 94206.0, 0.5054,1745580676096,False
1745580676098, BTCUSDT, 3549308183, 94206.01, 0.5855,1745580676096,False
1745580676098, BTCUSDT, 3549308185, 94206.24, 0.21381,1745580676096,False
1745580676098, BTCUSDT, 3549308186, 94206.91, 0.495,1745580676096,False
1745580676098, BTCUSDT, 3549308194, 94209.69, 0.48365,1745580676096,False
1745580676098, BTCUSDT, 3549308195, 94209.76, 0.21381,1745580676096,False
1745580676098, BTCUSDT, 3549308198, 94210.0, 1.37454,1745580676096,False
1745580676098, BTCUSDT, 3549308199, 94210.02, 0.19732,1745580676096,False
1745580676503, BTCUSDT, 3549308207, 94210.02, 0.17425,1745580676502,False
1745580686964, BTCUSDT, 3549308261, 94210.02, 4.23749,1745580686963,False
1745580686964, BTCUSDT, 3549308270, 94210.7, 0.32843,1745580686963,False
1745580686964, BTCUSDT, 3549308271, 94210.71, 0.25284,1745580686963,False
1745580686964, BTCUSDT, 3549308273, 94210.75, 0.70039,1745580686963,False
1745580709236, BTCUSDT, 3549308448, 94217.4, 0.83301,1745580709235,False
1745580719664, BTCUSDT, 3549308533, 94206.77, 0.28682,1745580719663,True
1745580720445, BTCUSDT, 3549308538, 94206.78, 0.3,1745580720444,False
1745580723108, BTCUSDT, 3549308560, 94206.77, 0.29869,1745580723107,True
1745580727654, BTCUSDT, 3549308584, 94206.77, 0.677,1745580727654,True
1745580731410, BTCUSDT, 3549308605, 94206.78, 0.93606,1745580731410,False
1745580731545, BTCUSDT, 3549308606, 94206.77, 3.78256,1745580731544,True
1745580731545, BTCUSDT, 3549308609, 94206.36, 0.32644,1745580731544,True
1745580731545, BTCUSDT, 3549308610, 94206.35, 0.70042,1745580731544,True
1745580736952, BTCUSDT, 3549308653, 94202.06, 0.17067,1745580736951,False
1745580747305, BTCUSDT, 3549308719, 94202.05, 0.33018,1745580747304,True
1745580754150, BTCUSDT, 3549308767, 94202.06, 1.88128,1745580754150,False
1745580754181, BTCUSDT, 3549308769, 94202.05, 5.0,1745580754180,True
1745580756832, BTCUSDT, 3549308781, 94202.06, 0.3,1745580756832,False
1745580758337, BTCUSDT, 3549308790, 94202.05, 0.5,1745580758336,True
1745580760964, BTCUSDT, 3549308799, 94202.06, 7.89129,1745580760963,False
1745580760964, BTCUSDT, 3549308828, 94210.22, 0.23001,1745580760963,False
1745580760964, BTCUSDT, 3549308829, 94210.88, 0.21381,1745580760963,False
1745580760964, BTCUSDT, 3549308836, 94212.85, 0.21381,1745580760963,False
1745580760964, BTCUSDT, 3549308838, 94213.2, 0.42444,1745580760963,False
1745580760964, BTCUSDT, 3549308844, 94214.42, 0.16,1745580760963,False
1745580760964, BTCUSDT, 3549308847, 94215.24, 0.21381,1745580760963,False
1745580760964, BTCUSDT, 3549308848, 94215.25, 1.24041,1745580760963,False
1745580760964, BTCUSDT, 3549308849, 94215.29, 0.53269,1745580760963,False
1745580760964, BTCUSDT, 3549308852, 94216.85, 0.21381,1745580760963,False
1745580760964, BTCUSDT, 3549308855, 94217.39, 1.07241,1745580760963,False
1745580771021, BTCUSDT, 3549308933, 94209.28, 0.48,1745580771020,True
1745580771974, BTCUSDT, 3549308939, 94209.29, 0.59524,1745580771974,False
1745580772103, BTCUSDT, 3549308942, 94209.28, 0.23427,1745580772102,True
1745580779911, BTCUSDT, 3549308965, 94209.28, 1.61154,1745580779910,True
1745580780338, BTCUSDT, 3549308994, 94202.05, 0.20401,1745580780338,True
1745580783606, BTCUSDT, 3549309014, 94202.05, 0.40156,1745580783606,True
1745580805022, BTCUSDT, 3549309247, 94193.33, 1.73675,1745580805021,False
1745580805022, BTCUSDT, 3549309251, 94193.47, 0.20613,1745580805021,False
1745580809970, BTCUSDT, 3549309284, 94194.81, 0.79495,1745580809967,False
1745580809970, BTCUSDT, 3549309305, 94202.62, 0.30022,1745580809967,False
1745580809970, BTCUSDT, 3549309306, 94202.63, 0.53275,1745580809967,False
1745580809970, BTCUSDT, 3549309309, 94203.45, 0.32163,1745580809967,False
1745580809970, BTCUSDT, 3549309318, 94207.04, 0.21116,1745580809967,False
1745580809970, BTCUSDT, 3549309319, 94207.05, 0.49759,1745580809967,False
1745580809970, BTCUSDT, 3549309327, 94209.29, 0.35107,1745580809967,False
1745580809970, BTCUSDT, 3549309330, 94209.84, 0.21545,1745580809967,False
1745580809970, BTCUSDT, 3549309331, 94209.85, 0.4854,1745580809967,False
1745580809970, BTCUSDT, 3549309343, 94213.54, 0.21381,1745580809967,False
1745580809970, BTCUSDT, 3549309345, 94213.83, 0.21392,1745580809967,False
1745580809970, BTCUSDT, 3549309346, 94213.84, 0.53269,1745580809967,False
1745580809970, BTCUSDT, 3549309354, 94215.3, 2.32392,1745580809967,False
1745580809970, BTCUSDT, 3549309355, 94215.49, 0.4292,1745580809967,False
1745580810519, BTCUSDT, 3549309403, 94215.48, 0.27291,1745580810513,False
1745580810525, BTCUSDT, 3549309415, 94217.4, 0.16893,1745580810517,False
1745580810533, BTCUSDT, 3549309419, 94217.4, 0.31058,1745580810521,False
1745580810562, BTCUSDT, 3549309437, 94222.8, 0.17,1745580810545,False
1745580810812, BTCUSDT, 3549309448, 94224.8, 0.47349,1745580810812,True
1745580816803, BTCUSDT, 3549309499, 94231.44, 0.16881,1745580816803,True
1745580820875, BTCUSDT, 3549309526, 94231.45, 1.06121,1745580820875,False
1745580821601, BTCUSDT, 3549309530, 94231.45, 1.0,1745580821601,False
1745580824453, BTCUSDT, 3549309610, 94238.09, 0.17638,1745580824452,True
1745580824617, BTCUSDT, 3549309658, 94223.4, 0.25566,1745580824615,True
1745580824617, BTCUSDT, 3549309674, 94218.16, 0.79632,1745580824615,True
1745580824617, BTCUSDT, 3549309676, 94217.81, 0.3281,1745580824615,True
1745580824617, BTCUSDT, 3549309682, 94216.42, 0.79626,1745580824615,True
1745580824617, BTCUSDT, 3549309692, 94213.84, 0.495,1745580824615,True
1745580824617, BTCUSDT, 3549309695, 94213.48, 1.56434,1745580824615,True
1745580830659, BTCUSDT, 3549309718, 94213.48, 1.31093,1745580830658,True
1745580832216, BTCUSDT, 3549309725, 94213.5, 0.23684,1745580832215,False
1745580838783, BTCUSDT, 3549309837, 94223.94, 0.7432,1745580838781,False
1745580839037, BTCUSDT, 3549309898, 94238.09, 0.48325,1745580839036,False
1745580839037, BTCUSDT, 3549309899, 94238.1, 0.52064,1745580839036,False
1745580839039, BTCUSDT, 3549309926, 94240.37, 0.20317,1745580839039,False
1745580839052, BTCUSDT, 3549309963, 94244.58, 0.24513,1745580839046,False
1745580839930, BTCUSDT, 3549310021, 94250.0, 1.27035,1745580839929,False
1745580841097, BTCUSDT, 3549310132, 94260.91, 0.32986,1745580841097,True
1745580844034, BTCUSDT, 3549310159, 94260.91, 0.2,1745580844034,True
1745580860667, BTCUSDT, 3549310478, 94220.0, 0.78131,1745580860666,True
1745580863381, BTCUSDT, 3549310498, 94220.0, 0.82644,1745580863380,True
1745580865832, BTCUSDT, 3549310535, 94216.5, 0.30229,1745580865831,True
1745580874585, BTCUSDT, 3549310579, 94216.51, 0.56498,1745580874585,False
1745580879597, BTCUSDT, 3549310617, 94220.0, 0.57696,1745580879596,False
1745580879601, BTCUSDT, 3549310619, 94220.0, 0.34546,1745580879599,False
1745580879613, BTCUSDT, 3549310626, 94220.0, 0.37007,1745580879609,False
1745580879621, BTCUSDT, 3549310630, 94220.0, 3.18494,1745580879618,False
1745580879621, BTCUSDT, 3549310634, 94220.0, 0.17,1745580879619,False
1745580879622, BTCUSDT, 3549310635, 94220.0, 2.01691,1745580879619,False
1745580891308, BTCUSDT, 3549310724, 94232.99, 0.24011,1745580891302,True
1745580892759, BTCUSDT, 3549310780, 94221.56, 0.63784,1745580892759,False
1745580899044, BTCUSDT, 3549310803, 94221.56, 0.25,1745580899043,False
1745580907817, BTCUSDT, 3549310849, 94221.56, 1.02811,1745580907817,False
1745580913371, BTCUSDT, 3549310881, 94221.55, 0.42488,1745580913370,True
1745580915318, BTCUSDT, 3549310938, 94213.48, 0.24516,1745580915317,True
1745580918876, BTCUSDT, 3549310955, 94213.49, 0.54671,1745580918875,False
1745580922594, BTCUSDT, 3549311002, 94209.31, 0.99592,1745580922593,False
1745580923245, BTCUSDT, 3549311009, 94209.31, 0.42459,1745580923245,False
1745580932443, BTCUSDT, 3549311058, 94209.3, 0.16168,1745580932442,True
1745580935992, BTCUSDT, 3549311071, 94209.31, 1.46958,1745580935991,False
1745580936505, BTCUSDT, 3549311075, 94209.3, 0.37995,1745580936504,True
1745580944385, BTCUSDT, 3549311102, 94209.3, 1.41237,1745580944384,True
1745580944385, BTCUSDT, 3549311103, 94209.3, 0.31189,1745580944384,True
1745580944385, BTCUSDT, 3549311104, 94209.3, 0.42598,1745580944384,True
1745580944389, BTCUSDT, 3549311107, 94209.3, 0.19928,1745580944386,True
1745580944390, BTCUSDT, 3549311144, 94202.03, 0.70039,1745580944386,True
1745580944390, BTCUSDT, 3549311154, 94199.87, 0.495,1745580944386,True
1745580944390, BTCUSDT, 3549311155, 94199.22, 0.79626,1745580944386,True
1745580945496, BTCUSDT, 3549311201, 94198.13, 0.24845,1745580945496,False
1745580946916, BTCUSDT, 3549311237, 94209.31, 0.33903,1745580946915,False
1745580949695, BTCUSDT, 3549311267, 94216.03, 0.64731,1745580949694,False
1745580965729, BTCUSDT, 3549311378, 94218.47, 0.34331,1745580965729,False
1745580986399, BTCUSDT, 3549311505, 94210.37, 0.2,1745580986398,True
1745581008872, BTCUSDT, 3549311639, 94202.02, 0.16879,1745581008871,True
1745581008872, BTCUSDT, 3549311645, 94200.56, 0.21387,1745581008871,True
1745581008872, BTCUSDT, 3549311646, 94200.55, 0.19671,1745581008871,True
1745581012115, BTCUSDT, 3549311713, 94194.33, 0.19315,1745581012114,True
1745581012116, BTCUSDT, 3549311715, 94194.33, 0.16653,1745581012115,True
1745581012118, BTCUSDT, 3549311716, 94194.33, 0.34447,1745581012115,True
1745581013088, BTCUSDT, 3549311755, 94191.12, 0.18265,1745581013087,False
1745581025961, BTCUSDT, 3549311811, 94191.11, 0.67055,1745581025961,True
1745581025969, BTCUSDT, 3549311812, 94191.11, 0.17614,1745581025967,True
1745581026052, BTCUSDT, 3549311847, 94185.99, 0.3058,1745581026051,True
1745581026052, BTCUSDT, 3549311848, 94185.99, 0.82496,1745581026051,True
1745581026278, BTCUSDT, 3549311894, 94179.41, 5.0,1745581026278,True
1745581027616, BTCUSDT, 3549311898, 94179.43, 0.15928,1745581027615,False
1745581029975, BTCUSDT, 3549311929, 94182.91, 0.40834,1745581029974,True
1745581032116, BTCUSDT, 3549311973, 94175.85, 0.32232,1745581032116,True
1745581032127, BTCUSDT, 3549311997, 94173.91, 0.28778,1745581032126,True
1745581032127, BTCUSDT, 3549312026, 94166.43, 0.48,1745581032126,True
1745581032127, BTCUSDT, 3549312037, 94165.52, 0.32773,1745581032126,True
1745581032204, BTCUSDT, 3549312067, 94161.75, 0.16006,1745581032204,True
1745581032350, BTCUSDT, 3549312160, 94149.91, 0.21699,1745581032349,True
1745581032350, BTCUSDT, 3549312176, 94146.21, 0.31583,1745581032349,True
1745581032350, BTCUSDT, 3549312178, 94145.86, 0.16,1745581032349,True
1745581032350, BTCUSDT, 3549312193, 94142.78, 0.72021,1745581032349,True
1745581032350, BTCUSDT, 3549312215, 94138.45, 0.34894,1745581032349,True
1745581032350, BTCUSDT, 3549312219, 94137.71, 0.42453,1745581032349,True
1745581032350, BTCUSDT, 3549312224, 94137.04, 0.21381,1745581032349,True
1745581032350, BTCUSDT, 3549312230, 94136.5, 0.21831,1745581032349,True
1745581032350, BTCUSDT, 3549312244, 94134.42, 0.31839,1745581032349,True
1745581032350, BTCUSDT, 3549312247, 94133.37, 0.71586,1745581032349,True
1745581034015, BTCUSDT, 3549312281, 94132.92, 0.24705,1745581034015,True
1745581036216, BTCUSDT, 3549312319, 94130.44, 0.17638,1745581036216,True
1745581037626, BTCUSDT, 3549312342, 94130.45, 0.23663,1745581037621,False
1745581037763, BTCUSDT, 3549312345, 94130.45, 0.79513,1745581037763,False
1745581043467, BTCUSDT, 3549312393, 94130.43, 0.16678,1745581043467,True
1745581048079, BTCUSDT, 3549312481, 94117.6, 0.28325,1745581048075,True
1745581048489, BTCUSDT, 3549312494, 94116.18, 0.2223,1745581048489,True
1745581052306, BTCUSDT, 3549312507, 94116.18, 1.00235,1745581052305,True
1745581053550, BTCUSDT, 3549312515, 94116.18, 0.60295,1745581053549,True
1745581057997, BTCUSDT, 3549312574, 94107.9, 0.33001,1745581057995,True
1745581057997, BTCUSDT, 3549312575, 94107.89, 0.56,1745581057995,True
1745581057997, BTCUSDT, 3549312578, 94106.76, 0.495,1745581057995,True
1745581057997, BTCUSDT, 3549312588, 94105.14, 0.21381,1745581057995,True
1745581057997, BTCUSDT, 3549312589, 94105.13, 0.21381,1745581057995,True
1745581057997, BTCUSDT, 3549312592, 94104.8, 0.76818,1745581057995,True
1745581057997, BTCUSDT, 3549312593, 94104.79, 0.70112,1745581057995,True
1745581057997, BTCUSDT, 3549312618, 94101.36, 0.42762,1745581057995,True
1745581057997, BTCUSDT, 3549312619, 94101.35, 0.79599,1745581057995,True
1745581057997, BTCUSDT, 3549312626, 94100.54, 0.48,1745581057995,True
1745581057997, BTCUSDT, 3549312629, 94100.4, 0.87133,1745581057995,True
1745581060491, BTCUSDT, 3549312644, 94099.63, 0.6,1745581060490,True
1745581062718, BTCUSDT, 3549312656, 94099.63, 2.35329,1745581062717,True
1745581062718, BTCUSDT, 3549312698, 94091.56, 0.21381,1745581062717,True
1745581062718, BTCUSDT, 3549312699, 94091.55, 0.21381,1745581062717,True
1745581062718, BTCUSDT, 3549312700, 94091.54, 0.54211,1745581062717,True
1745581062718, BTCUSDT, 3549312701, 94091.53, 0.64,1745581062717,True
1745581069814, BTCUSDT, 3549312738, 94089.99, 6.49452,1745581069814,True
1745581071758, BTCUSDT, 3549312751, 94090.0, 1.55647,1745581071757,False
1745581071833, BTCUSDT, 3549312754, 94090.0, 0.69607,1745581071832,False
1745581071910, BTCUSDT, 3549312755, 94090.0, 5.08253,1745581071910,False
1745581071911, BTCUSDT, 3549312757, 94090.01, 0.38123,1745581071910,False
1745581072116, BTCUSDT, 3549312784, 94099.65, 0.2,1745581072115,False
1745581075892, BTCUSDT, 3549312798, 94101.22, 0.80734,1745581075892,False
1745581078371, BTCUSDT, 3549312991, 94140.0, 0.19016,1745581078370,False
1745581078372, BTCUSDT, 3549312993, 94140.0, 0.27658,1745581078371,False
1745581078376, BTCUSDT, 3549313003, 94140.79, 0.2361,1745581078375,False
1745581078393, BTCUSDT, 3549313060, 94153.53, 0.32,1745581078389,False
1745581084480, BTCUSDT, 3549313101, 94156.49, 0.17623,1745581084479,True
1745581084480, BTCUSDT, 3549313102, 94156.49, 0.22789,1745581084479,True
1745581090694, BTCUSDT, 3549313154, 94149.07, 0.32727,1745581090694,True
1745581097275, BTCUSDT, 3549313333, 94118.22, 1.23426,1745581097274,True
1745581099301, BTCUSDT, 3549313342, 94118.22, 0.60757,1745581099300,True
1745581101176, BTCUSDT, 3549313385, 94109.9, 6.35233,1745581101175,True
1745581101176, BTCUSDT, 3549313408, 94105.3, 0.20518,1745581101175,True
1745581103971, BTCUSDT, 3549313420, 94105.3, 1.37745,1745581103970,True
1745581106557, BTCUSDT, 3549313452, 94109.9, 2.60851,1745581106556,True
1745581111731, BTCUSDT, 3549313490, 94115.71, 0.29979,1745581111730,True
1745581111734, BTCUSDT, 3549313507, 94111.79, 0.45384,1745581111732,True
1745581112343, BTCUSDT, 3549313530, 94104.77, 1.1452,1745581112342,True
1745581141491, BTCUSDT, 3549313638, 94104.78, 1.27052,1745581141490,False
1745581141491, BTCUSDT, 3549313640, 94104.79, 0.26034,1745581141490,False
1745581152216, BTCUSDT, 3549313795, 94121.43, 0.17732,1745581152215,False
1745581153343, BTCUSDT, 3549313807, 94121.44, 0.4135,1745581153342,False
1745581155362, BTCUSDT, 3549313869, 94137.66, 0.21245,1745581155362,False
1745581164474, BTCUSDT, 3549313906, 94137.67, 0.31267,1745581164473,False
1745581169116, BTCUSDT, 3549313934, 94139.99, 0.1675,1745581169115,True
1745581180058, BTCUSDT, 3549314020, 94124.96, 0.57412,1745581180057,False
1745581180058, BTCUSDT, 3549314021, 94124.96, 0.64612,1745581180057,False
1745581180059, BTCUSDT, 3549314022, 94124.97, 0.4905,1745581180057,False
1745581180059, BTCUSDT, 3549314025, 94125.36, 0.34169,1745581180057,False
1745581180059, BTCUSDT, 3549314026, 94125.36, 0.35939,1745581180057,False
1745581195020, BTCUSDT, 3549314117, 94135.01, 0.30051,1745581195019,True
1745581197298, BTCUSDT, 3549314131, 94135.02, 0.2443,1745581197297,False
1745581197298, BTCUSDT, 3549314154, 94140.37, 0.17745,1745581197297,False
1745581197298, BTCUSDT, 3549314160, 94142.81, 0.70089,1745581197297,False
1745581197298, BTCUSDT, 3549314164, 94143.68, 0.21454,1745581197297,False
1745581197298, BTCUSDT, 3549314167, 94145.07, 0.21387,1745581197297,False
1745581197298, BTCUSDT, 3549314178, 94149.05, 0.19949,1745581197297,False
1745581197298, BTCUSDT, 3549314179, 94149.06, 0.32349,1745581197297,False
1745581197298, BTCUSDT, 3549314182, 94149.28, 0.21381,1745581197297,False
1745581197298, BTCUSDT, 3549314202, 94153.1, 0.20693,1745581197297,False
1745581210625, BTCUSDT, 3549314372, 94184.67, 0.21676,1745581210625,True
1745581221108, BTCUSDT, 3549314451, 94189.89, 0.31602,1745581221107,False
1745581221108, BTCUSDT, 3549314466, 94191.76, 0.69129,1745581221107,False
1745581221112, BTCUSDT, 3549314490, 94200.0, 0.32,1745581221109,False
1745581228797, BTCUSDT, 3549314549, 94193.62, 0.3888,1745581228796,False
1745581230059, BTCUSDT, 3549314554, 94193.61, 0.37357,1745581230059,True
1745581230428, BTCUSDT, 3549314614, 94181.37, 0.5,1745581230427,False
1745581235384, BTCUSDT, 3549314664, 94175.99, 6.64635,1745581235383,False
1745581238566, BTCUSDT, 3549314701, 94181.91, 0.88794,1745581238564,False
1745581238567, BTCUSDT, 3549314731, 94190.49, 0.32,1745581238565,False
1745581238569, BTCUSDT, 3549314761, 94197.98, 0.79657,1745581238566,False
1745581238573, BTCUSDT, 3549314768, 94200.0, 0.60373,1745581238568,False
1745581238573, BTCUSDT, 3549314793, 94207.15, 0.76402,1745581238568,False
1745581238573, BTCUSDT, 3549314806, 94210.25, 0.82021,1745581238568,False
1745581238573, BTCUSDT, 3549314809, 94210.39, 0.47493,1745581238568,False
1745581238573, BTCUSDT, 3549314810, 94210.5, 0.49787,1745581238568,False
1745581238574, BTCUSDT, 3549314818, 94212.82, 0.20142,1745581238568,False
1745581238574, BTCUSDT, 3549314819, 94213.14, 0.76398,1745581238568,False
1745581238574, BTCUSDT, 3549314820, 94213.25, 0.76397,1745581238568,False
1745581238653, BTCUSDT, 3549314848, 94217.4, 0.16,1745581238614,False
1745581238657, BTCUSDT, 3549314851, 94217.4, 0.16,1745581238616,False
1745581247014, BTCUSDT, 3549315018, 94233.01, 0.16664,1745581247013,False
1745581252233, BTCUSDT, 3549315150, 94242.43, 0.58785,1745581252233,False
1745581252236, BTCUSDT, 3549315175, 94250.0, 0.16544,1745581252234,False
1745581258122, BTCUSDT, 3549315267, 94260.0, 0.16,1745581258122,False
1745581258123, BTCUSDT, 3549315268, 94260.0, 0.32,1745581258122,False
1745581258125, BTCUSDT, 3549315271, 94260.0, 0.19463,1745581258124,False
1745581259648, BTCUSDT, 3549315353, 94266.0, 0.16,1745581259648,False
1745581259649, BTCUSDT, 3549315355, 94266.0, 0.32,1745581259648,False
1745581260021, BTCUSDT, 3549315362, 94266.0, 0.16,1745581260020,False
1745581260021, BTCUSDT, 3549315363, 94266.0, 0.32,1745581260020,False
1745581260022, BTCUSDT, 3549315364, 94266.0, 3.58288,1745581260021,False
1745581263481, BTCUSDT, 3549315610, 94283.0, 0.3,1745581263480,True
1745581266317, BTCUSDT, 3549315656, 94281.92, 0.16024,1745581266316,True
1745581266413, BTCUSDT, 3549315676, 94277.62, 0.28071,1745581266412,True
1745581266740, BTCUSDT, 3549315695, 94270.57, 11.11922,1745581266740,False
1745581278676, BTCUSDT, 3549315830, 94284.24, 4.85789,1745581278675,False
1745581278676, BTCUSDT, 3549315838, 94284.61, 0.22785,1745581278675,False
1745581278676, BTCUSDT, 3549315846, 94285.67, 0.21072,1745581278675,False
1745581281325, BTCUSDT, 3549315865, 94285.67, 0.74239,1745581281324,False
1745581283168, BTCUSDT, 3549315882, 94285.67, 3.94269,1745581283168,False
1745581286950, BTCUSDT, 3549315915, 94285.66, 0.6211,1745581286949,True
1745581287753, BTCUSDT, 3549315948, 94278.07, 2.0,1745581287752,False
1745581287922, BTCUSDT, 3549315954, 94278.07, 0.32,1745581287921,False
1745581287923, BTCUSDT, 3549315955, 94278.07, 0.24063,1745581287922,False
1745581287924, BTCUSDT, 3549315956, 94278.07, 0.38957,1745581287923,False
1745581295209, BTCUSDT, 3549316018, 94285.5, 3.90297,1745581295208,False
1745581297492, BTCUSDT, 3549316040, 94285.72, 0.17171,1745581297492,False
1745581306585, BTCUSDT, 3549316163, 94290.71, 0.6051,1745581306584,True
1745581306586, BTCUSDT, 3549316166, 94290.71, 0.32,1745581306585,True
1745581306586, BTCUSDT, 3549316167, 94290.71, 0.16,1745581306585,True
1745581306589, BTCUSDT, 3549316171, 94290.71, 0.4367,1745581306587,True
1745581306589, BTCUSDT, 3549316173, 94290.71, 0.28037,1745581306587,True
1745581306592, BTCUSDT, 3549316177, 94290.71, 0.16317,1745581306589,True
1745581306592, BTCUSDT, 3549316178, 94290.71, 0.16285,1745581306589,True
1745581306593, BTCUSDT, 3549316179, 94290.71, 0.5925,1745581306589,True
1745581306594, BTCUSDT, 3549316180, 94290.71, 0.31931,1745581306590,True
1745581306594, BTCUSDT, 3549316181, 94290.71, 0.31966,1745581306590,True
1745581306596, BTCUSDT, 3549316182, 94290.71, 0.48396,1745581306591,True
1745581306599, BTCUSDT, 3549316183, 94290.71, 0.41586,1745581306592,True
1745581306602, BTCUSDT, 3549316184, 94290.71, 0.36989,1745581306594,True
1745581306624, BTCUSDT, 3549316190, 94290.71, 0.16857,1745581306610,True
1745581314334, BTCUSDT, 3549316289, 94278.68, 0.22558,1745581314334,True
1745581314335, BTCUSDT, 3549316301, 94276.51, 0.15958,1745581314335,True
1745581314653, BTCUSDT, 3549316524, 94248.62, 0.40799,1745581314653,True
1745581321809, BTCUSDT, 3549316737, 94234.91, 2.21678,1745581321809,False
1745581337930, BTCUSDT, 3549316834, 94235.0, 0.31835,1745581337929,False
1745581343913, BTCUSDT, 3549316874, 94235.0, 0.25677,1745581343912,False
1745581381133, BTCUSDT, 3549317322, 94243.41, 0.19248,1745581381132,False
1745581381133, BTCUSDT, 3549317323, 94243.41, 0.19248,1745581381133,False
1745581381316, BTCUSDT, 3549317329, 94243.41, 0.26912,1745581381315,False
1745581382117, BTCUSDT, 3549317374, 94259.5, 0.2294,1745581382116,False
1745581384942, BTCUSDT, 3549317399, 94260.0, 0.20749,1745581384941,False
1745581390752, BTCUSDT, 3549317462, 94270.97, 0.28672,1745581390750,True
1745581390754, BTCUSDT, 3549317464, 94270.97, 0.42725,1745581390751,True
1745581392443, BTCUSDT, 3549317529, 94256.15, 0.51528,1745581392443,False
1745581393656, BTCUSDT, 3549317550, 94259.15, 0.32018,1745581393655,False
1745581395804, BTCUSDT, 3549317583, 94265.81, 0.34,1745581395803,True
1745581395851, BTCUSDT, 3549317592, 94265.81, 0.2422,1745581395851,True
1745581396025, BTCUSDT, 3549317598, 94265.81, 0.1697,1745581396024,True
1745581406400, BTCUSDT, 3549317637, 94265.81, 0.16,1745581406400,True
1745581406400, BTCUSDT, 3549317638, 94265.81, 0.32,1745581406400,True
1745581412743, BTCUSDT, 3549317787, 94242.18, 0.45586,1745581412741,False
1745581412744, BTCUSDT, 3549317788, 94242.18, 0.25586,1745581412742,False
1745581412744, BTCUSDT, 3549317789, 94242.18, 0.32701,1745581412742,False
1745581412744, BTCUSDT, 3549317790, 94242.18, 0.45396,1745581412742,False
1745581412744, BTCUSDT, 3549317791, 94242.18, 0.90655,1745581412742,False
1745581412746, BTCUSDT, 3549317820, 94247.99, 0.40566,1745581412743,False
1745581412800, BTCUSDT, 3549317876, 94255.64, 0.16,1745581412782,False
1745581413059, BTCUSDT, 3549317891, 94257.09, 0.15927,1745581413058,False
1745581413060, BTCUSDT, 3549317896, 94257.09, 0.17318,1745581413058,False
1745581423016, BTCUSDT, 3549318001, 94275.66, 1.0,1745581423016,True
1745581426511, BTCUSDT, 3549318026, 94275.66, 0.54,1745581426511,True
1745581433452, BTCUSDT, 3549318103, 94267.78, 0.21216,1745581433452,True
1745581439865, BTCUSDT, 3549318128, 94267.79, 0.33979,1745581439862,False
1745581439865, BTCUSDT, 3549318129, 94267.79, 0.38978,1745581439862,False
1745581439865, BTCUSDT, 3549318130, 94267.79, 1.53623,1745581439863,False
1745581439867, BTCUSDT, 3549318159, 94273.85, 0.20421,1745581439863,False
1745581439872, BTCUSDT, 3549318160, 94273.85, 0.19918,1745581439866,False
1745581440303, BTCUSDT, 3549318164, 94274.12, 0.66129,1745581440303,False
1745581440306, BTCUSDT, 3549318170, 94274.55, 0.2104,1745581440305,False
1745581440307, BTCUSDT, 3549318177, 94275.66, 0.22757,1745581440307,False
1745581442202, BTCUSDT, 3549318191, 94275.67, 0.53035,1745581442201,False
1745581446243, BTCUSDT, 3549318245, 94266.23, 0.15996,1745581446242,True
1745581447142, BTCUSDT, 3549318261, 94263.08, 0.90311,1745581447141,True
1745581449977, BTCUSDT, 3549318293, 94258.24, 0.21028,1745581449977,True
1745581457311, BTCUSDT, 3549318412, 94246.18, 0.70589,1745581457311,False
1745581459221, BTCUSDT, 3549318607, 94223.72, 0.58457,1745581459221,True
1745581460099, BTCUSDT, 3549318640, 94220.41, 1.64848,1745581460098,True
1745581460722, BTCUSDT, 3549318667, 94218.14, 0.56014,1745581460721,True
1745581461543, BTCUSDT, 3549318677, 94217.79, 0.6467,1745581461542,True
1745581462217, BTCUSDT, 3549318714, 94212.7, 0.16,1745581462216,True
1745581466054, BTCUSDT, 3549318782, 94230.0, 0.1811,1745581466050,True
1745581466054, BTCUSDT, 3549318783, 94230.0, 0.27769,1745581466050,True
1745581466055, BTCUSDT, 3549318784, 94230.0, 0.16433,1745581466051,True
1745581466055, BTCUSDT, 3549318789, 94230.0, 0.27769,1745581466051,True
1745581466056, BTCUSDT, 3549318793, 94230.0, 0.19025,1745581466051,True
1745581466067, BTCUSDT, 3549318816, 94223.45, 0.19211,1745581466057,True
1745581466705, BTCUSDT, 3549318841, 94220.01, 0.33295,1745581466704,False
1745581478563, BTCUSDT, 3549318906, 94229.99, 0.3415,1745581478563,True
1745581486156, BTCUSDT, 3549318937, 94230.0, 3.95026,1745581486155,False
1745581486270, BTCUSDT, 3549318945, 94231.49, 0.26271,1745581486269,False
1745581488497, BTCUSDT, 3549319002, 94239.99, 0.21631,1745581488496,True
1745581489490, BTCUSDT, 3549319007, 94240.0, 0.16633,1745581489489,False
1745581489490, BTCUSDT, 3549319010, 94240.24, 0.17933,1745581489489,False
1745581489493, BTCUSDT, 3549319016, 94240.95, 0.27796,1745581489493,False
1745581498489, BTCUSDT, 3549319053, 94243.74, 0.19282,1745581498488,True
1745581503504, BTCUSDT, 3549319071, 94243.74, 0.20273,1745581503504,True
1745581508176, BTCUSDT, 3549319097, 94243.75, 0.4628,1745581508175,False
1745581508176, BTCUSDT, 3549319098, 94243.75, 0.16611,1745581508175,False
1745581508177, BTCUSDT, 3549319101, 94243.75, 0.7722,1745581508176,False
1745581508177, BTCUSDT, 3549319102, 94243.75, 0.26283,1745581508176,False
1745581508178, BTCUSDT, 3549319103, 94243.75, 0.59648,1745581508176,False
1745581516384, BTCUSDT, 3549319238, 94243.74, 0.54,1745581516383,True
1745581517361, BTCUSDT, 3549319311, 94231.56, 0.25995,1745581517360,False
1745581521505, BTCUSDT, 3549319341, 94238.09, 1.14676,1745581521504,False
1745581529906, BTCUSDT, 3549319397, 94239.76, 0.3051,1745581529906,False
1745581529908, BTCUSDT, 3549319408, 94240.06, 0.25729,1745581529907,False
1745581529910, BTCUSDT, 3549319418, 94243.74, 0.49501,1745581529909,False
1745581532059, BTCUSDT, 3549319547, 94275.67, 0.16977,1745581532057,False
1745581540073, BTCUSDT, 3549319679, 94261.65, 0.92178,1745581540072,False
1745581543932, BTCUSDT, 3549319696, 94261.64, 0.54,1745581543932,True
1745581553820, BTCUSDT, 3549319801, 94249.28, 1.15591,1745581553819,False
1745581555073, BTCUSDT, 3549319806, 94249.28, 0.70638,1745581555072,False
1745581555073, BTCUSDT, 3549319807, 94249.29, 0.26542,1745581555072,False
1745581555082, BTCUSDT, 3549319836, 94253.16, 0.22203,1745581555078,False
1745581555089, BTCUSDT, 3549319843, 94254.09, 0.29518,1745581555082,False
1745581556207, BTCUSDT, 3549319849, 94254.09, 0.16379,1745581556202,False
1745581556211, BTCUSDT, 3549319852, 94254.09, 0.33391,1745581556204,False
1745581556273, BTCUSDT, 3549319880, 94261.33, 0.28167,1745581556235,False
1745581556281, BTCUSDT, 3549319884, 94261.64, 0.17,1745581556239,False
1745581556305, BTCUSDT, 3549319885, 94261.64, 0.20392,1745581556250,False
1745581556310, BTCUSDT, 3549319886, 94261.64, 0.17696,1745581556252,False
1745581566928, BTCUSDT, 3549320000, 94272.94, 0.42522,1745581566928,True
1745581568159, BTCUSDT, 3549320005, 94272.95, 0.32,1745581568159,False
1745581568160, BTCUSDT, 3549320007, 94272.95, 0.65225,1745581568159,False
1745581574639, BTCUSDT, 3549320094, 94285.72, 0.21106,1745581574638,False
1745581578077, BTCUSDT, 3549320136, 94290.0, 0.16,1745581578077,False
1745581578077, BTCUSDT, 3549320138, 94290.0, 0.213,1745581578077,False
1745581578145, BTCUSDT, 3549320140, 94290.0, 0.16,1745581578144,False
1745581578181, BTCUSDT, 3549320143, 94290.0, 0.29647,1745581578180,False
1745581580018, BTCUSDT, 3549320163, 94291.93, 0.16,1745581580018,False
1745581580018, BTCUSDT, 3549320165, 94291.93, 0.32,1745581580018,False
1745581581451, BTCUSDT, 3549320183, 94291.99, 0.16,1745581581450,False
1745581581451, BTCUSDT, 3549320184, 94291.99, 0.24,1745581581450,False
1745581581451, BTCUSDT, 3549320185, 94291.99, 0.16,1745581581451,False
1745581581452, BTCUSDT, 3549320192, 94292.35, 0.16573,1745581581451,False
1745581582103, BTCUSDT, 3549320264, 94298.0, 0.32,1745581582103,False
1745581582104, BTCUSDT, 3549320266, 94298.0, 0.16,1745581582103,False
1745581582296, BTCUSDT, 3549320270, 94298.0, 0.16,1745581582296,False
1745581582297, BTCUSDT, 3549320271, 94298.0, 0.32,1745581582296,False
1745581582302, BTCUSDT, 3549320307, 94300.0, 0.32,1745581582301,False
1745581582302, BTCUSDT, 3549320309, 94300.0, 0.16,1745581582301,False
1745581582713, BTCUSDT, 3549320326, 94300.0, 0.208,1745581582713,False
1745581583848, BTCUSDT, 3549320349, 94300.0, 0.16,1745581583847,False
1745581584139, BTCUSDT, 3549320355, 94300.0, 0.16,1745581584139,False
1745581584139, BTCUSDT, 3549320356, 94300.0, 0.32,1745581584139,False
1745581584140, BTCUSDT, 3549320358, 94300.0, 2.35541,1745581584139,False
1745581584141, BTCUSDT, 3549320359, 94300.0, 1.41828,1745581584140,False
1745581585974, BTCUSDT, 3549320466, 94307.68, 0.21207,1745581585973,False
1745581586014, BTCUSDT, 3549320471, 94307.68, 0.32,1745581586014,False
1745581587159, BTCUSDT, 3549320566, 94315.79, 0.25392,1745581587158,True
1745581587668, BTCUSDT, 3549320569, 94315.79, 0.26347,1745581587668,True
1745581588845, BTCUSDT, 3549320684, 94289.42, 0.19711,1745581588845,True
1745581605993, BTCUSDT, 3549320810, 94280.0, 0.26685,1745581605993,True
1745581606146, BTCUSDT, 3549320818, 94280.01, 0.16,1745581606146,False
1745581614815, BTCUSDT, 3549320850, 94280.01, 0.38,1745581614815,False
1745581627736, BTCUSDT, 3549320970, 94280.01, 0.16,1745581627735,False
1745581627738, BTCUSDT, 3549320973, 94280.01, 0.16738,1745581627737,False
1745581627738, BTCUSDT, 3549320974, 94280.02, 0.22052,1745581627737,False
1745581628487, BTCUSDT, 3549321003, 94293.12, 0.18529,1745581628486,True
1745581629559, BTCUSDT, 3549321044, 94303.79, 0.16893,1745581629553,False
1745581629721, BTCUSDT, 3549321047, 94303.79, 0.48199,1745581629721,False
1745581636220, BTCUSDT, 3549321085, 94307.25, 0.49253,1745581636220,True
1745581638352, BTCUSDT, 3549321096, 94307.26, 0.16183,1745581638351,False
1745581638486, BTCUSDT, 3549321115, 94300.5, 0.18071,1745581638485,True
1745581648486, BTCUSDT, 3549321256, 94280.83, 0.17812,1745581648486,True
1745581651480, BTCUSDT, 3549321268, 94280.84, 0.92097,1745581651480,False
1745581653486, BTCUSDT, 3549321277, 94280.83, 0.18013,1745581653486,True
1745581658295, BTCUSDT, 3549321321, 94280.84, 0.17876,1745581658294,False
1745581663487, BTCUSDT, 3549321360, 94283.93, 0.17742,1745581663486,True
1745581665255, BTCUSDT, 3549321364, 94283.94, 0.31818,1745581665255,False
1745581673489, BTCUSDT, 3549321455, 94269.42, 0.16928,1745581673488,True
1745581680161, BTCUSDT, 3549321476, 94269.43, 0.17361,1745581680161,False
1745581687515, BTCUSDT, 3549321537, 94282.57, 0.63833,1745581687514,True
1745581688486, BTCUSDT, 3549321540, 94282.57, 0.16361,1745581688486,True
1745581693487, BTCUSDT, 3549321560, 94282.57, 0.16875,1745581693486,True
1745581696487, BTCUSDT, 3549321576, 94280.54, 0.17219,1745581696487,False
1745581700211, BTCUSDT, 3549321587, 94280.54, 0.49198,1745581700211,False
1745581701216, BTCUSDT, 3549321610, 94283.94, 0.28019,1745581701215,False
1745581711486, BTCUSDT, 3549321648, 94286.91, 0.16564,1745581711486,False
1745581720709, BTCUSDT, 3549321704, 94286.9, 0.21212,1745581720708,True
1745581730021, BTCUSDT, 3549321733, 94286.91, 0.38381,1745581730021,False
1745581734503, BTCUSDT, 3549321752, 94286.91, 0.243,1745581734503,False
1745581734505, BTCUSDT, 3549321755, 94286.91, 0.95067,1745581734505,False
1745581735017, BTCUSDT, 3549321783, 94291.54, 0.274,1745581735016,False
1745581735170, BTCUSDT, 3549321790, 94291.55, 0.16,1745581735170,False
1745581735171, BTCUSDT, 3549321791, 94291.55, 0.32,1745581735170,False
1745581736207, BTCUSDT, 3549321819, 94295.78, 0.16,1745581736207,False
1745581736598, BTCUSDT, 3549321822, 94295.78, 0.39545,1745581736598,False
1745581742626, BTCUSDT, 3549321894, 94305.27, 1.48006,1745581742625,True
1745581750649, BTCUSDT, 3549321930, 94305.28, 6.52788,1745581750643,False
1745581750649, BTCUSDT, 3549321933, 94305.32, 0.30976,1745581750643,False
1745581750649, BTCUSDT, 3549321934, 94305.33, 0.69975,1745581750643,False
1745581750649, BTCUSDT, 3549321938, 94305.81, 0.19238,1745581750643,False
1745581750649, BTCUSDT, 3549321959, 94312.38, 0.32115,1745581750643,False
1745581750649, BTCUSDT, 3549321965, 94315.28, 0.45331,1745581750643,False
1745581750649, BTCUSDT, 3549321967, 94315.68, 0.33364,1745581750643,False
1745581750649, BTCUSDT, 3549321968, 94315.69, 0.21381,1745581750643,False
1745581750649, BTCUSDT, 3549321970, 94315.96, 0.21381,1745581750643,False
1745581750649, BTCUSDT, 3549321978, 94316.7, 0.49696,1745581750643,False
1745581750649, BTCUSDT, 3549322005, 94319.49, 1.54836,1745581750643,False
1745581750649, BTCUSDT, 3549322022, 94321.26, 0.42762,1745581750643,False
1745581750649, BTCUSDT, 3549322029, 94321.82, 0.7958,1745581750643,False
1745581750649, BTCUSDT, 3549322033, 94322.17, 1.0,1745581750643,False
1745581750649, BTCUSDT, 3549322035, 94322.2, 2.50632,1745581750643,False
1745581750649, BTCUSDT, 3549322046, 94322.78, 1.29289,1745581750643,False
1745581750649, BTCUSDT, 3549322071, 94325.14, 0.21381,1745581750643,False
1745581750649, BTCUSDT, 3549322075, 94325.66, 0.7958,1745581750643,False
1745581750649, BTCUSDT, 3549322077, 94325.81, 0.76312,1745581750643,False
1745581750649, BTCUSDT, 3549322080, 94326.28, 1.1,1745581750643,False
1745581750649, BTCUSDT, 3549322086, 94326.88, 0.21381,1745581750643,False
1745581750649, BTCUSDT, 3549322087, 94326.89, 0.30538,1745581750643,False
1745581750649, BTCUSDT, 3549322093, 94327.55, 0.53269,1745581750643,False
1745581750649, BTCUSDT, 3549322094, 94327.56, 1.40851,1745581750643,False
1745581750649, BTCUSDT, 3549322095, 94327.86, 1.71052,1745581750643,False
1745581750649, BTCUSDT, 3549322096, 94327.88, 0.495,1745581750643,False
1745581750649, BTCUSDT, 3549322104, 94328.6, 0.42443,1745581750643,False
1745581750649, BTCUSDT, 3549322121, 94330.03, 0.76303,1745581750643,False
1745581750649, BTCUSDT, 3549322142, 94331.72, 0.16,1745581750643,False
1745581750649, BTCUSDT, 3549322149, 94332.3, 0.21381,1745581750643,False
1745581750649, BTCUSDT, 3549322150, 94332.31, 2.12011,1745581750643,False
1745581750649, BTCUSDT, 3549322156, 94333.14, 0.30404,1745581750643,False
1745581750649, BTCUSDT, 3549322157, 94333.23, 0.31832,1745581750643,False
1745581750649, BTCUSDT, 3549322164, 94333.33, 0.80085,1745581750643,False
1745581750649, BTCUSDT, 3549322165, 94333.34, 0.31052,1745581750643,False
1745581750649, BTCUSDT, 3549322173, 94334.43, 0.21381,1745581750643,False
1745581750649, BTCUSDT, 3549322176, 94334.88, 0.26526,1745581750643,False
1745581750649, BTCUSDT, 3549322178, 94334.99, 0.7958,1745581750643,False
1745581750649, BTCUSDT, 3549322179, 94335.25, 1.71078,1745581750643,False
1745581750649, BTCUSDT, 3549322187, 94335.91, 0.7958,1745581750643,False
1745581750649, BTCUSDT, 3549322188, 94335.95, 0.7958,1745581750643,False
1745581750649, BTCUSDT, 3549322194, 94336.45, 0.7958,1745581750643,False
1745581750649, BTCUSDT, 3549322197, 94336.85, 0.76297,1745581750643,False
1745581750649, BTCUSDT, 3549322201, 94337.21, 1.68482,1745581750643,False
1745581750649, BTCUSDT, 3549322202, 94337.22, 0.53392,1745581750643,False
1745581750649, BTCUSDT, 3549322205, 94337.3, 0.495,1745581750643,False
1745581750649, BTCUSDT, 3549322212, 94337.95, 0.30304,1745581750643,False
1745581750649, BTCUSDT, 3549322219, 94338.34, 0.30961,1745581750643,False
1745581750649, BTCUSDT, 3549322224, 94339.06, 2.0,1745581750643,False
1745581750649, BTCUSDT, 3549322227, 94339.5, 0.7958,1745581750643,False
1745581750649, BTCUSDT, 3549322229, 94339.63, 0.7958,1745581750643,False
1745581750649, BTCUSDT, 3549322231, 94339.92, 0.7958,1745581750643,False
1745581750649, BTCUSDT, 3549322239, 94341.04, 0.21381,1745581750643,False
1745581750649, BTCUSDT, 3549322240, 94341.05, 1.71052,1745581750643,False
1745581750649, BTCUSDT, 3549322260, 94342.65, 0.58174,1745581750643,False
1745581750649, BTCUSDT, 3549322261, 94342.69, 0.8636,1745581750643,False
1745581750649, BTCUSDT, 3549322262, 94342.7, 1.63292,1745581750643,False
1745581750649, BTCUSDT, 3549322274, 94344.22, 0.7958,1745581750643,False
1745581750649, BTCUSDT, 3549322281, 94344.82, 0.30086,1745581750643,False
1745581750649, BTCUSDT, 3549322291, 94346.06, 0.70198,1745581750643,False
1745581750649, BTCUSDT, 3549322294, 94346.7, 0.53269,1745581750643,False
1745581750649, BTCUSDT, 3549322295, 94346.72, 0.495,1745581750643,False
1745581750649, BTCUSDT, 3549322319, 94349.0, 0.29607,1745581750643,False
1745581750649, BTCUSDT, 3549322321, 94349.2, 0.7958,1745581750643,False
1745581750649, BTCUSDT, 3549322329, 94350.0, 0.618,1745581750643,False
1745581750654, BTCUSDT, 3549322342, 94350.0, 0.61776,1745581750652,True
1745581750655, BTCUSDT, 3549322345, 94350.0, 0.858,1745581750652,True
1745581750655, BTCUSDT, 3549322346, 94350.0, 0.2202,1745581750652,True
1745581750656, BTCUSDT, 3549322349, 94350.0, 0.34371,1745581750653,True
1745581750656, BTCUSDT, 3549322350, 94350.0, 0.18453,1745581750653,True
1745581750656, BTCUSDT, 3549322352, 94350.0, 0.42083,1745581750653,True
1745581750660, BTCUSDT, 3549322354, 94350.0, 0.19761,1745581750655,True
1745581750661, BTCUSDT, 3549322356, 94350.0, 1.485,1745581750655,True
1745581750665, BTCUSDT, 3549322359, 94350.0, 0.49736,1745581750657,True
1745581750666, BTCUSDT, 3549322360, 94350.0, 0.4178,1745581750658,True
1745581750669, BTCUSDT, 3549322363, 94350.0, 0.21586,1745581750659,True
1745581750669, BTCUSDT, 3549322364, 94350.0, 0.5892,1745581750659,True
1745581750670, BTCUSDT, 3549322373, 94350.0, 2.08054,1745581750660,True
1745581750670, BTCUSDT, 3549322374, 94350.0, 0.40316,1745581750660,True
1745581750671, BTCUSDT, 3549322375, 94350.0, 0.80536,1745581750660,True
1745581750680, BTCUSDT, 3549322381, 94350.01, 0.16,1745581750665,False
1745581750689, BTCUSDT, 3549322385, 94350.01, 0.32,1745581750670,False
1745581750759, BTCUSDT, 3549322396, 94350.0, 0.21885,1745581750714,True
1745581750759, BTCUSDT, 3549322397, 94350.0, 0.17855,1745581750715,True
1745581750896, BTCUSDT, 3549322429, 94350.0, 0.2422,1745581750891,True
1745581750914, BTCUSDT, 3549322431, 94350.0, 0.2422,1745581750914,True
1745581751026, BTCUSDT, 3549322447, 94350.0, 0.1833,1745581751025,True
1745581751331, BTCUSDT, 3549322459, 94350.0, 0.26809,1745581751331,True
1745581752025, BTCUSDT, 3549322469, 94350.01, 0.32,1745581752024,False
1745581752025, BTCUSDT, 3549322470, 94350.01, 0.16,1745581752024,False
1745581764642, BTCUSDT, 3549322631, 94350.01, 0.54944,1745581764642,False
1745581765416, BTCUSDT, 3549322734, 94356.99, 0.2422,1745581765415,True
1745581765419, BTCUSDT, 3549322737, 94356.99, 0.2422,1745581765418,True
1745581765431, BTCUSDT, 3549322739, 94356.99, 0.2422,1745581765430,True
1745581765431, BTCUSDT, 3549322740, 94356.99, 0.2422,1745581765431,True
1745581765432, BTCUSDT, 3549322741, 94356.99, 0.2422,1745581765432,True
1745581765435, BTCUSDT, 3549322742, 94356.99, 0.2422,1745581765434,True
1745581765445, BTCUSDT, 3549322744, 94356.99, 0.2422,1745581765444,True
1745581765461, BTCUSDT, 3549322747, 94356.99, 0.2422,1745581765460,True
1745581765469, BTCUSDT, 3549322749, 94356.99, 0.2422,1745581765468,True
1745581765473, BTCUSDT, 3549322751, 94356.99, 0.2422,1745581765472,True
1745581765475, BTCUSDT, 3549322752, 94356.99, 0.2422,1745581765474,True
1745581765477, BTCUSDT, 3549322753, 94356.99, 0.16137,1745581765476,True
1745581765493, BTCUSDT, 3549322756, 94356.99, 0.2422,1745581765492,True
1745581765493, BTCUSDT, 3549322757, 94356.99, 0.2422,1745581765492,True
1745581765493, BTCUSDT, 3549322758, 94356.99, 0.2422,1745581765493,True
1745581765494, BTCUSDT, 3549322759, 94356.99, 0.2422,1745581765494,True
1745581765498, BTCUSDT, 3549322760, 94356.99, 0.2422,1745581765497,True
1745581765503, BTCUSDT, 3549322761, 94356.99, 0.2422,1745581765502,True
1745581773258, BTCUSDT, 3549322840, 94357.0, 5.10102,1745581773257,False
1745581774528, BTCUSDT, 3549322889, 94360.52, 0.16764,1745581774528,True
1745581775412, BTCUSDT, 3549322900, 94360.53, 2.11439,1745581775411,False
1745581775412, BTCUSDT, 3549322953, 94366.52, 0.22813,1745581775411,False
1745581781509, BTCUSDT, 3549322999, 94366.52, 0.43619,1745581781509,False
1745581783492, BTCUSDT, 3549323014, 94366.52, 0.16725,1745581783491,False
1745581785484, BTCUSDT, 3549323035, 94366.52, 0.26829,1745581785484,False
1745581786818, BTCUSDT, 3549323045, 94366.52, 0.412,1745581786817,False
1745581789658, BTCUSDT, 3549323071, 94366.51, 0.1965,1745581789658,True
1745581790484, BTCUSDT, 3549323155, 94346.0, 0.30376,1745581790483,False
1745581793038, BTCUSDT, 3549323168, 94345.99, 0.21341,1745581793037,True
1745581794795, BTCUSDT, 3549323183, 94346.0, 0.26497,1745581794795,False
1745581797614, BTCUSDT, 3549323210, 94346.0, 0.7886,1745581797614,False
1745581800496, BTCUSDT, 3549323245, 94343.71, 0.32754,1745581800495,False
1745581810468, BTCUSDT, 3549323347, 94325.53, 7.53,1745581810468,False
1745581810531, BTCUSDT, 3549323384, 94336.47, 0.5,1745581810530,True
1745581812924, BTCUSDT, 3549323416, 94339.02, 0.53086,1745581812923,True
1745581815483, BTCUSDT, 3549323430, 94339.03, 0.30006,1745581815482,False
1745581816534, BTCUSDT, 3549323441, 94339.03, 0.46662,1745581816533,False
1745581830044, BTCUSDT, 3549323535, 94336.47, 0.46038,1745581830044,True
1745581830045, BTCUSDT, 3549323536, 94336.47, 0.23286,1745581830044,True
1745581830047, BTCUSDT, 3549323539, 94336.47, 0.43201,1745581830046,True
1745581830518, BTCUSDT, 3549323545, 94336.47, 0.16,1745581830517,True
1745581841247, BTCUSDT, 3549323659, 94345.47, 0.65,1745581841246,False
1745581854575, BTCUSDT, 3549323788, 94345.47, 5.63548,1745581854574,False
1745581854575, BTCUSDT, 3549323791, 94345.6, 0.28055,1745581854574,False
1745581855318, BTCUSDT, 3549323835, 94352.44, 0.25088,1745581855317,False
1745581856797, BTCUSDT, 3549323874, 94357.45, 1.5409,1745581856797,False
1745581859555, BTCUSDT, 3549323934, 94363.66, 1.94045,1745581859554,False
1745581861468, BTCUSDT, 3549323966, 94363.65, 0.60271,1745581861467,True
1745581868224, BTCUSDT, 3549324032, 94363.16, 0.19351,1745581868224,False
1745581868865, BTCUSDT, 3549324035, 94363.16, 0.34959,1745581868864,False
1745581875570, BTCUSDT, 3549324103, 94366.46, 0.26207,1745581875570,False
1745581883775, BTCUSDT, 3549324196, 94363.18, 1.0,1745581883774,True
1745581884164, BTCUSDT, 3549324200, 94363.19, 0.25098,1745581884163,False
1745581886597, BTCUSDT, 3549324221, 94363.19, 0.22795,1745581886597,False
1745581887547, BTCUSDT, 3549324231, 94363.18, 1.0,1745581887547,True
1745581893261, BTCUSDT, 3549324343, 94346.07, 0.16,1745581893260,True
1745581897038, BTCUSDT, 3549324388, 94342.3, 0.51269,1745581897038,True
1745581908492, BTCUSDT, 3549324541, 94335.25, 0.22313,1745581908491,True
1745581914503, BTCUSDT, 3549324564, 94335.26, 1.0,1745581914502,False
1745581915229, BTCUSDT, 3549324569, 94335.26, 8.36101,1745581915228,False
1745581915229, BTCUSDT, 3549324577, 94335.48, 0.22452,1745581915228,False
1745581915229, BTCUSDT, 3549324578, 94335.49, 0.3184,1745581915228,False
1745581918677, BTCUSDT, 3549324667, 94351.29, 0.24547,1745581918677,False
1745581923865, BTCUSDT, 3549324752, 94366.99, 0.23965,1745581923864,False
1745581923866, BTCUSDT, 3549324798, 94370.27, 0.29827,1745581923864,False
1745581923866, BTCUSDT, 3549324816, 94371.82, 0.37438,1745581923864,False
1745581925605, BTCUSDT, 3549324852, 94372.01, 5.0,1745581925604,True
1745581931501, BTCUSDT, 3549324908, 94372.01, 1.11912,1745581931501,True
1745581934816, BTCUSDT, 3549324936, 94372.01, 0.1674,1745581934815,True
1745581934816, BTCUSDT, 3549324937, 94372.01, 0.27042,1745581934815,True
1745581935700, BTCUSDT, 3549325007, 94354.08, 0.19966,1745581935700,False
1745581942280, BTCUSDT, 3549325066, 94354.08, 0.80381,1745581942279,False
1745581942280, BTCUSDT, 3549325067, 94354.08, 0.28173,1745581942279,False
1745581958989, BTCUSDT, 3549325200, 94373.29, 0.2422,1745581958988,True
1745581959069, BTCUSDT, 3549325204, 94373.29, 0.2422,1745581959068,True
1745581965555, BTCUSDT, 3549325256, 94373.3, 0.68951,1745581965553,False
1745581965555, BTCUSDT, 3549325277, 94375.09, 0.25565,1745581965553,False
1745581965556, BTCUSDT, 3549325278, 94375.09, 0.28327,1745581965553,False
1745581965559, BTCUSDT, 3549325279, 94375.1, 0.48158,1745581965556,False
1745581965561, BTCUSDT, 3549325280, 94375.1, 0.21777,1745581965557,False
1745581965561, BTCUSDT, 3549325283, 94375.29, 0.2379,1745581965557,False
1745581965563, BTCUSDT, 3549325284, 94375.29, 0.45651,1745581965558,False
1745581965567, BTCUSDT, 3549325285, 94375.29, 0.3529,1745581965560,False
1745581965569, BTCUSDT, 3549325301, 94377.39, 0.37419,1745581965561,False
1745581965576, BTCUSDT, 3549325335, 94380.0, 0.17041,1745581965565,False
1745581965584, BTCUSDT, 3549325339, 94380.0, 0.16304,1745581965572,False
1745581965596, BTCUSDT, 3549325341, 94380.0, 0.28255,1745581965582,False
1745581979797, BTCUSDT, 3549325462, 94380.96, 0.77302,1745581979797,False
1745581981044, BTCUSDT, 3549325496, 94372.19, 1.05953,1745581981043,False
1745581994847, BTCUSDT, 3549325632, 94354.09, 0.50342,1745581994847,False
1745581998760, BTCUSDT, 3549325646, 94354.08, 0.4995,1745581998760,True
1745678439433, BTCUSDT, 3550372416, 94173.02, 0.25101,1745678439432,True
1745678459434, BTCUSDT, 3550372522, 94173.09, 0.23638,1745678459433,True
1745678463160, BTCUSDT, 3550372553, 94173.92, 0.18394,1745678463159,False
1745678469757, BTCUSDT, 3550372584, 94181.53, 0.43197,1745678469757,True
1745678475433, BTCUSDT, 3550372642, 94187.82, 0.18964,1745678475431,False
1745678478568, BTCUSDT, 3550372726, 94200.0, 0.16,1745678478568,False
1745678478629, BTCUSDT, 3550372768, 94208.0, 0.38385,1745678478622,False
1745678491244, BTCUSDT, 3550372893, 94213.28, 1.0,1745678491244,False
1745678494223, BTCUSDT, 3550372909, 94213.28, 1.0,1745678494222,False
1745678496914, BTCUSDT, 3550372923, 94213.28, 1.0,1745678496913,False
1745678513614, BTCUSDT, 3550373044, 94222.55, 0.17,1745678513610,False
1745678516016, BTCUSDT, 3550373198, 94243.43, 0.29854,1745678516015,False
1745678517877, BTCUSDT, 3550373227, 94246.85, 0.43445,1745678517877,False
1745678520008, BTCUSDT, 3550373245, 94246.84, 0.15943,1745678520007,True
1745678524496, BTCUSDT, 3550373282, 94246.84, 0.21957,1745678524496,True
1745678524499, BTCUSDT, 3550373284, 94246.84, 0.167,1745678524498,True
1745678524499, BTCUSDT, 3550373285, 94246.84, 0.31607,1745678524498,True
1745678524500, BTCUSDT, 3550373286, 94246.84, 0.25771,1745678524499,True
1745678524501, BTCUSDT, 3550373287, 94246.84, 0.17,1745678524499,True
1745678530105, BTCUSDT, 3550373331, 94242.63, 0.63557,1745678530104,False
1745678530365, BTCUSDT, 3550373333, 94242.63, 0.50905,1745678530365,False
1745678533472, BTCUSDT, 3550373342, 94242.62, 0.19256,1745678533466,True
1745678533474, BTCUSDT, 3550373343, 94242.62, 0.33706,1745678533467,True
1745678533475, BTCUSDT, 3550373344, 94242.62, 0.59661,1745678533468,True
1745678533478, BTCUSDT, 3550373345, 94242.62, 0.40639,1745678533469,True
1745690595227, BTCUSDT, 3550441805, 94256.55, 0.16,1745690595226,False
1745690613331, BTCUSDT, 3550441932, 94256.55, 0.5,1745690613330,False
1745690619323, BTCUSDT, 3550441967, 94260.87, 0.36517,1745690619322,False
1745690662119, BTCUSDT, 3550442105, 94273.86, 0.28141,1745690662118,False
1745690739040, BTCUSDT, 3550442452, 94316.8, 0.59172,1745690739039,False
1745690749331, BTCUSDT, 3550442517, 94329.35, 1.20347,1745690749330,False
1745690749780, BTCUSDT, 3550442568, 94342.52, 2.74313,1745690749780,False
1745690749784, BTCUSDT, 3550442569, 94342.52, 0.27262,1745690749784,False
1745690749786, BTCUSDT, 3550442571, 94342.52, 0.5912,1745690749786,False
1745690749787, BTCUSDT, 3550442573, 94342.52, 0.34107,1745690749786,False
1745690749787, BTCUSDT, 3550442575, 94342.52, 0.17258,1745690749786,False
1745690749787, BTCUSDT, 3550442577, 94342.52, 0.19234,1745690749786,False
1745690749788, BTCUSDT, 3550442584, 94342.52, 0.1696,1745690749787,False
1745690749788, BTCUSDT, 3550442586, 94342.52, 0.63237,1745690749787,False
1745690749789, BTCUSDT, 3550442590, 94342.52, 0.16283,1745690749788,False
1745690749789, BTCUSDT, 3550442592, 94342.52, 0.17778,1745690749788,False
1745690749790, BTCUSDT, 3550442595, 94342.52, 0.1657,1745690749790,False
1745690749791, BTCUSDT, 3550442596, 94342.52, 0.22815,1745690749790,False
1745690749793, BTCUSDT, 3550442598, 94342.52, 0.22464,1745690749792,False
1745690749797, BTCUSDT, 3550442600, 94342.52, 0.37505,1745690749797,False
1745690749843, BTCUSDT, 3550442607, 94342.52, 0.16,1745690749842,False
1745690749927, BTCUSDT, 3550442613, 94342.52, 0.17101,1745690749927,False
1745690757722, BTCUSDT, 3550442703, 94360.0, 0.16,1745690757721,False
1745690761719, BTCUSDT, 3550442745, 94371.99, 0.3723,1745690761717,True
1745690764688, BTCUSDT, 3550442760, 94371.99, 0.19959,1745690764687,True
1745690768395, BTCUSDT, 3550442800, 94363.45, 0.18794,1745690768393,True
1745690768395, BTCUSDT, 3550442805, 94363.06, 0.25709,1745690768393,True
1745690768396, BTCUSDT, 3550442819, 94360.94, 0.21019,1745690768394,True
1745690768396, BTCUSDT, 3550442820, 94360.94, 0.35532,1745690768394,True
1745690768396, BTCUSDT, 3550442821, 94360.94, 0.19751,1745690768394,True
1745690779430, BTCUSDT, 3550442912, 94345.49, 0.55612,1745690779430,True
1745690784179, BTCUSDT, 3550442995, 94345.51, 0.25323,1745690784178,False
1745690784291, BTCUSDT, 3550443007, 94347.67, 0.17536,1745690784290,False
1745690786281, BTCUSDT, 3550443014, 94347.67, 0.52022,1745690786281,False
1745690799429, BTCUSDT, 3550443041, 94347.66, 0.37296,1745690799428,True
1745690800031, BTCUSDT, 3550443044, 94347.67, 0.20494,1745690800031,False
1745690819429, BTCUSDT, 3550443082, 94347.66, 0.26363,1745690819428,True
1745690828692, BTCUSDT, 3550443101, 94347.66, 0.1935,1745690828691,True
1745690828695, BTCUSDT, 3550443103, 94347.66, 0.2453,1745690828693,True
1745690839431, BTCUSDT, 3550443145, 94342.94, 0.265,1745690839430,True
1745690879429, BTCUSDT, 3550443222, 94342.94, 0.28663,1745690879429,True
1745690888471, BTCUSDT, 3550443239, 94342.94, 0.32504,1745690888468,True
1745690888471, BTCUSDT, 3550443242, 94342.94, 1.27034,1745690888469,True
1745690888471, BTCUSDT, 3550443243, 94342.94, 0.7857,1745690888469,True
1745690888472, BTCUSDT, 3550443245, 94342.94, 0.75234,1745690888469,True
1745690888472, BTCUSDT, 3550443247, 94342.94, 0.30094,1745690888469,True
1745690888473, BTCUSDT, 3550443248, 94342.94, 0.62656,1745690888469,True
1745690888473, BTCUSDT, 3550443250, 94342.94, 0.88221,1745690888469,True
1745690951652, BTCUSDT, 3550443451, 94342.96, 0.16,1745690951652,False
1745690951655, BTCUSDT, 3550443454, 94342.96, 0.91375,1745690951655,False
1745690951655, BTCUSDT, 3550443455, 94342.97, 0.35101,1745690951655,False
1745690951656, BTCUSDT, 3550443456, 94342.97, 0.33265,1745690951655,False
1745690951656, BTCUSDT, 3550443457, 94342.97, 0.29971,1745690951655,False
1745690951702, BTCUSDT, 3550443482, 94347.83, 0.16637,1745690951689,False
1745690957694, BTCUSDT, 3550443564, 94366.87, 0.24931,1745690957693,False
1745690957694, BTCUSDT, 3550443579, 94371.08, 0.20257,1745690957693,False
1745690959431, BTCUSDT, 3550443589, 94371.07, 0.23319,1745690959430,True
1745690979430, BTCUSDT, 3550443644, 94371.07, 0.18855,1745690979429,True
1745690984318, BTCUSDT, 3550443659, 94371.07, 1.9,1745690984317,True
1745690999431, BTCUSDT, 3550443716, 94371.07, 0.22022,1745690999430,True
1745691009237, BTCUSDT, 3550443786, 94371.07, 0.35378,1745691009231,True
1745691009238, BTCUSDT, 3550443787, 94371.07, 0.26254,1745691009231,True
1745691019430, BTCUSDT, 3550443867, 94362.14, 0.32299,1745691019429,True
1745691039431, BTCUSDT, 3550443951, 94362.14, 0.17138,1745691039430,True
1745691059430, BTCUSDT, 3550444029, 94356.8, 0.20626,1745691059429,True
1745691125389, BTCUSDT, 3550444272, 94333.33, 0.17098,1745691125389,True
2025-04-26 13:13:12, BTCUSDT, 3550444534, 94304.34, 0.16062,1745691192365,True
2025-04-26 13:14:05, BTCUSDT, 3550444844, 94280.0, 0.24796,1745691245570,True
2025-04-26 13:14:09, BTCUSDT, 3550444895, 94268.75, 1.11945,1745691249196,False
2025-04-26 13:14:14, BTCUSDT, 3550444908, 94268.74, 0.16235,1745691254312,True
2025-04-26 13:14:52, BTCUSDT, 3550445041, 94268.71, 5.49708,1745691292214,False
2025-04-26 13:14:55, BTCUSDT, 3550445049, 94268.7, 0.21001,1745691295116,True
2025-04-26 13:14:59, BTCUSDT, 3550445104, 94260.86, 0.56273,1745691299436,True
2025-04-26 13:15:19, BTCUSDT, 3550445174, 94260.86, 0.24463,1745691319429,True
2025-04-26 13:15:39, BTCUSDT, 3550445255, 94255.51, 0.19736,1745691339429,True
2025-04-26 13:15:59, BTCUSDT, 3550445294, 94255.06, 0.30676,1745691359432,True
2025-04-26 13:16:04, BTCUSDT, 3550445348, 94246.59, 0.79479,1745691364123,True
2025-04-26 13:16:23, BTCUSDT, 3550445456, 94233.07, 0.20522,1745691383342,False
2025-04-26 13:17:24, BTCUSDT, 3550445640, 94248.91, 0.24402,1745691444619,False
2025-04-26 13:17:37, BTCUSDT, 3550445760, 94273.39, 0.2112,1745691457926,True
2025-04-26 13:18:04, BTCUSDT, 3550445981, 94230.53, 0.6253,1745691484521,False
2025-04-26 13:18:04, BTCUSDT, 3550445983, 94230.53, 1.16631,1745691484522,False
2025-04-26 13:18:04, BTCUSDT, 3550445984, 94230.53, 0.28849,1745691484522,False
2025-04-26 13:19:03, BTCUSDT, 3550446172, 94238.1, 0.26659,1745691543570,False
2025-04-26 13:19:12, BTCUSDT, 3550446188, 94238.1, 0.2,1745691552905,False
2025-04-26 13:19:17, BTCUSDT, 3550446201, 94238.11, 0.26749,1745691557801,False
2025-04-26 13:19:18, BTCUSDT, 3550446228, 94251.0, 0.22901,1745691558003,False
2025-04-26 13:20:07, BTCUSDT, 3550446372, 94260.87, 0.2,1745691607420,False
2025-04-26 13:21:19, BTCUSDT, 3550446567, 94260.86, 0.25006,1745691679511,True
2025-04-26 13:22:45, BTCUSDT, 3550446810, 94255.06, 0.2979,1745691765507,True
2025-04-26 13:22:46, BTCUSDT, 3550446815, 94255.06, 0.5163,1745691766555,True
2025-04-26 13:22:46, BTCUSDT, 3550446816, 94255.06, 0.16732,1745691766555,True
2025-04-26 13:22:46, BTCUSDT, 3550446885, 94240.13, 0.69764,1745691766937,True
2025-04-26 13:22:53, BTCUSDT, 3550446915, 94238.09, 1.51518,1745691773373,True
2025-04-26 13:23:19, BTCUSDT, 3550446988, 94237.94, 0.21734,1745691799430,True
2025-04-26 13:24:00, BTCUSDT, 3550447078, 94238.09, 0.42201,1745691840675,False
2025-04-26 13:24:04, BTCUSDT, 3550447132, 94260.0, 0.52893,1745691844217,False
2025-04-26 13:24:04, BTCUSDT, 3550447133, 94260.0, 0.40418,1745691844259,False
2025-04-26 13:24:07, BTCUSDT, 3550447144, 94260.86, 0.2,1745691847264,True
2025-04-26 13:24:28, BTCUSDT, 3550447202, 94260.87, 0.3261,1745691868202,False
2025-04-26 13:24:29, BTCUSDT, 3550447289, 94283.99, 0.17939,1745691869023,False
2025-04-26 13:24:39, BTCUSDT, 3550447325, 94285.61, 0.37505,1745691879123,True
2025-04-26 13:25:19, BTCUSDT, 3550447536, 94280.95, 0.20013,1745691919432,True
2025-04-26 13:25:35, BTCUSDT, 3550447610, 94292.04, 0.42919,1745691935808,False
2025-04-26 13:25:35, BTCUSDT, 3550447611, 94292.04, 0.82069,1745691935808,False
2025-04-26 13:25:35, BTCUSDT, 3550447638, 94300.22, 0.17007,1745691935826,False
2025-04-26 13:25:44, BTCUSDT, 3550447813, 94333.33, 0.38589,1745691944462,False
2025-04-26 13:25:44, BTCUSDT, 3550447814, 94333.33, 0.22637,1745691944463,False
2025-04-26 13:25:45, BTCUSDT, 3550447876, 94347.83, 0.16506,1745691945491,False
2025-04-26 13:25:58, BTCUSDT, 3550447927, 94350.0, 0.87112,1745691958932,False
2025-04-26 13:26:17, BTCUSDT, 3550447975, 94349.99, 0.18649,1745691977524,True
2025-04-26 13:26:19, BTCUSDT, 3550447998, 94349.04, 0.25353,1745691979430,True
2025-04-26 13:26:38, BTCUSDT, 3550448041, 94349.05, 0.3,1745691998746,False
2025-04-26 13:26:59, BTCUSDT, 3550448093, 94349.04, 0.23605,1745692019431,True
2025-04-26 13:27:18, BTCUSDT, 3550448156, 94349.05, 0.1928,1745692038162,False
2025-04-26 13:27:36, BTCUSDT, 3550448231, 94359.99, 0.62524,1745692056958,True
2025-04-26 13:27:39, BTCUSDT, 3550448237, 94359.99, 0.17415,1745692059923,True
2025-04-26 13:28:11, BTCUSDT, 3550448394, 94349.5, 0.78657,1745692091887,True
2025-04-26 13:28:20, BTCUSDT, 3550448450, 94348.34, 0.69955,1745692100427,True
2025-04-26 13:28:20, BTCUSDT, 3550448459, 94347.08, 0.76295,1745692100427,True
2025-04-26 13:28:20, BTCUSDT, 3550448474, 94343.59, 0.56846,1745692100428,True
2025-04-26 13:28:20, BTCUSDT, 3550448476, 94343.59, 0.17549,1745692100429,True
2025-04-26 13:28:33, BTCUSDT, 3550448547, 94333.75, 0.17298,1745692113582,True
2025-04-26 13:29:19, BTCUSDT, 3550448693, 94333.75, 0.18208,1745692159430,True
2025-04-26 13:29:29, BTCUSDT, 3550448715, 94333.76, 0.20249,1745692169564,False
2025-04-26 13:29:41, BTCUSDT, 3550448776, 94345.79, 0.18263,1745692181129,True
2025-04-26 13:29:41, BTCUSDT, 3550448784, 94345.2, 0.34103,1745692181129,True
2025-04-26 13:29:59, BTCUSDT, 3550448846, 94337.5, 0.16058,1745692199429,True
2025-04-26 13:30:59, BTCUSDT, 3550449066, 94323.9, 0.1936,1745692259920,False
2025-04-26 13:32:21, BTCUSDT, 3550449333, 94331.24, 0.27209,1745692341897,False
2025-04-26 13:32:22, BTCUSDT, 3550449385, 94347.83, 0.16801,1745692342698,False
2025-04-26 13:32:43, BTCUSDT, 3550449460, 94357.16, 0.39962,1745692363416,True
2025-04-26 13:32:43, BTCUSDT, 3550449462, 94357.16, 0.53799,1745692363416,True
2025-04-26 13:32:43, BTCUSDT, 3550449471, 94355.56, 0.19225,1745692363417,True
2025-04-26 13:33:58, BTCUSDT, 3550449744, 94328.07, 0.16055,1745692438113,False
2025-04-26 13:35:10, BTCUSDT, 3550449903, 94337.32, 0.25878,1745692510043,True
2025-04-26 13:35:13, BTCUSDT, 3550449942, 94328.06, 0.98448,1745692513089,True
2025-04-26 13:36:31, BTCUSDT, 3550450097, 94323.89, 0.4805,1745692591346,True
2025-04-26 13:36:38, BTCUSDT, 3550450171, 94311.83, 0.42652,1745692598583,True
2025-04-26 13:37:54, BTCUSDT, 3550450358, 94304.34, 0.40274,1745692674510,True
2025-04-26 13:39:10, BTCUSDT, 3550450542, 94295.38, 4.23555,1745692750650,True
2025-04-26 13:39:10, BTCUSDT, 3550450554, 94292.97, 0.23375,1745692750650,True
2025-04-26 13:39:10, BTCUSDT, 3550450555, 94292.96, 0.76331,1745692750650,True
2025-04-26 13:39:13, BTCUSDT, 3550450712, 94260.86, 0.47632,1745692753188,True
2025-04-26 13:39:13, BTCUSDT, 3550450725, 94259.24, 0.69996,1745692753188,True
2025-04-26 13:39:13, BTCUSDT, 3550450739, 94254.38, 0.22916,1745692753188,True
2025-04-26 13:39:13, BTCUSDT, 3550450740, 94254.37, 0.17715,1745692753188,True
2025-04-26 13:39:49, BTCUSDT, 3550450864, 94260.87, 0.16802,1745692789038,False
2025-04-26 13:40:19, BTCUSDT, 3550450970, 94264.35, 0.33561,1745692819434,True
2025-04-26 13:40:39, BTCUSDT, 3550451042, 94264.35, 0.28601,1745692839428,True
2025-04-26 13:40:59, BTCUSDT, 3550451068, 94264.35, 0.38077,1745692859428,True
2025-04-26 13:41:18, BTCUSDT, 3550451094, 94264.35, 1.02571,1745692878671,True
2025-04-26 13:41:51, BTCUSDT, 3550451187, 94253.56, 0.5,1745692911699,True
2025-04-26 13:41:55, BTCUSDT, 3550451213, 94251.5, 0.1738,1745692915481,True
2025-04-26 13:41:55, BTCUSDT, 3550451228, 94248.25, 0.29926,1745692915481,True
2025-04-26 13:43:17, BTCUSDT, 3550451437, 94243.82, 1.0022,1745692997406,True
2025-04-26 13:44:18, BTCUSDT, 3550451622, 94243.83, 0.27478,1745693058472,False
2025-04-26 13:45:49, BTCUSDT, 3550451891, 94243.82, 0.24794,1745693149400,True
2025-04-26 13:48:28, BTCUSDT, 3550452399, 94231.11, 0.59141,1745693308122,True
2025-04-26 13:49:44, BTCUSDT, 3550452588, 94230.52, 1.36854,1745693384608,True
2025-04-26 13:50:30, BTCUSDT, 3550452687, 94229.85, 0.97,1745693430112,True
2025-04-26 13:51:44, BTCUSDT, 3550452924, 94229.85, 0.17735,1745693504587,True
2025-04-26 13:51:56, BTCUSDT, 3550453030, 94229.85, 0.1837,1745693516969,True
2025-04-26 13:52:21, BTCUSDT, 3550453197, 94217.39, 0.4118,1745693541488,True
2025-04-26 13:52:21, BTCUSDT, 3550453198, 94217.39, 0.21147,1745693541488,True
2025-04-26 13:52:21, BTCUSDT, 3550453201, 94217.39, 0.91091,1745693541489,True
2025-04-26 13:52:21, BTCUSDT, 3550453204, 94217.39, 0.33739,1745693541799,True
2025-04-26 13:52:24, BTCUSDT, 3550453292, 94196.97, 0.70042,1745693544019,True
2025-04-26 13:52:24, BTCUSDT, 3550453303, 94193.84, 0.21387,1745693544019,True
2025-04-26 13:52:24, BTCUSDT, 3550453304, 94192.99, 0.79442,1745693544019,True
2025-04-26 13:52:24, BTCUSDT, 3550453305, 94192.99, 0.25175,1745693544019,True
2025-04-26 13:52:24, BTCUSDT, 3550453315, 94191.13, 0.76408,1745693544019,True
2025-04-26 13:52:24, BTCUSDT, 3550453318, 94190.84, 1.60015,1745693544019,True
2025-04-26 13:52:24, BTCUSDT, 3550453339, 94188.01, 0.18881,1745693544472,False
2025-04-26 13:52:27, BTCUSDT, 3550453375, 94183.36, 0.17749,1745693547117,True
2025-04-26 13:52:27, BTCUSDT, 3550453387, 94180.87, 0.55688,1745693547117,True
2025-04-26 13:52:28, BTCUSDT, 3550453399, 94180.01, 0.40667,1745693548349,False
2025-04-26 13:52:28, BTCUSDT, 3550453416, 94183.5, 0.48241,1745693548462,False
2025-04-26 13:53:09, BTCUSDT, 3550453573, 94183.49, 0.45282,1745693589356,True
2025-04-26 13:53:09, BTCUSDT, 3550453592, 94180.0, 0.17513,1745693589902,True
2025-04-26 13:53:13, BTCUSDT, 3550453627, 94173.92, 0.38318,1745693593227,False
2025-04-26 13:53:19, BTCUSDT, 3550453637, 94173.91, 0.55685,1745693599430,True
2025-04-26 13:53:34, BTCUSDT, 3550453677, 94173.92, 1.43697,1745693614842,False
2025-04-26 13:53:37, BTCUSDT, 3550453685, 94173.92, 0.41419,1745693617844,False
2025-04-26 13:53:39, BTCUSDT, 3550453692, 94173.91, 0.24805,1745693619429,True
2025-04-26 13:53:40, BTCUSDT, 3550453693, 94173.91, 0.64151,1745693620148,True
2025-04-26 13:53:40, BTCUSDT, 3550453695, 94173.89, 0.66588,1745693620148,True
2025-04-26 13:53:40, BTCUSDT, 3550453703, 94172.66, 0.18602,1745693620148,True
2025-04-26 13:53:40, BTCUSDT, 3550453721, 94169.83, 0.24421,1745693620980,False
2025-04-26 13:53:57, BTCUSDT, 3550453760, 94169.83, 0.59908,1745693637703,False
2025-04-26 13:53:59, BTCUSDT, 3550453762, 94169.82, 0.32328,1745693639428,True
2025-04-26 13:54:04, BTCUSDT, 3550453771, 94169.82, 0.30512,1745693644272,True
2025-04-26 13:54:04, BTCUSDT, 3550453794, 94168.79, 0.50571,1745693644276,True
2025-04-26 13:54:04, BTCUSDT, 3550453835, 94160.23, 0.45696,1745693644374,True
2025-04-26 13:54:19, BTCUSDT, 3550453884, 94159.0, 0.27878,1745693659429,True
2025-04-26 13:54:35, BTCUSDT, 3550453925, 94159.0, 0.35356,1745693675226,True
2025-04-26 13:54:43, BTCUSDT, 3550453946, 94159.0, 0.61099,1745693683661,True
2025-04-26 13:54:43, BTCUSDT, 3550453947, 94159.0, 0.38077,1745693683661,True
2025-04-26 13:54:59, BTCUSDT, 3550454056, 94150.02, 0.20388,1745693699081,False
2025-04-26 13:54:59, BTCUSDT, 3550454073, 94157.0, 0.31372,1745693699432,True
2025-04-26 13:55:19, BTCUSDT, 3550454229, 94134.13, 0.222,1745693719429,True
2025-04-26 13:55:42, BTCUSDT, 3550454279, 94134.14, 0.73148,1745693742187,False
2025-04-26 13:55:42, BTCUSDT, 3550454280, 94134.14, 0.78229,1745693742187,False
2025-04-26 13:55:42, BTCUSDT, 3550454282, 94134.14, 1.29628,1745693742187,False
2025-04-26 13:55:42, BTCUSDT, 3550454301, 94137.71, 0.38275,1745693742187,False
2025-04-26 13:55:42, BTCUSDT, 3550454302, 94137.71, 0.19497,1745693742187,False
2025-04-26 13:55:42, BTCUSDT, 3550454317, 94143.0, 0.80697,1745693742188,False
2025-04-26 13:55:42, BTCUSDT, 3550454318, 94143.2, 0.49409,1745693742188,False
2025-04-26 13:55:42, BTCUSDT, 3550454319, 94143.2, 0.23524,1745693742188,False
2025-04-26 13:55:42, BTCUSDT, 3550454329, 94144.77, 0.64969,1745693742188,False
2025-04-26 13:55:42, BTCUSDT, 3550454336, 94146.01, 0.495,1745693742188,False
2025-04-26 13:55:42, BTCUSDT, 3550454339, 94146.26, 0.80009,1745693742188,False
2025-04-26 13:55:42, BTCUSDT, 3550454343, 94148.06, 0.76443,1745693742188,False
2025-04-26 13:55:42, BTCUSDT, 3550454358, 94150.62, 0.2,1745693742189,False
2025-04-26 13:55:42, BTCUSDT, 3550454361, 94152.53, 0.76439,1745693742189,False
2025-04-26 13:55:42, BTCUSDT, 3550454362, 94152.59, 0.79654,1745693742189,False
2025-04-26 13:55:42, BTCUSDT, 3550454364, 94152.72, 0.75654,1745693742189,False
2025-04-26 13:55:42, BTCUSDT, 3550454368, 94153.1, 1.0,1745693742189,False
2025-04-26 13:55:42, BTCUSDT, 3550454374, 94154.19, 0.16,1745693742189,False
2025-04-26 13:55:42, BTCUSDT, 3550454378, 94155.62, 0.99567,1745693742189,False
2025-04-26 13:55:42, BTCUSDT, 3550454379, 94155.65, 0.53102,1745693742189,False
2025-04-26 13:55:42, BTCUSDT, 3550454384, 94157.01, 0.495,1745693742190,False
2025-04-26 13:55:42, BTCUSDT, 3550454385, 94157.1, 0.31861,1745693742190,False
2025-04-26 13:55:42, BTCUSDT, 3550454389, 94157.8, 0.45328,1745693742190,False
2025-04-26 13:55:42, BTCUSDT, 3550454393, 94158.71, 0.41372,1745693742190,False
2025-04-26 13:55:42, BTCUSDT, 3550454396, 94158.97, 0.99567,1745693742190,False
2025-04-26 13:55:42, BTCUSDT, 3550454437, 94159.08, 0.26474,1745693742202,False
2025-04-26 13:55:42, BTCUSDT, 3550454441, 94159.66, 0.17076,1745693742206,False
2025-04-26 13:55:42, BTCUSDT, 3550454494, 94173.08, 0.16138,1745693742397,False
2025-04-26 13:55:42, BTCUSDT, 3550454498, 94173.08, 0.17812,1745693742411,False
2025-04-26 13:55:43, BTCUSDT, 3550454507, 94173.9, 1.76578,1745693743259,True
2025-04-26 13:55:43, BTCUSDT, 3550454508, 94173.9, 0.6087,1745693743259,True
2025-04-26 13:55:43, BTCUSDT, 3550454536, 94168.8, 0.51921,1745693743439,True
2025-04-26 13:55:44, BTCUSDT, 3550454542, 94168.81, 0.49562,1745693744661,False
2025-04-26 13:55:59, BTCUSDT, 3550454620, 94168.8, 0.20893,1745693759429,True
2025-04-26 13:56:14, BTCUSDT, 3550454643, 94168.8, 0.70231,1745693774447,True
2025-04-26 13:56:19, BTCUSDT, 3550454656, 94168.8, 0.21252,1745693779057,False
2025-04-26 13:56:19, BTCUSDT, 3550454657, 94168.79, 0.77621,1745693779429,True
2025-04-26 13:56:22, BTCUSDT, 3550454683, 94167.5, 0.20676,1745693782804,True
2025-04-26 13:56:22, BTCUSDT, 3550454685, 94167.5, 0.28411,1745693782806,True
2025-04-26 13:56:22, BTCUSDT, 3550454703, 94163.47, 0.17809,1745693782819,True
2025-04-26 13:56:29, BTCUSDT, 3550454744, 94156.0, 3.21598,1745693789374,True
2025-04-26 13:56:39, BTCUSDT, 3550454831, 94142.85, 0.32551,1745693799429,True
2025-04-26 13:56:59, BTCUSDT, 3550454883, 94141.48, 1.21802,1745693819428,True
2025-04-26 13:57:21, BTCUSDT, 3550455026, 94126.77, 0.48696,1745693841647,False
2025-04-26 13:57:21, BTCUSDT, 3550455029, 94126.77, 0.38938,1745693841648,False
2025-04-26 13:57:22, BTCUSDT, 3550455082, 94140.4, 0.38668,1745693842043,False
2025-04-26 13:57:32, BTCUSDT, 3550455154, 94145.6, 0.6384,1745693852487,False
2025-04-26 13:57:32, BTCUSDT, 3550455155, 94145.6, 0.63317,1745693852488,False
2025-04-26 13:57:32, BTCUSDT, 3550455156, 94145.61, 1.04883,1745693852488,False
2025-04-26 13:57:32, BTCUSDT, 3550455165, 94147.73, 0.70079,1745693852488,False
2025-04-26 13:57:32, BTCUSDT, 3550455179, 94151.62, 0.16,1745693852488,False
2025-04-26 13:57:32, BTCUSDT, 3550455185, 94155.01, 0.18278,1745693852512,False
2025-04-26 13:57:37, BTCUSDT, 3550455205, 94155.0, 0.28144,1745693857929,True
2025-04-26 13:57:39, BTCUSDT, 3550455220, 94153.83, 0.19526,1745693859428,True
2025-04-26 13:57:59, BTCUSDT, 3550455300, 94149.26, 0.25132,1745693879429,True
2025-04-26 13:58:11, BTCUSDT, 3550455442, 94123.5, 0.4022,1745693891764,False
2025-04-26 13:58:11, BTCUSDT, 3550455443, 94123.5, 0.21136,1745693891766,False
2025-04-26 13:58:13, BTCUSDT, 3550455461, 94124.12, 0.5,1745693893515,True
2025-04-26 13:58:19, BTCUSDT, 3550455478, 94124.12, 0.35967,1745693899430,True
2025-04-26 13:58:21, BTCUSDT, 3550455486, 94124.12, 0.5,1745693901189,True
2025-04-26 13:58:22, BTCUSDT, 3550455492, 94124.13, 1.44023,1745693902572,False
2025-04-26 13:58:22, BTCUSDT, 3550455502, 94124.93, 0.22543,1745693902573,False
2025-04-26 13:58:22, BTCUSDT, 3550455522, 94130.15, 0.70086,1745693902574,False
2025-04-26 13:58:22, BTCUSDT, 3550455524, 94130.44, 0.18905,1745693902574,False
2025-04-26 13:58:22, BTCUSDT, 3550455532, 94133.55, 0.495,1745693902574,False
2025-04-26 13:58:22, BTCUSDT, 3550455534, 94134.65, 0.51516,1745693902579,False
2025-04-26 13:58:31, BTCUSDT, 3550455605, 94143.11, 0.21675,1745693911567,True
2025-04-26 13:58:59, BTCUSDT, 3550455743, 94155.31, 0.21897,1745693939429,True
2025-04-26 13:59:10, BTCUSDT, 3550455772, 94155.31, 1.36982,1745693950045,True
2025-04-26 13:59:10, BTCUSDT, 3550455773, 94155.31, 0.3127,1745693950045,True
2025-04-26 13:59:10, BTCUSDT, 3550455776, 94155.31, 0.66024,1745693950049,True
2025-04-26 13:59:10, BTCUSDT, 3550455777, 94155.31, 0.16319,1745693950053,True
2025-04-26 13:59:19, BTCUSDT, 3550455797, 94155.31, 0.41013,1745693959430,True
2025-04-26 13:59:32, BTCUSDT, 3550455823, 94155.31, 0.2096,1745693972629,True
2025-04-26 13:59:36, BTCUSDT, 3550455831, 94155.31, 0.2,1745693976145,True
2025-04-26 13:59:39, BTCUSDT, 3550455835, 94155.31, 0.28468,1745693979429,True
2025-04-26 13:59:54, BTCUSDT, 3550455862, 94155.31, 0.42367,1745693994730,True
2025-04-26 14:00:15, BTCUSDT, 3550455974, 94143.12, 0.64419,1745694015500,True
2025-04-26 14:00:19, BTCUSDT, 3550455984, 94143.12, 0.16985,1745694019430,True
2025-04-26 14:00:22, BTCUSDT, 3550456001, 94143.13, 0.17,1745694022857,False
2025-04-26 14:00:59, BTCUSDT, 3550456182, 94155.99, 0.22637,1745694059429,True
2025-04-26 14:01:00, BTCUSDT, 3550456184, 94156.0, 1.86475,1745694060393,False
2025-04-26 14:01:51, BTCUSDT, 3550456336, 94165.91, 0.19582,1745694111371,False
2025-04-26 14:01:51, BTCUSDT, 3550456360, 94173.92, 0.17133,1745694111457,False
2025-04-26 14:01:51, BTCUSDT, 3550456388, 94183.07, 0.18372,1745694111511,False
2025-04-26 14:02:59, BTCUSDT, 3550456568, 94190.47, 0.2112,1745694179484,True
2025-04-26 14:02:59, BTCUSDT, 3550456571, 94190.46, 0.23088,1745694179553,True
2025-04-26 14:03:37, BTCUSDT, 3550456679, 94182.62, 0.27823,1745694217680,False
2025-04-26 14:04:40, BTCUSDT, 3550456867, 94194.91, 0.1846,1745694280045,False
2025-04-26 14:04:40, BTCUSDT, 3550456883, 94198.57, 0.27078,1745694280082,False
2025-04-26 14:05:06, BTCUSDT, 3550456997, 94214.2, 0.30445,1745694306256,True
2025-04-26 14:05:06, BTCUSDT, 3550457000, 94214.2, 0.4114,1745694306549,True
2025-04-26 14:05:08, BTCUSDT, 3550457066, 94197.69, 0.18068,1745694308288,True
2025-04-26 14:05:14, BTCUSDT, 3550457079, 94194.92, 0.1927,1745694314088,True
2025-04-26 14:05:52, BTCUSDT, 3550457196, 94180.0, 0.16998,1745694352232,True
2025-04-26 14:06:18, BTCUSDT, 3550457347, 94160.01, 0.84384,1745694378682,False
2025-04-26 14:07:04, BTCUSDT, 3550457490, 94153.28, 0.20219,1745694424057,True
2025-04-26 14:07:49, BTCUSDT, 3550457663, 94133.91, 1.0989,1745694469122,True
2025-04-26 14:08:20, BTCUSDT, 3550457724, 94133.91, 0.58607,1745694500427,True
2025-04-26 14:08:20, BTCUSDT, 3550457745, 94130.43, 0.18712,1745694500427,True
2025-04-26 14:08:20, BTCUSDT, 3550457746, 94129.81, 0.23202,1745694500427,True
2025-04-26 14:08:20, BTCUSDT, 3550457747, 94129.81, 0.4574,1745694500427,True
2025-04-26 14:08:20, BTCUSDT, 3550457762, 94125.18, 0.20564,1745694500431,True
2025-04-26 14:08:20, BTCUSDT, 3550457792, 94119.59, 0.433,1745694500433,True
2025-04-26 14:09:19, BTCUSDT, 3550458027, 94104.44, 0.24321,1745694559430,True
2025-04-26 14:09:59, BTCUSDT, 3550458136, 94104.44, 0.19612,1745694599427,True
2025-04-26 14:10:26, BTCUSDT, 3550458195, 94104.44, 0.2429,1745694626908,True
2025-04-26 14:10:26, BTCUSDT, 3550458233, 94100.0, 0.3667,1745694626920,True
2025-04-26 14:11:00, BTCUSDT, 3550458340, 94095.23, 1.44725,1745694660740,True
2025-04-26 14:11:02, BTCUSDT, 3550458344, 94095.24, 0.1936,1745694662063,False
2025-04-26 14:11:44, BTCUSDT, 3550458576, 94130.44, 0.18959,1745694704502,False
2025-04-26 14:12:00, BTCUSDT, 3550458726, 94148.04, 0.24548,1745694720845,True
2025-04-26 14:13:15, TAOUSDT, 34184902, 344.7, 54.8272,1745694795616,False
2025-04-26 14:14:04, BTCUSDT, 3550459108, 94134.08, 0.34623,1745694844049,True
2025-04-26 14:14:45, BTCUSDT, 3550459224, 94134.09, 0.7311,1745694885115,False
2025-04-26 14:14:47, BTCUSDT, 3550459266, 94148.49, 0.18296,1745694887019,False
2025-04-26 14:14:47, BTCUSDT, 3550459267, 94148.49, 0.20345,1745694887019,False
2025-04-26 14:14:51, BTCUSDT, 3550459295, 94151.98, 0.17113,1745694891687,False
2025-04-26 14:15:24, BTCUSDT, 3550459467, 94173.91, 5.49159,1745694924906,True
2025-04-26 14:15:26, BTCUSDT, 3550459473, 94173.92, 1.0,1745694926424,False
2025-04-26 14:16:13, BTCUSDT, 3550459644, 94187.42, 0.54642,1745694973875,True
2025-04-26 14:16:13, BTCUSDT, 3550459645, 94187.42, 0.67606,1745694973875,True
2025-04-26 14:16:13, BTCUSDT, 3550459646, 94187.42, 0.2304,1745694973876,True
2025-04-26 14:16:13, BTCUSDT, 3550459647, 94187.42, 0.22027,1745694973877,True
2025-04-26 14:16:13, BTCUSDT, 3550459648, 94187.42, 0.71751,1745694973877,True
2025-04-26 14:16:13, BTCUSDT, 3550459650, 94187.42, 0.39535,1745694973879,True
2025-04-26 14:16:13, BTCUSDT, 3550459664, 94186.46, 0.51091,1745694973881,True
2025-04-26 14:16:14, BTCUSDT, 3550459674, 94183.92, 0.36273,1745694973971,True
2025-04-26 14:16:19, BTCUSDT, 3550459704, 94179.99, 0.33773,1745694979430,True
2025-04-26 14:16:27, BTCUSDT, 3550459729, 94180.0, 0.51961,1745694987972,False
2025-04-26 14:16:39, BTCUSDT, 3550459782, 94190.47, 0.24189,1745694999431,True
2025-04-26 14:16:59, BTCUSDT, 3550459815, 94190.47, 0.18758,1745695019429,True
2025-04-26 14:17:19, BTCUSDT, 3550459870, 94198.2, 0.28148,1745695039429,True
2025-04-26 14:17:59, BTCUSDT, 3550459952, 94199.99, 0.2165,1745695079429,True
2025-04-26 14:18:08, BTCUSDT, 3550459971, 94199.99, 0.16099,1745695088452,True
2025-04-26 14:18:15, BTCUSDT, 3550460006, 94195.38, 1.1,1745695095099,False
2025-04-26 14:19:40, BTCUSDT, 3550460203, 94195.9, 0.21399,1745695180122,False
2025-04-26 14:19:40, BTCUSDT, 3550460236, 94207.64, 0.19093,1745695180559,False
2025-04-26 14:19:59, BTCUSDT, 3550460306, 94216.44, 0.25096,1745695199387,True
2025-04-26 14:19:59, BTCUSDT, 3550460307, 94216.44, 0.2112,1745695199391,True
2025-04-26 14:20:20, BTCUSDT, 3550460433, 94197.89, 0.1986,1745695220761,True
2025-04-26 14:21:39, BTCUSDT, 3550460617, 94197.89, 1.0,1745695299112,True
2025-04-26 14:21:50, BTCUSDT, 3550460636, 94197.9, 0.2458,1745695310052,False
2025-04-26 14:21:50, BTCUSDT, 3550460663, 94207.32, 0.26031,1745695310129,False
2025-04-26 14:22:12, BTCUSDT, 3550460731, 94212.23, 0.30365,1745695332914,True
2025-04-26 14:22:31, BTCUSDT, 3550460779, 94212.23, 1.86,1745695351463,True
2025-04-26 14:23:19, BTCUSDT, 3550460992, 94191.47, 0.17959,1745695399432,True
2025-04-26 14:23:20, BTCUSDT, 3550460994, 94191.47, 0.2782,1745695400629,True
2025-04-26 14:23:20, BTCUSDT, 3550461015, 94188.09, 0.42507,1745695400629,True
2025-04-26 14:23:54, BTCUSDT, 3550461249, 94160.66, 1.0,1745695434558,False
2025-04-26 14:24:18, BTCUSDT, 3550461431, 94133.4, 0.1936,1745695458621,False
2025-04-26 14:24:18, BTCUSDT, 3550461495, 94152.62, 0.20021,1745695458924,False
2025-04-26 14:24:19, BTCUSDT, 3550461508, 94156.83, 0.16604,1745695459431,True
2025-04-26 14:25:07, BTCUSDT, 3550461700, 94184.71, 0.17763,1745695507796,False
2025-04-26 14:25:08, BTCUSDT, 3550461720, 94188.09, 0.25,1745695508329,False
2025-04-26 14:25:08, BTCUSDT, 3550461722, 94188.09, 0.20571,1745695508672,False
2025-04-26 14:28:26, BTCUSDT, 3550462441, 94207.5, 0.2695,1745695706830,False
2025-04-26 14:28:26, BTCUSDT, 3550462442, 94207.5, 0.21877,1745695706970,False
2025-04-26 14:28:48, BTCUSDT, 3550462545, 94217.4, 0.19333,1745695728431,False
2025-04-26 14:29:04, BTCUSDT, 3550462618, 94226.38, 0.69185,1745695744587,True
2025-04-26 14:32:11, BTCUSDT, 3550463172, 94217.39, 0.2112,1745695931535,True
2025-04-26 14:32:50, BTCUSDT, 3550463372, 94189.52, 0.2112,1745695970247,False
2025-04-26 14:33:00, BTCUSDT, 3550463430, 94206.3, 0.665,1745695980479,True
2025-04-26 14:34:20, BTCUSDT, 3550463630, 94206.31, 0.16,1745696060392,False
2025-04-26 14:34:22, BTCUSDT, 3550463691, 94225.75, 0.19033,1745696062519,False
2025-04-26 14:35:21, BTCUSDT, 3550463936, 94235.0, 1.0,1745696121721,False
2025-04-26 14:36:32, BTCUSDT, 3550464117, 94234.99, 0.31493,1745696192960,True
2025-04-26 14:37:31, BTCUSDT, 3550464290, 94238.1, 0.16924,1745696251131,False
2025-04-26 14:38:09, BTCUSDT, 3550464547, 94281.67, 0.1964,1745696289029,True
2025-04-26 14:38:09, BTCUSDT, 3550464548, 94281.67, 0.52465,1745696289029,True
2025-04-26 14:38:09, BTCUSDT, 3550464549, 94281.67, 0.6138,1745696289029,True
2025-04-26 14:38:09, BTCUSDT, 3550464551, 94281.67, 1.44672,1745696289030,True
2025-04-26 14:38:09, BTCUSDT, 3550464553, 94281.67, 0.56346,1745696289030,True
2025-04-26 14:38:09, BTCUSDT, 3550464554, 94281.67, 1.12356,1745696289030,True
2025-04-26 14:38:09, BTCUSDT, 3550464555, 94281.67, 0.55484,1745696289030,True
2025-04-26 14:38:09, BTCUSDT, 3550464558, 94281.59, 0.4302,1745696289030,True
2025-04-26 14:38:09, BTCUSDT, 3550464560, 94281.59, 0.4848,1745696289031,True
2025-04-26 14:38:09, BTCUSDT, 3550464561, 94281.59, 0.2112,1745696289031,True
2025-04-26 14:38:09, BTCUSDT, 3550464562, 94281.59, 0.434,1745696289032,True
2025-04-26 14:38:09, BTCUSDT, 3550464563, 94281.58, 0.20174,1745696289032,True
2025-04-26 14:38:09, BTCUSDT, 3550464565, 94281.19, 0.20174,1745696289032,True
2025-04-26 14:38:09, BTCUSDT, 3550464571, 94279.31, 0.50458,1745696289040,True
2025-04-26 14:39:03, BTCUSDT, 3550464740, 94282.88, 0.35783,1745696343733,False
2025-04-26 14:39:03, BTCUSDT, 3550464741, 94282.88, 0.20949,1745696343782,False
2025-04-26 14:39:16, BTCUSDT, 3550464801, 94290.42, 0.22598,1745696356482,True
2025-04-26 14:39:16, BTCUSDT, 3550464804, 94290.42, 0.62411,1745696356483,True
2025-04-26 14:39:19, BTCUSDT, 3550464878, 94271.04, 0.16734,1745696359430,True
2025-04-26 14:39:39, BTCUSDT, 3550464926, 94269.35, 0.31488,1745696379429,True
2025-04-26 14:39:59, BTCUSDT, 3550464976, 94269.35, 0.25365,1745696399428,True
2025-04-26 14:40:15, BTCUSDT, 3550465001, 94269.36, 0.40985,1745696415971,False
2025-04-26 14:40:19, BTCUSDT, 3550465006, 94269.35, 0.22051,1745696419429,True
2025-04-26 14:41:14, BTCUSDT, 3550465151, 94269.35, 0.17953,1745696474816,True
2025-04-26 14:41:43, BTCUSDT, 3550465235, 94267.93, 0.40569,1745696503988,True
2025-04-26 14:42:35, BTCUSDT, 3550465425, 94261.62, 0.21366,1745696555836,True
2025-04-26 14:42:35, BTCUSDT, 3550465427, 94261.62, 0.27448,1745696555836,True
2025-04-26 14:42:47, BTCUSDT, 3550465533, 94248.1, 0.53051,1745696567995,False
2025-04-26 14:42:53, BTCUSDT, 3550465565, 94245.76, 0.18275,1745696573452,True
2025-04-26 14:43:14, BTCUSDT, 3550465611, 94245.77, 0.33438,1745696594799,False
2025-04-26 14:43:14, BTCUSDT, 3550465612, 94245.77, 0.27829,1745696594800,False
2025-04-26 14:43:15, BTCUSDT, 3550465654, 94260.87, 0.2002,1745696595418,False
2025-04-26 14:43:17, BTCUSDT, 3550465668, 94263.85, 0.31632,1745696597218,True
2025-04-26 14:43:19, BTCUSDT, 3550465673, 94263.85, 0.16411,1745696599431,True
2025-04-26 14:44:45, BTCUSDT, 3550465967, 94292.46, 0.29749,1745696685665,True
2025-04-26 14:44:45, BTCUSDT, 3550465968, 94292.46, 0.41193,1745696685665,True
2025-04-26 14:45:04, BTCUSDT, 3550466101, 94269.64, 0.3,1745696704481,True
2025-04-26 14:45:42, BTCUSDT, 3550466329, 94243.04, 0.32,1745696742174,False
2025-04-26 14:45:42, BTCUSDT, 3550466333, 94243.04, 0.38235,1745696742175,False
2025-04-26 14:45:42, BTCUSDT, 3550466334, 94243.04, 0.37922,1745696742175,False
2025-04-26 14:45:59, BTCUSDT, 3550466448, 94252.21, 0.20139,1745696759820,True
2025-04-26 14:46:19, BTCUSDT, 3550466498, 94252.21, 0.18743,1745696779429,True
2025-04-26 14:46:29, BTCUSDT, 3550466554, 94252.22, 0.27861,1745696789787,False
2025-04-26 14:46:34, BTCUSDT, 3550466576, 94257.37, 0.29951,1745696794091,True
2025-04-26 14:47:03, BTCUSDT, 3550466693, 94268.97, 0.27993,1745696823608,False
2025-04-26 14:47:03, BTCUSDT, 3550466694, 94269.65, 0.49506,1745696823608,False
2025-04-26 14:47:03, BTCUSDT, 3550466703, 94271.97, 0.57882,1745696823609,False
2025-04-26 14:47:03, BTCUSDT, 3550466711, 94273.95, 0.66604,1745696823610,False
2025-04-26 14:47:03, BTCUSDT, 3550466712, 94273.95, 0.50858,1745696823613,False
2025-04-26 14:47:03, BTCUSDT, 3550466713, 94274.46, 0.30739,1745696823613,False
2025-04-26 14:47:04, BTCUSDT, 3550466798, 94285.99, 0.2017,1745696824322,True
2025-04-26 14:47:28, BTCUSDT, 3550466942, 94273.46, 2.11181,1745696848575,True
2025-04-26 14:47:28, BTCUSDT, 3550466951, 94272.81, 0.50476,1745696848575,True
2025-04-26 14:47:28, BTCUSDT, 3550466952, 94272.81, 0.19517,1745696848576,True
2025-04-26 14:47:28, BTCUSDT, 3550466960, 94270.35, 0.76357,1745696848576,True
2025-04-26 14:47:28, BTCUSDT, 3550466965, 94268.42, 0.37607,1745696848576,True
2025-04-26 14:47:28, BTCUSDT, 3550466966, 94268.42, 0.38746,1745696848576,True
2025-04-26 14:47:28, BTCUSDT, 3550466971, 94266.8, 0.495,1745696848576,True
2025-04-26 14:47:28, BTCUSDT, 3550466986, 94265.66, 0.66114,1745696848582,True
2025-04-26 14:47:29, BTCUSDT, 3550467018, 94257.7, 0.18912,1745696849897,False
2025-04-26 14:47:29, BTCUSDT, 3550467019, 94257.7, 0.27686,1745696849992,False
2025-04-26 14:48:05, BTCUSDT, 3550467132, 94271.83, 0.2112,1745696885959,True
2025-04-26 14:48:05, BTCUSDT, 3550467136, 94271.83, 0.6138,1745696885960,True
2025-04-26 14:48:05, BTCUSDT, 3550467138, 94271.83, 0.1696,1745696885960,True
2025-04-26 14:48:05, BTCUSDT, 3550467139, 94271.83, 0.28982,1745696885960,True
2025-04-26 14:48:05, BTCUSDT, 3550467166, 94269.45, 0.23096,1745696885962,True
2025-04-26 14:48:19, BTCUSDT, 3550467233, 94264.78, 0.4971,1745696899431,True
2025-04-26 14:48:39, BTCUSDT, 3550467328, 94252.21, 0.29036,1745696919429,True
2025-04-26 14:48:59, BTCUSDT, 3550467406, 94247.94, 0.24332,1745696939429,True
2025-04-26 14:49:10, BTCUSDT, 3550467538, 94227.84, 0.1984,1745696950674,False
2025-04-26 14:49:10, BTCUSDT, 3550467541, 94227.84, 0.7857,1745696950675,False
2025-04-26 14:49:10, BTCUSDT, 3550467542, 94227.84, 0.1696,1745696950675,False
2025-04-26 14:49:10, BTCUSDT, 3550467543, 94227.84, 0.19679,1745696950675,False
2025-04-26 14:49:19, BTCUSDT, 3550467599, 94252.1, 0.21796,1745696959430,True
2025-04-26 14:49:40, BTCUSDT, 3550467673, 94246.28, 0.3939,1745696980494,True
2025-04-26 14:49:50, BTCUSDT, 3550467726, 94242.16, 0.47466,1745696990179,True
2025-04-26 14:50:19, BTCUSDT, 3550467921, 94217.39, 0.21469,1745697019430,True
2025-04-26 14:50:23, BTCUSDT, 3550467938, 94217.4, 0.25627,1745697023656,False
2025-04-26 14:50:26, BTCUSDT, 3550467947, 94217.4, 0.27603,1745697026580,False
2025-04-26 14:50:26, BTCUSDT, 3550467949, 94217.4, 0.18494,1745697026598,False
2025-04-26 14:52:43, BTCUSDT, 3550468404, 94259.82, 0.20784,1745697163219,True
2025-04-26 14:52:46, BTCUSDT, 3550468488, 94240.22, 0.22122,1745697166203,True
2025-04-26 14:52:56, BTCUSDT, 3550468523, 94237.96, 2.05814,1745697176202,False
2025-04-26 14:52:56, BTCUSDT, 3550468545, 94244.47, 0.16516,1745697176263,False
2025-04-26 14:53:19, BTCUSDT, 3550468596, 94244.46, 0.19457,1745697199430,True
