1745376286261, BTCUSDT, 3546831046, 92941.63, 0.86315,1745376286261,True
1745376292274, BTCUSDT, 3546831104, 92929.38, 0.44867,1745376292273,True
1745376293386, BTCUSDT, 3546831219, 92900.88, 0.37684,1745376293386,True
1745376295575, BTCUSDT, 3546831245, 92892.64, 0.20349,1745376295574,True
1745376310072, BTCUSDT, 3546831426, 92869.56, 0.49316,1745376310072,True
1745376322342, BTCUSDT, 3546831638, 92835.13, 0.84617,1745376322341,True
1745376324827, BTCUSDT, 3546831653, 92835.14, 0.93722,1745376324826,False
1745376331240, BTCUSDT, 3546831738, 92859.95, 0.24391,1745376331239,True
1745376331240, BTCUSDT, 3546831739, 92859.95, 0.23363,1745376331239,True
1745376336665, BTCUSDT, 3546831804, 92842.62, 0.58785,1745376336663,True
1745376336665, BTCUSDT, 3546831811, 92841.87, 0.21269,1745376336663,True
1745376338012, BTCUSDT, 3546831836, 92835.14, 0.18082,1745376338011,False
1745376338013, BTCUSDT, 3546831837, 92835.14, 0.20987,1745376338012,False
1745376339000, BTCUSDT, 3546831877, 92855.87, 0.64747,1745376338999,False
1745376365682, BTCUSDT, 3546832029, 92828.25, 0.18727,1745376365681,False
1745376365719, BTCUSDT, 3546832045, 92839.63, 0.39769,1745376365718,False
1745376366874, BTCUSDT, 3546832072, 92848.9, 0.2134,1745376366873,True
1745376381927, BTCUSDT, 3546832128, 92848.9, 1.2,1745376381927,True
1745376381982, BTCUSDT, 3546832129, 92848.9, 0.4053,1745376381981,True
1745376394397, BTCUSDT, 3546832237, 92828.67, 4.59406,1745376394395,False
1745376394397, BTCUSDT, 3546832242, 92830.74, 0.21738,1745376394395,False
1745376394397, BTCUSDT, 3546832243, 92830.75, 0.63984,1745376394395,False
1745376394397, BTCUSDT, 3546832248, 92831.99, 0.18146,1745376394395,False
1745376394397, BTCUSDT, 3546832252, 92833.87, 0.37592,1745376394395,False
1745376394397, BTCUSDT, 3546832253, 92833.95, 0.58882,1745376394395,False
1745376394397, BTCUSDT, 3546832255, 92835.16, 0.54751,1745376394395,False
1745376394397, BTCUSDT, 3546832261, 92836.25, 0.21413,1745376394395,False
1745376394397, BTCUSDT, 3546832266, 92838.38, 0.43722,1745376394395,False
1745376394397, BTCUSDT, 3546832267, 92838.39, 0.53604,1745376394395,False
1745376394397, BTCUSDT, 3546832269, 92839.06, 0.323,1745376394395,False
1745376394397, BTCUSDT, 3546832276, 92840.13, 0.21413,1745376394395,False
1745376394397, BTCUSDT, 3546832278, 92840.33, 0.21413,1745376394395,False
1745376394397, BTCUSDT, 3546832283, 92841.32, 0.32495,1745376394395,False
1745376399549, BTCUSDT, 3546832320, 92848.86, 0.18735,1745376399526,False
1745376405067, BTCUSDT, 3546832464, 92877.83, 1.44907,1745376405066,False
1745376405089, BTCUSDT, 3546832494, 92892.24, 0.23679,1745376405086,False
1745376413395, BTCUSDT, 3546832617, 92886.76, 1.08444,1745376413394,True
1745376414597, BTCUSDT, 3546832632, 92880.01, 0.1919,1745376414596,True
1745376414597, BTCUSDT, 3546832633, 92880.01, 0.24504,1745376414596,True
1745376414597, BTCUSDT, 3546832634, 92880.01, 0.33665,1745376414596,True
1745376414597, BTCUSDT, 3546832635, 92880.01, 0.23059,1745376414596,True
1745376417090, BTCUSDT, 3546832653, 92876.39, 3.7066,1745376417089,True
1745376417090, BTCUSDT, 3546832658, 92874.97, 0.29369,1745376417089,True
1745376417090, BTCUSDT, 3546832659, 92874.96, 0.63942,1745376417089,True
1745376417090, BTCUSDT, 3546832678, 92867.23, 0.21767,1745376417089,True
1745376421221, BTCUSDT, 3546832718, 92861.37, 0.21527,1745376421220,True
1745376426574, BTCUSDT, 3546832748, 92861.38, 0.18036,1745376426573,False
1745376426848, BTCUSDT, 3546832763, 92868.41, 0.21527,1745376426847,True
1745376430325, BTCUSDT, 3546832795, 92873.35, 1.0,1745376430325,True
1745376431978, BTCUSDT, 3546832804, 92873.36, 0.19109,1745376431964,False
1745376438545, BTCUSDT, 3546832857, 92881.82, 0.1996,1745376438544,True
1745376441824, BTCUSDT, 3546832886, 92881.82, 0.34954,1745376441823,True
1745376448337, BTCUSDT, 3546832932, 92873.36, 0.30443,1745376448333,True
1745376452514, BTCUSDT, 3546832999, 92859.24, 0.38512,1745376452513,False
1745376459826, BTCUSDT, 3546833038, 92868.19, 0.25906,1745376459826,False
1745376466258, BTCUSDT, 3546833055, 92868.18, 0.29108,1745376466257,True
1745376477708, BTCUSDT, 3546833139, 92859.7, 0.17884,1745376477707,False
1745376477711, BTCUSDT, 3546833142, 92859.7, 1.02735,1745376477709,False
1745376484256, BTCUSDT, 3546833225, 92878.76, 0.3213,1745376484256,True
1745376485669, BTCUSDT, 3546833272, 92862.02, 0.27787,1745376485668,True
1745376486753, BTCUSDT, 3546833280, 92860.7, 0.99999,1745376486753,True
1745376495582, BTCUSDT, 3546833305, 92860.58, 0.2966,1745376495581,False
1745376495688, BTCUSDT, 3546833311, 92860.58, 0.32114,1745376495687,False
1745376515185, BTCUSDT, 3546833642, 92939.5, 0.20523,1745376515184,True
1745376519536, BTCUSDT, 3546833700, 92924.48, 0.65175,1745376519535,False
1745376525332, BTCUSDT, 3546833760, 92928.29, 0.31981,1745376525331,False
1745376529266, BTCUSDT, 3546833773, 92928.29, 0.1724,1745376529266,False
1745376529268, BTCUSDT, 3546833775, 92928.29, 0.2156,1745376529267,False
1745376531191, BTCUSDT, 3546833863, 92952.39, 0.18297,1745376531190,False
1745376547403, BTCUSDT, 3546833974, 92959.0, 0.23669,1745376547402,True
1745376552872, BTCUSDT, 3546833998, 92959.01, 0.29421,1745376552872,False
1745376555471, BTCUSDT, 3546834010, 92959.01, 0.2389,1745376555470,False
1745376560399, BTCUSDT, 3546834052, 92960.94, 0.1836,1745376560399,False
1745376560891, BTCUSDT, 3546834109, 92975.2, 0.21519,1745376560890,False
1745376572660, BTCUSDT, 3546834190, 92976.87, 0.3508,1745376572659,True
1745376579487, BTCUSDT, 3546834222, 92973.49, 0.55016,1745376579486,True
1745376585123, BTCUSDT, 3546834240, 92973.5, 1.31258,1745376585123,False
1745376589024, BTCUSDT, 3546834286, 92978.95, 0.41458,1745376589023,False
1745376594147, BTCUSDT, 3546834340, 92985.76, 0.4302,1745376594146,False
1745376594194, BTCUSDT, 3546834369, 92995.46, 0.26137,1745376594193,False
1745376594762, ARUSDT, 68585583, 6.34, 2939.2,1745376594762,False
1745376595113, BTCUSDT, 3546834398, 93000.0, 0.30125,1745376595097,False
1745376595113, BTCUSDT, 3546834400, 92999.99, 0.37004,1745376595097,True
1745376595113, BTCUSDT, 3546834401, 92999.95, 0.6185,1745376595097,True
1745376595113, BTCUSDT, 3546834403, 92999.84, 0.79456,1745376595097,True
1745376595113, BTCUSDT, 3546834404, 92999.83, 1.83607,1745376595097,True
1745376595113, BTCUSDT, 3546834405, 93000.0, 0.42633,1745376595097,False
1745376598602, BTCUSDT, 3546834434, 93000.0, 0.6054,1745376598597,False
1745376598602, BTCUSDT, 3546834435, 93000.0, 0.36122,1745376598597,False
1745376598606, BTCUSDT, 3546834436, 93000.0, 0.26919,1745376598599,False
1745376598607, BTCUSDT, 3546834437, 93000.0, 0.20528,1745376598600,False
1745376598611, BTCUSDT, 3546834438, 93000.0, 1.40745,1745376598602,False
1745376598612, BTCUSDT, 3546834439, 93000.0, 0.53044,1745376598602,False
1745376598613, BTCUSDT, 3546834440, 93000.0, 0.22935,1745376598602,False
1745376599599, BTCUSDT, 3546834527, 93015.95, 0.49249,1745376599598,True
1745376601068, BTCUSDT, 3546834535, 93015.95, 0.25552,1745376601068,True
1745376605733, BTCUSDT, 3546834613, 92994.66, 6.17167,1745376605732,False
1745376605733, BTCUSDT, 3546834619, 92997.07, 0.33558,1745376605732,False
1745376605733, BTCUSDT, 3546834620, 92997.08, 0.99024,1745376605732,False
1745376605733, BTCUSDT, 3546834632, 92999.68, 0.21745,1745376605732,False
1745376605733, BTCUSDT, 3546834640, 93001.16, 0.18014,1745376605732,False
1745376605733, BTCUSDT, 3546834641, 93001.29, 0.21413,1745376605732,False
1745376605733, BTCUSDT, 3546834642, 93001.38, 0.21413,1745376605732,False
1745376605733, BTCUSDT, 3546834652, 93005.14, 1.59594,1745376605732,False
1745376605733, BTCUSDT, 3546834653, 93005.15, 2.25205,1745376605732,False
1745376605733, BTCUSDT, 3546834654, 93005.16, 0.42826,1745376605732,False
1745376605733, BTCUSDT, 3546834655, 93005.46, 0.63846,1745376605732,False
1745376605733, BTCUSDT, 3546834657, 93005.89, 0.16336,1745376605732,False
1745376605733, BTCUSDT, 3546834659, 93006.38, 1.00752,1745376605732,False
1745376605733, BTCUSDT, 3546834664, 93007.5, 0.34,1745376605732,False
1745376605733, BTCUSDT, 3546834668, 93008.62, 0.50207,1745376605732,False
1745376607776, BTCUSDT, 3546834691, 92998.81, 0.16767,1745376607775,False
1745376609949, BTCUSDT, 3546834699, 92998.81, 0.5,1745376609949,False
1745376614595, TAOUSDT, 33843483, 337.0, 65.2119,1745376614593,True
1745376631936, BTCUSDT, 3546834793, 92998.81, 0.5,1745376631936,False
1745376632930, BTCUSDT, 3546834799, 92998.8, 0.5466,1745376632928,True
1745376633188, BTCUSDT, 3546834884, 92978.93, 0.20484,1745376633187,True
1745376633392, BTCUSDT, 3546834908, 92973.5, 0.20764,1745376633391,True
1745376633392, BTCUSDT, 3546834909, 92973.49, 0.22847,1745376633391,True
1745376634258, BTCUSDT, 3546834933, 92967.25, 0.17037,1745376634258,False
1745376642971, BTCUSDT, 3546834981, 92962.42, 0.5,1745376642970,False
1745376649434, BTCUSDT, 3546835018, 92967.25, 0.33501,1745376649434,False
1745376649435, BTCUSDT, 3546835019, 92967.25, 0.16996,1745376649434,False
1745376649436, BTCUSDT, 3546835021, 92967.25, 0.3731,1745376649435,False
1745376658886, BTCUSDT, 3546835163, 93000.0, 0.18364,1745376658886,False
1745376659758, TAOUSDT, 33843516, 337.1, 118.041,1745376659757,True
1745376660101, BTCUSDT, 3546835224, 93019.47, 6.02406,1745376660099,True
1745376660101, BTCUSDT, 3546835234, 93016.49, 0.78217,1745376660099,True
1745376660101, BTCUSDT, 3546835235, 93016.45, 0.63839,1745376660099,True
1745376660101, BTCUSDT, 3546835252, 93012.61, 0.42342,1745376660099,True
1745376660101, BTCUSDT, 3546835262, 93009.43, 0.585,1745376660099,True
1745376660101, BTCUSDT, 3546835263, 93009.2, 0.32252,1745376660099,True
1745376660485, BTCUSDT, 3546835281, 93010.83, 0.23773,1745376660484,True
1745376661325, BTCUSDT, 3546835325, 92989.39, 1.0,1745376661324,False
1745376664733, BTCUSDT, 3546835401, 92971.84, 0.44319,1745376664731,True
1745376666536, BTCUSDT, 3546835451, 92962.41, 0.45567,1745376666536,True
1745376666634, BTCUSDT, 3546835453, 92962.4, 0.28641,1745376666633,True
1745376666899, BTCUSDT, 3546835483, 92956.52, 0.22687,1745376666899,True
1745376672495, BTCUSDT, 3546835579, 92939.3, 0.64375,1745376672494,False
1745376684861, BTCUSDT, 3546835755, 92942.58, 0.20378,1745376684860,False
1745376690562, TAOUSDT, 33843568, 335.8, 80.8543,1745376690561,True
1745376690562, TAOUSDT, 33843569, 335.7, 122.6795,1745376690561,True
1745376694129, BTCUSDT, 3546835857, 92946.92, 0.2338,1745376694129,False
1745376726352, BTCUSDT, 3546836074, 92967.34, 0.98054,1745376726351,False
1745376737444, BTCUSDT, 3546836118, 92964.22, 0.21327,1745376737444,False
1745376741935, BTCUSDT, 3546836141, 92964.22, 0.26197,1745376741934,False
1745376777561, BTCUSDT, 3546836334, 92977.0, 0.43746,1745376777560,False
1745376782887, BTCUSDT, 3546836356, 92977.0, 0.25,1745376782886,False
1745376783907, BTCUSDT, 3546836361, 92977.0, 0.25,1745376783907,False
1745376784941, BTCUSDT, 3546836363, 92977.0, 0.25,1745376784940,False
1745376785943, BTCUSDT, 3546836366, 92977.0, 0.25,1745376785942,False
1745376801112, BTCUSDT, 3546836430, 92977.0, 0.58314,1745376801111,False
1745376830078, BTCUSDT, 3546836593, 92981.71, 0.24426,1745376830077,True
1745376834509, BTCUSDT, 3546836605, 92981.71, 0.4104,1745376834508,True
1745376834511, BTCUSDT, 3546836609, 92981.71, 0.46522,1745376834510,True
1745376834645, BTCUSDT, 3546836703, 92959.4, 0.34675,1745376834643,True
1745376840175, BTCUSDT, 3546836723, 92955.27, 0.21517,1745376840174,False
1745376847973, BTCUSDT, 3546836742, 92955.26, 0.40024,1745376847973,True
1745376853034, BTCUSDT, 3546836763, 92955.27, 0.3762,1745376853034,False
1745376859944, BTCUSDT, 3546836892, 92937.2, 0.60364,1745376859944,True
1745376860921, BTCUSDT, 3546836905, 92936.75, 0.64339,1745376860920,True
1745376861129, BTCUSDT, 3546836959, 92924.3, 0.36222,1745376861128,True
1745376861159, BTCUSDT, 3546836965, 92922.12, 0.45151,1745376861158,True
1745376861159, BTCUSDT, 3546836967, 92922.12, 0.73726,1745376861159,True
1745376861159, BTCUSDT, 3546836969, 92922.12, 0.7424,1745376861159,True
1745376861159, BTCUSDT, 3546836970, 92922.12, 0.66095,1745376861159,True
1745376861160, BTCUSDT, 3546836971, 92922.12, 0.64352,1745376861159,True
1745376861160, BTCUSDT, 3546836972, 92922.12, 0.72934,1745376861159,True
1745376861161, BTCUSDT, 3546836984, 92920.46, 0.17455,1745376861160,True
1745376861164, BTCUSDT, 3546836985, 92920.46, 0.38599,1745376861163,True
1745376861230, BTCUSDT, 3546837011, 92913.04, 0.22799,1745376861230,True
1745376865328, BTCUSDT, 3546837030, 92913.05, 0.24,1745376865327,False
1745376885067, BTCUSDT, 3546837173, 92900.03, 0.21658,1745376885066,True
1745376888115, BTCUSDT, 3546837186, 92900.04, 0.29384,1745376888114,False
1745376889147, BTCUSDT, 3546837203, 92904.96, 0.2,1745376889147,False
1745376889401, BTCUSDT, 3546837215, 92908.39, 0.68963,1745376889398,False
1745376895790, BTCUSDT, 3546837233, 92912.22, 0.2,1745376895789,False
1745376907632, BTCUSDT, 3546837253, 92912.22, 0.36941,1745376907631,False
1745376919230, BTCUSDT, 3546837411, 92912.23, 0.2,1745376919230,False
1745376924737, BTCUSDT, 3546837422, 92912.23, 0.18215,1745376924736,False
1745376925306, BTCUSDT, 3546837440, 92921.52, 0.2,1745376925306,False
1745376925605, BTCUSDT, 3546837441, 92921.51, 1.0,1745376925605,True
1745376940311, BTCUSDT, 3546837479, 92921.52, 0.2,1745376940311,False
1745376976268, BTCUSDT, 3546837644, 92925.61, 0.4104,1745376976267,True
1745376986214, BTCUSDT, 3546837695, 92915.64, 0.4104,1745376986214,False
1745376986216, BTCUSDT, 3546837696, 92915.64, 0.19658,1745376986215,False
1745376986440, BTCUSDT, 3546837715, 92925.61, 7.66267,1745376986439,True
1745376986440, BTCUSDT, 3546837717, 92925.51, 0.18828,1745376986439,True
1745376986440, BTCUSDT, 3546837718, 92925.5, 1.08021,1745376986439,True
1745376986440, BTCUSDT, 3546837728, 92919.41, 0.19625,1745376986439,True
1745376986440, BTCUSDT, 3546837729, 92919.4, 0.21437,1745376986439,True
1745376986440, BTCUSDT, 3546837740, 92915.82, 0.85958,1745376986439,True
1745376986440, BTCUSDT, 3546837741, 92915.81, 1.71638,1745376986439,True
1745376986440, BTCUSDT, 3546837742, 92915.68, 0.42826,1745376986439,True
1745376986440, BTCUSDT, 3546837743, 92915.63, 0.86358,1745376986439,True
1745376986440, BTCUSDT, 3546837761, 92910.83, 0.48549,1745376986439,True
1745376986440, BTCUSDT, 3546837766, 92910.13, 0.21413,1745376986439,True
1745376986440, BTCUSDT, 3546837772, 92909.33, 0.80721,1745376986439,True
1745376986440, BTCUSDT, 3546837776, 92908.53, 0.32288,1745376986439,True
1745376986440, BTCUSDT, 3546837777, 92908.43, 0.21413,1745376986439,True
1745376986440, BTCUSDT, 3546837779, 92907.92, 0.44798,1745376986439,True
1745376986440, BTCUSDT, 3546837792, 92906.28, 0.21413,1745376986439,True
1745376986440, BTCUSDT, 3546837793, 92906.22, 1.15968,1745376986439,True
1745376986440, BTCUSDT, 3546837800, 92904.62, 1.71601,1745376986439,True
1745376986440, BTCUSDT, 3546837801, 92904.61, 1.0,1745376986439,True
1745376986440, BTCUSDT, 3546837802, 92904.5, 0.21413,1745376986439,True
1745376986440, BTCUSDT, 3546837803, 92904.27, 1.5,1745376986439,True
1745376986440, BTCUSDT, 3546837806, 92903.74, 0.495,1745376986439,True
1745376986440, BTCUSDT, 3546837811, 92902.5, 0.21413,1745376986439,True
1745376986440, BTCUSDT, 3546837818, 92901.1, 1.2961,1745376986439,True
1745376986449, BTCUSDT, 3546837823, 92920.0, 0.172,1745376986446,True
1745376987629, BTCUSDT, 3546837832, 92916.33, 0.26275,1745376987628,True
1745377005777, BTCUSDT, 3546837904, 92913.05, 0.2075,1745377005776,False
1745377032157, BTCUSDT, 3546838015, 92919.76, 0.4104,1745377032157,True
1745377032158, BTCUSDT, 3546838016, 92919.76, 0.25662,1745377032157,True
1745377041323, BTCUSDT, 3546838102, 92900.0, 0.70311,1745377041322,True
1745377051924, BTCUSDT, 3546838195, 92884.0, 0.3869,1745377051923,True
1745377077676, BTCUSDT, 3546838287, 92878.46, 0.16351,1745377077675,True
1745377079071, BTCUSDT, 3546838291, 92878.46, 0.30411,1745377079070,True
1745377085646, BTCUSDT, 3546838328, 92875.38, 0.62273,1745377085645,True
1745377086174, BTCUSDT, 3546838355, 92869.56, 0.25585,1745377086173,True
1745377109254, BTCUSDT, 3546838414, 92868.76, 0.186,1745377109254,False
1745377115789, BTCUSDT, 3546838432, 92868.75, 0.21845,1745377115789,True
1745377125029, BTCUSDT, 3546838458, 92868.76, 0.53026,1745377125028,False
1745377133058, BTCUSDT, 3546838472, 92868.76, 0.34519,1745377133056,False
1745377135610, BTCUSDT, 3546838490, 92869.56, 0.74407,1745377135610,False
1745377151093, BTCUSDT, 3546838556, 92879.74, 0.36932,1745377151090,True
1745377189185, BTCUSDT, 3546838688, 92870.35, 1.1702,1745377189185,True
1745377218289, TAOUSDT, 33843948, 334.0, 65.3841,1745377218289,False
1745377222850, BTCUSDT, 3546839214, 92838.93, 0.35193,1745377222849,False
1745377232715, BTCUSDT, 3546839280, 92848.39, 1.10972,1745377232714,True
1745377232813, BTCUSDT, 3546839297, 92838.92, 0.29989,1745377232813,True
1745377233015, BTCUSDT, 3546839299, 92838.92, 0.21366,1745377233015,True
1745377233017, BTCUSDT, 3546839300, 92838.92, 1.13691,1745377233017,True
1745377233044, BTCUSDT, 3546839327, 92829.29, 0.35217,1745377233039,True
1745377237632, BTCUSDT, 3546839355, 92828.02, 4.4361,1745377237632,False
1745377237632, BTCUSDT, 3546839367, 92833.25, 0.21413,1745377237632,False
1745377237632, BTCUSDT, 3546839372, 92834.45, 0.21413,1745377237632,False
1745377237632, BTCUSDT, 3546839377, 92837.31, 0.21413,1745377237632,False
1745377237632, BTCUSDT, 3546839381, 92838.22, 0.9149,1745377237632,False
1745377246666, BTCUSDT, 3546839451, 92834.6, 0.5043,1745377246665,True
1745377259906, BTCUSDT, 3546839583, 92815.75, 0.27046,1745377259905,False
1745377267069, BTCUSDT, 3546839664, 92800.0, 1.5372,1745377267068,True
1745377267071, BTCUSDT, 3546839665, 92800.0, 0.45049,1745377267070,True
1745377267073, BTCUSDT, 3546839667, 92800.0, 0.26175,1745377267072,True
1745377267073, BTCUSDT, 3546839669, 92800.0, 0.9626,1745377267072,True
1745377267073, BTCUSDT, 3546839670, 92800.0, 0.1903,1745377267073,True
1745377267073, BTCUSDT, 3546839671, 92800.0, 0.1724,1745377267073,True
1745377267075, BTCUSDT, 3546839676, 92800.0, 0.30181,1745377267074,True
1745377267075, BTCUSDT, 3546839680, 92800.0, 0.22346,1745377267074,True
1745377267076, BTCUSDT, 3546839687, 92800.0, 0.22467,1745377267075,True
1745377270028, BTCUSDT, 3546839811, 92782.61, 0.32322,1745377270028,False
1745377282648, BTCUSDT, 3546839855, 92782.61, 0.41432,1745377282647,False
1745377288336, BTCUSDT, 3546839878, 92782.61, 0.17561,1745377288332,False
1745377288508, BTCUSDT, 3546839898, 92792.14, 0.183,1745377288508,True
1745377296113, BTCUSDT, 3546839927, 92792.15, 0.59945,1745377296112,False
1745377313635, BTCUSDT, 3546840050, 92774.27, 0.80219,1745377313633,False
1745377320361, BTCUSDT, 3546840120, 92791.2, 0.21955,1745377320361,True
1745377320468, BTCUSDT, 3546840121, 92791.2, 0.20957,1745377320468,True
1745377324011, BTCUSDT, 3546840144, 92792.14, 0.27518,1745377324011,False
1745377330357, BTCUSDT, 3546840221, 92794.05, 0.24404,1745377330356,True
1745377333946, BTCUSDT, 3546840228, 92794.06, 0.4104,1745377333946,False
1745377335886, BTCUSDT, 3546840278, 92808.18, 0.28336,1745377335885,False
1745377342842, BTCUSDT, 3546840335, 92823.9, 0.20821,1745377342842,False
1745377367717, BTCUSDT, 3546840482, 92798.14, 0.23863,1745377367716,True
1745377393568, BTCUSDT, 3546840597, 92791.35, 0.19232,1745377393567,False
1745377403721, BTCUSDT, 3546840662, 92806.72, 0.21329,1745377403721,False
1745377409895, BTCUSDT, 3546840679, 92806.71, 0.3767,1745377409893,True
1745377420098, BTCUSDT, 3546840740, 92801.27, 1.19474,1745377420098,True
1745377424790, BTCUSDT, 3546840752, 92801.27, 1.77046,1745377424790,True
1745377431625, BTCUSDT, 3546840785, 92797.18, 0.5,1745377431624,False
1745377444333, BTCUSDT, 3546840833, 92797.18, 0.18837,1745377444332,False
1745377444333, BTCUSDT, 3546840834, 92797.18, 0.19071,1745377444332,False
1745377444334, BTCUSDT, 3546840841, 92797.23, 0.36599,1745377444333,False
1745377444338, BTCUSDT, 3546840849, 92801.27, 1.0943,1745377444336,False
1745377444355, BTCUSDT, 3546840853, 92801.27, 0.32,1745377444345,False
1745377445991, BTCUSDT, 3546840862, 92801.26, 0.24813,1745377445990,True
1745377448870, BTCUSDT, 3546840870, 92801.27, 0.18601,1745377448869,False
1745377448872, BTCUSDT, 3546840871, 92801.27, 0.34574,1745377448872,False
1745377448873, BTCUSDT, 3546840872, 92801.27, 0.29108,1745377448872,False
1745377448888, BTCUSDT, 3546840892, 92809.28, 0.8262,1745377448885,False
1745377462579, BTCUSDT, 3546841013, 92832.84, 0.18508,1745377462578,False
1745377467208, BTCUSDT, 3546841022, 92832.84, 0.22888,1745377467208,False
1745377472297, BTCUSDT, 3546841066, 92839.83, 0.44723,1745377472295,True
1745377472298, BTCUSDT, 3546841067, 92839.83, 0.3861,1745377472296,True
1745377472299, BTCUSDT, 3546841068, 92839.83, 1.194,1745377472296,True
1745377472299, BTCUSDT, 3546841069, 92839.83, 0.20901,1745377472296,True
1745377472299, BTCUSDT, 3546841070, 92839.83, 1.1688,1745377472296,True
1745377472300, BTCUSDT, 3546841072, 92839.83, 0.20717,1745377472297,True
1745377472300, BTCUSDT, 3546841073, 92839.83, 0.24508,1745377472297,True
1745377472300, BTCUSDT, 3546841074, 92839.83, 0.31199,1745377472297,True
1745377472301, BTCUSDT, 3546841076, 92839.83, 2.16521,1745377472297,True
1745377472301, BTCUSDT, 3546841083, 92838.39, 0.54675,1745377472297,True
1745377472301, BTCUSDT, 3546841091, 92834.65, 0.20301,1745377472297,True
1745377487716, BTCUSDT, 3546841188, 92819.02, 0.3663,1745377487715,False
1745377498626, BTCUSDT, 3546841242, 92827.33, 0.26001,1745377498626,True
1745377503729, BTCUSDT, 3546841260, 92827.33, 1.30348,1745377503728,True
1745377503729, BTCUSDT, 3546841268, 92825.0, 0.63976,1745377503728,True
1745377503732, BTCUSDT, 3546841274, 92823.07, 0.27774,1745377503729,True
1745377503732, BTCUSDT, 3546841279, 92819.01, 0.21325,1745377503729,True
1745377503732, BTCUSDT, 3546841282, 92819.01, 0.19449,1745377503729,True
1745377503737, BTCUSDT, 3546841323, 92811.6, 0.1714,1745377503731,True
1745377503956, BTCUSDT, 3546841359, 92805.61, 0.19553,1745377503955,True
1745377504183, BTCUSDT, 3546841383, 92800.0, 0.33813,1745377504182,True
1745377517215, BTCUSDT, 3546841589, 92767.41, 0.4104,1745377517214,False
1745377517218, BTCUSDT, 3546841590, 92767.41, 0.45773,1745377517217,False
1745377522872, BTCUSDT, 3546841618, 92777.32, 0.40591,1745377522872,False
1745377537937, BTCUSDT, 3546841705, 92768.96, 1.0,1745377537936,False
1745377546416, BTCUSDT, 3546841732, 92768.95, 2.03768,1745377546415,True
1745377546416, BTCUSDT, 3546841733, 92768.95, 0.18967,1745377546415,True
1745377546416, BTCUSDT, 3546841745, 92766.36, 0.21634,1745377546416,True
1745377546432, BTCUSDT, 3546841785, 92761.9, 0.24842,1745377546432,True
1745377561500, BTCUSDT, 3546841890, 92759.71, 0.21202,1745377561499,True
1745377565821, BTCUSDT, 3546841942, 92768.95, 1.10732,1745377565820,False
1745377565821, BTCUSDT, 3546841943, 92768.96, 0.21582,1745377565820,False
1745377575675, BTCUSDT, 3546842062, 92766.24, 0.33336,1745377575673,True
1745377582545, BTCUSDT, 3546842107, 92757.05, 0.27271,1745377582544,False
1745377584033, BTCUSDT, 3546842113, 92757.05, 0.21556,1745377584033,False
1745377590416, BTCUSDT, 3546842175, 92777.79, 0.37047,1745377590416,False
1745377598026, BTCUSDT, 3546842215, 92780.92, 0.87884,1745377598025,True
1745377598027, BTCUSDT, 3546842216, 92780.92, 1.22984,1745377598025,True
1745377598075, BTCUSDT, 3546842250, 92767.87, 0.18,1745377598069,False
1745377598248, BTCUSDT, 3546842259, 92765.71, 0.28468,1745377598248,True
1745377611608, BTCUSDT, 3546842338, 92763.88, 0.75388,1745377611607,False
1745377614037, BTCUSDT, 3546842372, 92774.7, 2.0,1745377614037,True
1745377616691, BTCUSDT, 3546842402, 92782.1, 0.21437,1745377616690,False
1745377624572, BTCUSDT, 3546842431, 92782.11, 0.59067,1745377624572,False
1745377624707, BTCUSDT, 3546842432, 92782.1, 0.32187,1745377624707,True
1745377626753, BTCUSDT, 3546842439, 92782.11, 0.17672,1745377626753,False
1745377633336, BTCUSDT, 3546842451, 92782.1, 0.5011,1745377633336,True
1745377634008, BTCUSDT, 3546842452, 92782.11, 0.2001,1745377634008,False
1745377637767, BTCUSDT, 3546842493, 92777.19, 0.37594,1745377637767,True
1745377642880, BTCUSDT, 3546842537, 92764.41, 0.36104,1745377642880,False
1745377658811, BTCUSDT, 3546842644, 92780.54, 0.51877,1745377658811,True
1745377664852, BTCUSDT, 3546842662, 92780.53, 0.40453,1745377664852,True
1745377671095, BTCUSDT, 3546842689, 92780.12, 0.79269,1745377671088,True
1745377671096, BTCUSDT, 3546842701, 92778.63, 0.18688,1745377671089,True
1745377680146, BTCUSDT, 3546842744, 92775.96, 0.17543,1745377680135,True
1745377680147, BTCUSDT, 3546842746, 92775.96, 0.30703,1745377680136,True
1745377680147, BTCUSDT, 3546842749, 92775.24, 0.16274,1745377680136,True
1745377684015, BTCUSDT, 3546842794, 92769.98, 1.53281,1745377684014,True
1745377708862, BTCUSDT, 3546842889, 92776.4, 0.20447,1745377708861,False
1745377708961, BTCUSDT, 3546842983, 92801.89, 0.18711,1745377708960,True
1745377708983, BTCUSDT, 3546842985, 92801.9, 0.32055,1745377708982,False
1745377709055, BTCUSDT, 3546843002, 92809.53, 0.17143,1745377709054,False
1745377709086, BTCUSDT, 3546843028, 92817.21, 0.21425,1745377709080,False
1745377709205, BTCUSDT, 3546843042, 92822.77, 0.75855,1745377709204,True
1745377709256, BTCUSDT, 3546843051, 92818.4, 0.21198,1745377709255,True
1745377737639, BTCUSDT, 3546843246, 92825.62, 0.29298,1745377737638,False
1745377737645, BTCUSDT, 3546843267, 92831.95, 0.18668,1745377737644,False
1745377741007, BTCUSDT, 3546843370, 92825.64, 0.23346,1745377741006,True
1745377742212, BTCUSDT, 3546843374, 92825.64, 2.08946,1745377742211,True
1745377742212, BTCUSDT, 3546843379, 92824.84, 0.2426,1745377742211,True
1745377742212, BTCUSDT, 3546843382, 92823.76, 0.20679,1745377742211,True
1745377742212, BTCUSDT, 3546843394, 92820.98, 0.19108,1745377742211,True
1745377743162, BTCUSDT, 3546843397, 92820.99, 0.9895,1745377743161,False
1745377762866, BTCUSDT, 3546843537, 92788.52, 0.24817,1745377762866,False
1745377763040, BTCUSDT, 3546843538, 92788.52, 0.37116,1745377763037,False
1745377770188, BTCUSDT, 3546843600, 92797.3, 3.6504,1745377770187,True
1745377770188, BTCUSDT, 3546843606, 92797.09, 0.25772,1745377770187,True
1745377770188, BTCUSDT, 3546843608, 92795.58, 0.37589,1745377770187,True
1745377770188, BTCUSDT, 3546843609, 92795.57, 0.64015,1745377770187,True
1745377770188, BTCUSDT, 3546843631, 92789.48, 0.21847,1745377770187,True
1745377770188, BTCUSDT, 3546843632, 92789.47, 0.21413,1745377770187,True
1745377770188, BTCUSDT, 3546843635, 92788.51, 0.49892,1745377770187,True
1745377770188, BTCUSDT, 3546843645, 92785.79, 0.21413,1745377770187,True
1745377770188, BTCUSDT, 3546843648, 92785.43, 1.07044,1745377770187,True
1745377770188, BTCUSDT, 3546843649, 92785.42, 0.375,1745377770187,True
1745377770188, BTCUSDT, 3546843651, 92784.79, 0.21413,1745377770187,True
1745377770188, BTCUSDT, 3546843652, 92784.61, 0.38993,1745377770187,True
1745377773511, BTCUSDT, 3546843660, 92784.62, 4.44623,1745377773510,False
1745377805695, TAOUSDT, 33844546, 330.9, 144.8672,1745377805694,False
1745377807302, BTCUSDT, 3546843849, 92788.51, 0.20413,1745377807301,True
1745377822845, BTCUSDT, 3546843989, 92760.08, 0.37787,1745377822845,False
1745377831250, BTCUSDT, 3546844032, 92762.05, 0.38397,1745377831250,True
1745377831250, BTCUSDT, 3546844035, 92761.93, 0.27872,1745377831250,True
1745377843124, BTCUSDT, 3546844101, 92755.62, 0.31281,1745377843123,False
1745377844214, BTCUSDT, 3546844132, 92753.39, 0.52131,1745377844213,True
1745377844220, BTCUSDT, 3546844160, 92750.0, 0.22576,1745377844219,True
1745377846775, BTCUSDT, 3546844243, 92739.13, 0.37495,1745377846775,True
1745377851651, BTCUSDT, 3546844258, 92739.14, 0.45118,1745377851650,False
1745377862438, BTCUSDT, 3546844334, 92758.38, 2.30097,1745377862437,True
1745377882645, BTCUSDT, 3546844492, 92788.51, 0.34702,1745377882645,False
1745377884515, BTCUSDT, 3546844497, 92788.5, 0.2167,1745377884513,True
1745377886382, BTCUSDT, 3546844551, 92768.43, 0.62521,1745377886381,True
1745377886383, BTCUSDT, 3546844561, 92767.85, 0.45958,1745377886381,True
1745377886383, BTCUSDT, 3546844562, 92767.85, 0.18058,1745377886381,True
1745377890951, BTCUSDT, 3546844617, 92753.54, 0.24992,1745377890951,False
1745377891185, BTCUSDT, 3546844618, 92753.53, 0.30776,1745377891184,True
1745377898314, BTCUSDT, 3546844640, 92757.99, 0.37576,1745377898308,False
1745377900298, BTCUSDT, 3546844650, 92758.02, 0.46019,1745377900298,False
1745377905117, BTCUSDT, 3546844666, 92758.01, 0.24046,1745377905116,True
1745377908904, BTCUSDT, 3546844683, 92753.64, 0.23422,1745377908903,True
1745377937014, BTCUSDT, 3546844780, 92767.99, 0.41046,1745377937013,True
1745377937162, BTCUSDT, 3546844826, 92753.64, 0.38785,1745377937161,True
1745377937351, BTCUSDT, 3546844851, 92744.32, 0.34975,1745377937350,True
1745377942882, BTCUSDT, 3546844866, 92744.33, 0.32178,1745377942881,False
1745377961747, BTCUSDT, 3546844917, 92744.32, 0.42882,1745377961746,True
1745377961748, BTCUSDT, 3546844918, 92744.32, 0.29503,1745377961747,True
1745377961748, BTCUSDT, 3546844921, 92744.09, 0.20515,1745377961747,True
1745377961748, BTCUSDT, 3546844922, 92744.08, 0.6405,1745377961747,True
1745377961753, BTCUSDT, 3546844938, 92738.3, 0.20667,1745377961750,True
1745377982674, BTCUSDT, 3546845068, 92729.56, 0.19112,1745377982673,False
1745377982674, BTCUSDT, 3546845075, 92729.68, 1.31728,1745377982673,False
1745377982676, BTCUSDT, 3546845078, 92730.36, 0.51674,1745377982675,False
1745378002833, BTCUSDT, 3546845165, 92737.58, 0.2033,1745378002832,False
1745378009786, BTCUSDT, 3546845208, 92731.01, 1.49671,1745378009784,True
1745378009786, BTCUSDT, 3546845211, 92730.28, 0.24644,1745378009784,True
1745378009786, BTCUSDT, 3546845214, 92729.55, 0.27073,1745378009784,True
1745378009786, BTCUSDT, 3546845253, 92724.22, 0.6404,1745378009784,True
1745378032998, BTCUSDT, 3546845464, 92710.99, 0.17777,1745378032997,False
1745378039533, BTCUSDT, 3546845487, 92710.98, 0.2461,1745378039532,True
1745378043693, BTCUSDT, 3546845592, 92700.01, 0.23276,1745378043693,True
1745378046205, BTCUSDT, 3546845600, 92700.0, 0.23177,1745378046205,True
1745378046208, BTCUSDT, 3546845602, 92700.0, 0.59573,1745378046207,True
1745378046208, BTCUSDT, 3546845603, 92700.0, 0.29142,1745378046207,True
1745378046208, BTCUSDT, 3546845604, 92700.0, 0.16847,1745378046207,True
1745378054300, BTCUSDT, 3546845700, 92689.41, 0.18236,1745378054299,False
1745378054301, BTCUSDT, 3546845701, 92689.41, 0.4104,1745378054300,False
1745378054302, BTCUSDT, 3546845704, 92689.41, 0.57054,1745378054301,False
1745378054303, BTCUSDT, 3546845705, 92689.41, 0.17694,1745378054301,False
1745378054305, BTCUSDT, 3546845713, 92692.67, 0.17951,1745378054303,False
1745378054463, BTCUSDT, 3546845717, 92695.66, 0.192,1745378054463,False
1745378062591, BTCUSDT, 3546845743, 92695.66, 0.22504,1745378062590,False
1745378071689, BTCUSDT, 3546845796, 92695.52, 0.23459,1745378071688,True
1745378083305, BTCUSDT, 3546845820, 92695.52, 0.9,1745378083304,True
1745378088811, BTCUSDT, 3546845862, 92700.02, 0.2355,1745378088810,False
1745378122551, BTCUSDT, 3546846051, 92713.05, 0.29094,1745378122550,False
1745378148216, BTCUSDT, 3546846180, 92712.97, 0.41396,1745378148215,True
1745378148220, BTCUSDT, 3546846181, 92712.97, 0.19348,1745378148219,True
1745378156999, BTCUSDT, 3546846215, 92712.98, 0.7,1745378156998,False
1745378160882, BTCUSDT, 3546846228, 92712.99, 0.28131,1745378160874,True
1745378160882, BTCUSDT, 3546846229, 92712.99, 0.31983,1745378160874,True
1745378170483, BTCUSDT, 3546846248, 92713.0, 0.41838,1745378170483,False
1745378170514, BTCUSDT, 3546846266, 92719.99, 0.64263,1745378170514,True
1745378178606, BTCUSDT, 3546846285, 92720.0, 0.18143,1745378178605,False
1745378182580, BTCUSDT, 3546846331, 92733.0, 0.22083,1745378182579,False
1745378191258, BTCUSDT, 3546846357, 92733.0, 1.5,1745378191257,False
1745378198639, TAOUSDT, 33844949, 331.6, 101.358,1745378198637,True
1745378198639, TAOUSDT, 33844950, 331.5, 48.5389,1745378198637,True
1745378219086, BTCUSDT, 3546846428, 92732.99, 0.19,1745378219085,True
1745378240542, BTCUSDT, 3546846495, 92734.8, 0.33918,1745378240541,True
1745378242608, BTCUSDT, 3546846499, 92734.81, 0.22413,1745378242608,False
1745378252090, BTCUSDT, 3546846525, 92736.18, 0.2,1745378252090,False
1745378254419, BTCUSDT, 3546846532, 92736.17, 1.0,1745378254419,True
1745378256883, BTCUSDT, 3546846554, 92732.99, 0.2663,1745378256882,True
1745378256883, BTCUSDT, 3546846555, 92732.99, 0.4138,1745378256883,True
1745378258260, BTCUSDT, 3546846566, 92733.0, 0.29129,1745378258259,False
1745378261030, BTCUSDT, 3546846575, 92733.0, 1.61751,1745378261029,False
1745378279983, BTCUSDT, 3546846636, 92730.65, 0.4104,1745378279982,False
1745378279983, BTCUSDT, 3546846637, 92730.65, 0.3677,1745378279982,False
1745378288963, BTCUSDT, 3546846672, 92735.58, 0.72218,1745378288962,True
1745378290877, BTCUSDT, 3546846690, 92730.64, 0.19648,1745378290874,True
1745378302750, BTCUSDT, 3546846743, 92724.57, 0.22994,1745378302749,False
1745378319466, BTCUSDT, 3546846791, 92730.49, 0.1983,1745378319466,True
1745378344702, BTCUSDT, 3546846848, 92730.5, 0.32533,1745378344698,False
1745378355394, BTCUSDT, 3546846889, 92735.58, 0.2956,1745378355394,False
1745378362840, BTCUSDT, 3546846950, 92746.13, 0.23976,1745378362839,False
1745378365388, BTCUSDT, 3546846961, 92746.13, 0.18596,1745378365387,False
1745378365466, BTCUSDT, 3546846975, 92750.0, 0.38541,1745378365466,False
1745378365799, BTCUSDT, 3546846978, 92750.0, 0.66957,1745378365798,False
1745378366959, BTCUSDT, 3546847012, 92760.0, 0.71695,1745378366958,False
1745378366960, BTCUSDT, 3546847017, 92760.88, 0.24219,1745378366959,False
1745378366965, BTCUSDT, 3546847059, 92775.16, 0.31994,1745378366963,False
1745378402273, BTCUSDT, 3546847186, 92779.99, 0.29746,1745378402272,True
1745378403507, BTCUSDT, 3546847219, 92769.55, 1.33499,1745378403497,False
1745378403874, BTCUSDT, 3546847232, 92774.19, 0.17337,1745378403874,False
1745378410386, BTCUSDT, 3546847296, 92790.0, 0.40968,1745378410386,False
1745378410495, BTCUSDT, 3546847298, 92789.99, 0.2076,1745378410495,True
1745378411742, BTCUSDT, 3546847302, 92790.0, 0.26142,1745378411741,False
1745378411743, BTCUSDT, 3546847303, 92790.0, 0.22247,1745378411743,False
1745378412279, BTCUSDT, 3546847342, 92800.0, 0.26315,1745378412278,False
1745378412280, BTCUSDT, 3546847344, 92800.0, 0.2212,1745378412279,False
1745378412333, BTCUSDT, 3546847349, 92800.0, 1.194,1745378412322,False
1745378412339, BTCUSDT, 3546847350, 92800.0, 0.44762,1745378412330,False
1745378419149, BTCUSDT, 3546847392, 92809.53, 0.28759,1745378419137,False
1745378422495, BTCUSDT, 3546847432, 92816.73, 0.25253,1745378422495,True
1745378422825, BTCUSDT, 3546847435, 92816.74, 0.24046,1745378422824,False
1745378426193, BTCUSDT, 3546847520, 92843.4, 1.64492,1745378426192,False
1745378426193, BTCUSDT, 3546847529, 92845.35, 0.45564,1745378426192,False
1745378426193, BTCUSDT, 3546847535, 92848.29, 0.6911,1745378426192,False
1745378428024, BTCUSDT, 3546847553, 92850.0, 1.61505,1745378428023,False
1745378428024, BTCUSDT, 3546847559, 92851.2, 0.19736,1745378428023,False
1745378429635, BTCUSDT, 3546847584, 92857.15, 0.24199,1745378429634,False
1745378432290, BTCUSDT, 3546847636, 92868.75, 0.34737,1745378432289,True
1745378442261, BTCUSDT, 3546847685, 92859.99, 0.2793,1745378442260,True
1745378442283, BTCUSDT, 3546847712, 92855.42, 0.20559,1745378442277,True
1745378449477, BTCUSDT, 3546847803, 92845.92, 0.32595,1745378449476,False
1745378449493, BTCUSDT, 3546847813, 92850.39, 0.40358,1745378449492,False
1745378462533, BTCUSDT, 3546847929, 92851.97, 0.3609,1745378462532,False
1745378465628, BTCUSDT, 3546847952, 92852.86, 1.93975,1745378465627,False
1745378482908, BTCUSDT, 3546848028, 92846.56, 0.31337,1745378482907,False
1745378485195, BTCUSDT, 3546848048, 92843.95, 0.362,1745378485194,True
1745378486379, BTCUSDT, 3546848051, 92843.96, 0.18131,1745378486378,False
1745378493918, BTCUSDT, 3546848084, 92838.45, 0.21,1745378493917,True
1745378497484, BTCUSDT, 3546848092, 92838.45, 0.18462,1745378497484,True
1745378506372, BTCUSDT, 3546848120, 92838.45, 1.6,1745378506371,True
1745378512483, BTCUSDT, 3546848140, 92838.45, 0.17774,1745378512483,True
1745378522483, BTCUSDT, 3546848173, 92838.45, 0.17019,1745378522483,True
1745378525827, BTCUSDT, 3546848222, 92853.17, 0.68632,1745378525827,False
1745378532483, BTCUSDT, 3546848238, 92853.16, 0.1888,1745378532483,True
1745378534863, BTCUSDT, 3546848262, 92845.83, 0.23661,1745378534863,True
1745378542483, BTCUSDT, 3546848321, 92859.27, 0.1744,1745378542483,True
1745378542875, BTCUSDT, 3546848323, 92859.28, 0.2643,1745378542875,False
1745378565964, BTCUSDT, 3546848470, 92826.81, 0.20329,1745378565963,True
1745378588146, BTCUSDT, 3546848653, 92859.27, 0.19575,1745378588145,True
1745378602852, BTCUSDT, 3546848686, 92859.28, 0.25518,1745378602852,False
1745378610047, BTCUSDT, 3546848758, 92877.9, 0.2305,1745378610046,False
1745378613300, BTCUSDT, 3546848766, 92877.89, 0.3,1745378613299,True
1745378616522, BTCUSDT, 3546848819, 92886.78, 0.45698,1745378616521,False
1745378620027, BTCUSDT, 3546848838, 92888.0, 0.49211,1745378620026,False
1745378620027, BTCUSDT, 3546848839, 92888.0, 0.44705,1745378620026,False
1745378620028, BTCUSDT, 3546848840, 92888.0, 0.50894,1745378620027,False
1745378620029, BTCUSDT, 3546848862, 92891.28, 0.32,1745378620027,False
1745378620038, BTCUSDT, 3546848901, 92900.0, 0.18958,1745378620031,False
1745378620038, BTCUSDT, 3546848902, 92900.0, 1.12593,1745378620031,False
1745378620697, BTCUSDT, 3546848925, 92902.81, 0.35119,1745378620697,True
1745378638378, BTCUSDT, 3546849013, 92881.0, 0.47668,1745378638377,True
1745378645316, BTCUSDT, 3546849115, 92869.2, 0.21431,1745378645315,False
1745378647699, BTCUSDT, 3546849140, 92880.77, 0.17783,1745378647698,False
1745378662600, BTCUSDT, 3546849247, 92864.29, 0.26234,1745378662600,False
1745378685783, BTCUSDT, 3546849309, 92864.28, 0.25289,1745378685783,True
1745378685784, BTCUSDT, 3546849311, 92864.28, 1.60735,1745378685783,True
1745378685784, BTCUSDT, 3546849316, 92863.59, 0.31313,1745378685783,True
1745378685786, BTCUSDT, 3546849317, 92863.59, 0.32637,1745378685784,True
1745378704639, BTCUSDT, 3546849433, 92878.43, 0.20176,1745378704636,False
1745378714161, BTCUSDT, 3546849471, 92870.62, 0.22477,1745378714161,True
1745378725341, BTCUSDT, 3546849544, 92870.27, 0.16948,1745378725340,True
1745378729770, BTCUSDT, 3546849582, 92881.55, 1.0,1745378729770,True
1745378750711, BTCUSDT, 3546849643, 92870.87, 0.18848,1745378750710,True
1745378750711, BTCUSDT, 3546849644, 92870.86, 0.24548,1745378750710,True
1745378775253, ARUSDT, 68586002, 6.31, 3562.71,1745378775253,True
1745378809212, BTCUSDT, 3546849867, 92876.97, 0.17325,1745378809211,False
1745378815991, BTCUSDT, 3546849917, 92881.56, 0.33954,1745378815991,False
1745378854908, BTCUSDT, 3546850081, 92900.0, 0.32,1745378854908,False
1745378854909, BTCUSDT, 3546850083, 92900.0, 1.4815,1745378854908,False
1745378864070, BTCUSDT, 3546850178, 92917.47, 0.42038,1745378864070,False
1745378864070, BTCUSDT, 3546850179, 92917.47, 0.22204,1745378864070,False
1745378864070, BTCUSDT, 3546850180, 92917.47, 0.30573,1745378864070,False
1745378864070, BTCUSDT, 3546850181, 92917.47, 0.30685,1745378864070,False
1745378864071, BTCUSDT, 3546850182, 92917.47, 0.58029,1745378864070,False
1745378864071, BTCUSDT, 3546850183, 92917.47, 0.60191,1745378864070,False
1745378864072, BTCUSDT, 3546850185, 92917.47, 0.58067,1745378864070,False
1745378864072, BTCUSDT, 3546850186, 92917.47, 0.31223,1745378864071,False
1745378877653, BTCUSDT, 3546850273, 92906.45, 1.00821,1745378877653,True
1745378877985, BTCUSDT, 3546850274, 92906.45, 0.31803,1745378877984,True
1745378878003, BTCUSDT, 3546850281, 92905.0, 0.37638,1745378878002,True
1745378888896, BTCUSDT, 3546850327, 92904.33, 0.17337,1745378888896,False
1745378908188, BTCUSDT, 3546850395, 92904.32, 0.17788,1745378908187,True
1745378908198, BTCUSDT, 3546850416, 92900.0, 0.22165,1745378908198,True
1745378914112, BTCUSDT, 3546850445, 92900.01, 1.45812,1745378914111,False
1745378931482, BTCUSDT, 3546850485, 92900.01, 0.17962,1745378931482,False
1745378945333, BTCUSDT, 3546850547, 92908.24, 0.26909,1745378945332,False
1745378950040, BTCUSDT, 3546850564, 92908.23, 0.20285,1745378950039,True
1745378950266, BTCUSDT, 3546850566, 92908.24, 1.17994,1745378950265,False
1745378951486, BTCUSDT, 3546850568, 92908.24, 0.16658,1745378951485,False
1745378971215, BTCUSDT, 3546850623, 92908.24, 0.20351,1745378971214,False
1745378986034, BTCUSDT, 3546850680, 92919.08, 0.18453,1745378986034,True
1745378986809, BTCUSDT, 3546850684, 92919.09, 0.1749,1745378986805,False
1745378991666, BTCUSDT, 3546850727, 92924.55, 0.21203,1745378991666,False
1745378996417, BTCUSDT, 3546850748, 92924.53, 0.39662,1745378996416,True
1745379002551, BTCUSDT, 3546850788, 92919.09, 0.30925,1745379002551,True
1745379025937, BTCUSDT, 3546850893, 92919.09, 0.2,1745379025937,True
1745379029234, BTCUSDT, 3546850900, 92919.1, 1.07529,1745379029221,False
1745379038411, BTCUSDT, 3546850963, 92924.54, 0.42863,1745379038401,True
1745379045123, BTCUSDT, 3546851034, 92919.09, 2.53517,1745379045122,True
1745379045123, BTCUSDT, 3546851038, 92919.01, 0.28544,1745379045122,True
1745379045123, BTCUSDT, 3546851039, 92919.0, 0.25398,1745379045122,True
1745379045123, BTCUSDT, 3546851048, 92916.78, 0.63913,1745379045122,True
1745379045123, BTCUSDT, 3546851065, 92909.81, 0.21413,1745379045122,True
1745379045123, BTCUSDT, 3546851066, 92909.8, 0.30888,1745379045122,True
1745379045123, BTCUSDT, 3546851067, 92909.79, 0.49762,1745379045122,True
1745379045123, BTCUSDT, 3546851069, 92909.48, 0.21518,1745379045122,True
1745379045123, BTCUSDT, 3546851082, 92906.48, 1.20173,1745379045122,True
1745379045123, BTCUSDT, 3546851083, 92906.47, 1.71601,1745379045122,True
1745379045123, BTCUSDT, 3546851086, 92906.16, 0.19129,1745379045122,True
1745379045123, BTCUSDT, 3546851093, 92904.85, 0.21413,1745379045122,True
1745379045123, BTCUSDT, 3546851094, 92904.78, 0.21413,1745379045122,True
1745379049962, BTCUSDT, 3546851134, 92904.48, 7.24915,1745379049962,True
1745379050630, BTCUSDT, 3546851141, 92904.48, 0.3015,1745379050629,True
1745379054467, BTCUSDT, 3546851174, 92900.02, 0.37554,1745379054467,False
1745379061743, BTCUSDT, 3546851197, 92900.02, 0.1884,1745379061742,False
1745379063178, BTCUSDT, 3546851203, 92900.01, 5.43687,1745379063177,True
1745379067195, BTCUSDT, 3546851215, 92900.02, 0.17991,1745379067194,False
1745379067195, BTCUSDT, 3546851223, 92903.79, 0.20406,1745379067194,False
1745379069363, BTCUSDT, 3546851252, 92910.73, 0.21749,1745379069362,False
1745379077234, BTCUSDT, 3546851282, 92910.72, 4.07765,1745379077234,True
1745379081857, BTCUSDT, 3546851296, 92910.72, 5.96506,1745379081857,True
1745379083349, BTCUSDT, 3546851309, 92909.85, 0.93,1745379083348,True
1745379087314, BTCUSDT, 3546851325, 92907.63, 0.76505,1745379087313,True
1745379087314, BTCUSDT, 3546851350, 92900.56, 0.26076,1745379087313,True
1745379087314, BTCUSDT, 3546851355, 92900.0, 0.3648,1745379087313,True
1745379087314, BTCUSDT, 3546851370, 92896.58, 0.24668,1745379087313,True
1745379087314, BTCUSDT, 3546851372, 92895.21, 0.42826,1745379087313,True
1745379087314, BTCUSDT, 3546851382, 92893.15, 0.36839,1745379087313,True
1745379087314, BTCUSDT, 3546851386, 92892.71, 1.38931,1745379087313,True
1745379087314, BTCUSDT, 3546851390, 92892.01, 0.32286,1745379087313,True
1745379087314, BTCUSDT, 3546851392, 92890.99, 0.88993,1745379087313,True
1745379092073, BTCUSDT, 3546851401, 92890.99, 0.47854,1745379092066,True
1745379095300, BTCUSDT, 3546851478, 92869.56, 0.16368,1745379095299,True
1745379097416, BTCUSDT, 3546851521, 92860.03, 0.21192,1745379097415,True
1745379097577, BTCUSDT, 3546851524, 92860.01, 0.21282,1745379097577,True
1745379098076, BTCUSDT, 3546851526, 92860.01, 0.46473,1745379098076,True
1745379098078, BTCUSDT, 3546851527, 92860.01, 1.26431,1745379098077,True
1745379106323, BTCUSDT, 3546851629, 92840.02, 0.18526,1745379106322,False
1745379106323, BTCUSDT, 3546851630, 92840.02, 0.21683,1745379106323,False
1745379117539, BTCUSDT, 3546851710, 92840.55, 4.52426,1745379117538,True
1745379123665, BTCUSDT, 3546851746, 92840.01, 0.22683,1745379123664,True
1745379123698, BTCUSDT, 3546851755, 92838.89, 0.28,1745379123697,True
1745379133516, BTCUSDT, 3546851864, 92833.14, 0.2192,1745379133515,False
1745379133517, BTCUSDT, 3546851865, 92833.14, 0.32,1745379133516,False
1745379136952, BTCUSDT, 3546851948, 92865.46, 1.19413,1745379136951,False
1745379136986, BTCUSDT, 3546851989, 92882.93, 0.49491,1745379136976,False
1745379137899, BTCUSDT, 3546851993, 92882.92, 0.60434,1745379137897,True
1745379147608, BTCUSDT, 3546852047, 92893.6, 4.30642,1745379147607,True
1745379166340, BTCUSDT, 3546852133, 92889.72, 0.85336,1745379166340,False
1745379169098, BTCUSDT, 3546852144, 92889.72, 0.3026,1745379169096,False
1745379169099, BTCUSDT, 3546852145, 92889.72, 0.27848,1745379169096,False
1745379169189, BTCUSDT, 3546852152, 92893.6, 1.06275,1745379169188,False
1745379169202, BTCUSDT, 3546852163, 92899.0, 0.5,1745379169201,True
1745379170721, BTCUSDT, 3546852169, 92899.0, 1.6,1745379170721,True
1745379173474, BTCUSDT, 3546852173, 92899.0, 0.5,1745379173473,True
1745379180900, BTCUSDT, 3546852187, 92899.0, 0.24212,1745379180900,True
1745379186054, BTCUSDT, 3546852213, 92899.01, 0.2292,1745379186053,False
1745379186055, BTCUSDT, 3546852221, 92900.99, 0.21049,1745379186055,False
1745379186735, BTCUSDT, 3546852307, 92925.54, 0.25293,1745379186734,False
1745379196994, BTCUSDT, 3546852332, 92925.76, 1.81578,1745379196993,True
1745379197043, BTCUSDT, 3546852342, 92924.08, 0.17377,1745379197042,True
1745379198149, BTCUSDT, 3546852354, 92920.82, 0.2679,1745379198146,False
1745379198149, BTCUSDT, 3546852355, 92920.82, 0.16192,1745379198146,False
1745379198150, BTCUSDT, 3546852356, 92920.82, 0.19939,1745379198146,False
1745379198150, BTCUSDT, 3546852357, 92920.82, 0.19293,1745379198147,False
1745379198159, BTCUSDT, 3546852371, 92924.86, 0.17669,1745379198152,False
1745379210831, BTCUSDT, 3546852412, 92929.99, 0.5,1745379210830,True
1745379214485, BTCUSDT, 3546852417, 92929.99, 0.24614,1745379214484,True
1745379258735, BTCUSDT, 3546852575, 92928.65, 2.0,1745379258735,False
1745379264076, BTCUSDT, 3546852635, 92933.4, 0.20881,1745379264075,False
1745379264076, BTCUSDT, 3546852638, 92934.83, 0.21675,1745379264075,False
1745379264150, BTCUSDT, 3546852647, 92935.86, 0.1742,1745379264148,False
1745379266422, BTCUSDT, 3546852663, 92938.09, 1.57793,1745379266421,False
1745379290201, BTCUSDT, 3546852787, 92948.64, 1.0,1745379290200,True
1745379292633, BTCUSDT, 3546852806, 92950.0, 0.32,1745379292631,False
1745379292674, BTCUSDT, 3546852837, 92952.39, 0.31702,1745379292672,False
1745379300765, BTCUSDT, 3546852931, 92969.69, 0.22194,1745379300765,True
1745379300766, BTCUSDT, 3546852933, 92969.69, 0.39904,1745379300766,True
1745379300766, BTCUSDT, 3546852934, 92969.68, 0.1776,1745379300766,True
1745379304605, BTCUSDT, 3546852966, 92956.98, 1.6678,1745379304603,True
1745379304605, BTCUSDT, 3546852968, 92956.88, 0.2714,1745379304603,True
1745379304605, BTCUSDT, 3546852969, 92956.87, 0.23605,1745379304603,True
1745379304605, BTCUSDT, 3546852974, 92955.13, 0.63887,1745379304603,True
1745379304605, BTCUSDT, 3546852988, 92948.67, 0.21506,1745379304603,True
1745379304605, BTCUSDT, 3546852996, 92947.69, 0.17206,1745379304603,True
1745379304605, BTCUSDT, 3546852997, 92947.68, 0.495,1745379304603,True
1745379304605, BTCUSDT, 3546853000, 92946.78, 0.19607,1745379304603,True
1745379304605, BTCUSDT, 3546853011, 92943.3, 0.72964,1745379304603,True
1745379304605, BTCUSDT, 3546853020, 92941.84, 1.16832,1745379304603,True
1745379305042, BTCUSDT, 3546853023, 92942.0, 0.5334,1745379305041,False
1745379310845, BTCUSDT, 3546853068, 92960.36, 0.29,1745379310844,True
1745379313487, BTCUSDT, 3546853083, 92967.92, 1.21891,1745379313486,False
1745379327170, BTCUSDT, 3546853200, 92985.12, 0.36741,1745379327169,True
1745379327170, BTCUSDT, 3546853202, 92985.12, 0.18697,1745379327169,True
1745379327170, BTCUSDT, 3546853203, 92985.12, 1.51117,1745379327169,True
1745379327170, BTCUSDT, 3546853204, 92985.12, 0.3288,1745379327169,True
1745379327171, BTCUSDT, 3546853214, 92983.99, 0.63861,1745379327170,True
1745379342066, BTCUSDT, 3546853262, 92981.06, 0.32,1745379342064,False
1745379342066, BTCUSDT, 3546853264, 92981.06, 0.3288,1745379342064,False
1745379347166, BTCUSDT, 3546853319, 92988.0, 0.32,1745379347166,False
1745379362792, BTCUSDT, 3546853361, 92988.0, 0.32,1745379362792,False
1745379366732, BTCUSDT, 3546853427, 92999.98, 0.57458,1745379366732,False
1745379366732, BTCUSDT, 3546853429, 93000.0, 0.24557,1745379366732,False
1745379367891, BTCUSDT, 3546853449, 93000.0, 0.20913,1745379367891,False
1745379370306, BTCUSDT, 3546853488, 93000.0, 0.284,1745379370305,False
1745379371024, BTCUSDT, 3546853504, 93000.0, 0.32,1745379371024,False
1745379371026, BTCUSDT, 3546853507, 93000.0, 1.45327,1745379371025,False
1745379371026, BTCUSDT, 3546853509, 93000.0, 0.291,1745379371026,False
1745379371026, BTCUSDT, 3546853510, 93000.0, 0.40708,1745379371026,False
1745379371027, BTCUSDT, 3546853513, 93000.0, 0.479,1745379371027,False
1745379371028, BTCUSDT, 3546853515, 93000.0, 0.20201,1745379371027,False
1745379371029, BTCUSDT, 3546853517, 93000.0, 0.6813,1745379371028,False
1745379371060, BTCUSDT, 3546853563, 93009.29, 0.32,1745379371059,False
1745379376259, BTCUSDT, 3546853620, 93010.66, 0.24334,1745379376258,True
1745379376259, BTCUSDT, 3546853621, 93010.66, 0.27284,1745379376259,True
1745379377497, BTCUSDT, 3546853653, 93000.0, 1.45015,1745379377497,True
1745379377499, BTCUSDT, 3546853654, 93000.0, 0.17053,1745379377499,True
1745379377500, BTCUSDT, 3546853656, 93000.0, 0.21688,1745379377499,True
1745379377500, BTCUSDT, 3546853657, 93000.0, 3.61165,1745379377499,True
1745379377500, BTCUSDT, 3546853659, 93000.0, 0.4257,1745379377499,True
1745379377500, BTCUSDT, 3546853660, 93000.0, 0.24518,1745379377499,True
1745379377500, BTCUSDT, 3546853661, 93000.0, 0.99635,1745379377499,True
1745379377500, BTCUSDT, 3546853663, 93000.0, 2.51295,1745379377499,True
1745379379051, BTCUSDT, 3546853701, 92988.37, 0.37071,1745379379051,False
1745379397105, BTCUSDT, 3546853839, 92988.37, 0.32,1745379397104,False
1745379399243, BTCUSDT, 3546853879, 93000.01, 0.8,1745379399242,False
1745379406164, BTCUSDT, 3546853908, 93009.99, 0.42832,1745379406163,False
1745379406164, BTCUSDT, 3546853922, 93014.35, 1.00938,1745379406163,False
1745379407969, BTCUSDT, 3546853934, 93014.35, 0.46009,1745379407968,False
1745379414880, BTCUSDT, 3546853976, 93019.46, 0.32952,1745379414880,True
1745379415581, BTCUSDT, 3546853979, 93019.47, 1.29015,1745379415580,False
1745379418922, BTCUSDT, 3546853991, 93019.47, 0.96761,1745379418922,False
1745379419229, BTCUSDT, 3546853992, 93019.47, 0.5,1745379419228,False
1745379420679, BTCUSDT, 3546853998, 93019.47, 1.45142,1745379420679,False
1745379429492, BTCUSDT, 3546854031, 93019.47, 0.25252,1745379429492,False
1745379443617, BTCUSDT, 3546854106, 93019.48, 0.233,1745379443616,False
1745379446295, BTCUSDT, 3546854137, 93019.48, 0.5386,1745379446295,False
1745379446295, BTCUSDT, 3546854138, 93019.48, 0.2173,1745379446295,False
1745379446295, BTCUSDT, 3546854139, 93019.48, 0.33995,1745379446295,False
1745379446296, BTCUSDT, 3546854140, 93019.48, 0.37764,1745379446296,False
1745379446297, BTCUSDT, 3546854144, 93019.48, 0.20626,1745379446296,False
1745379446297, BTCUSDT, 3546854146, 93019.48, 0.19373,1745379446297,False
1745379446297, BTCUSDT, 3546854160, 93020.32, 0.23639,1745379446297,False
1745379452920, BTCUSDT, 3546854206, 93023.99, 0.41733,1745379452920,False
1745379452920, BTCUSDT, 3546854207, 93023.99, 0.20695,1745379452920,False
1745379452920, BTCUSDT, 3546854208, 93023.99, 0.35136,1745379452920,False
1745379454030, BTCUSDT, 3546854239, 93029.27, 0.32,1745379454030,False
1745379457292, BTCUSDT, 3546854287, 93038.01, 0.22656,1745379457291,True
1745379457299, BTCUSDT, 3546854288, 93038.01, 0.38603,1745379457295,True
1745379461129, BTCUSDT, 3546854323, 93029.8, 0.4999,1745379461129,False
1745379461135, BTCUSDT, 3546854325, 93029.8, 0.26084,1745379461134,False
1745379464841, BTCUSDT, 3546854426, 93049.99, 0.27761,1745379464840,False
1745379464843, BTCUSDT, 3546854435, 93050.0, 1.79339,1745379464842,False
1745379464853, BTCUSDT, 3546854475, 93058.5, 0.18496,1745379464848,False
1745379472407, BTCUSDT, 3546854588, 93072.0, 0.32332,1745379472407,False
1745379475228, BTCUSDT, 3546854600, 93072.0, 0.5,1745379475228,False
1745379477275, BTCUSDT, 3546854655, 93079.83, 0.21419,1745379477274,False
1745379477275, BTCUSDT, 3546854659, 93080.31, 0.21675,1745379477274,False
1745379481480, BTCUSDT, 3546854698, 93085.18, 0.18469,1745379481479,False
1745379483378, BTCUSDT, 3546854736, 93087.11, 0.34711,1745379483377,False
1745379492991, BTCUSDT, 3546854818, 93088.71, 0.39116,1745379492991,True
1745379492993, BTCUSDT, 3546854819, 93088.71, 0.291,1745379492992,True
1745379492996, BTCUSDT, 3546854820, 93088.71, 0.37259,1745379492994,True
1745379492999, BTCUSDT, 3546854821, 93088.71, 0.39863,1745379492997,True
1745379493009, BTCUSDT, 3546854827, 93087.8, 0.18157,1745379493008,True
1745379502254, BTCUSDT, 3546854928, 93078.58, 0.5,1745379502253,False
1745379504611, BTCUSDT, 3546854950, 93078.58, 0.25823,1745379504610,False
1745379514842, BTCUSDT, 3546855006, 93082.2, 0.18887,1745379514842,False
1745379517117, BTCUSDT, 3546855017, 93082.2, 0.5,1745379517117,False
1745379521142, BTCUSDT, 3546855027, 93082.2, 0.2434,1745379521141,False
1745379521142, BTCUSDT, 3546855028, 93082.2, 0.55741,1745379521141,False
1745379521143, BTCUSDT, 3546855029, 93082.2, 0.36781,1745379521143,False
1745379524238, BTCUSDT, 3546855137, 93099.72, 0.35353,1745379524237,False
1745379529908, BTCUSDT, 3546855166, 93100.0, 0.5,1745379529907,False
1745379530838, BTCUSDT, 3546855171, 93100.0, 0.32,1745379530836,False
1745379535510, BTCUSDT, 3546855191, 93100.0, 0.314,1745379535510,False
1745379535675, BTCUSDT, 3546855195, 93099.99, 1.0,1745379535674,True
1745379537383, BTCUSDT, 3546855206, 93100.0, 0.3486,1745379537358,False
1745379537485, BTCUSDT, 3546855208, 93100.0, 0.25446,1745379537477,False
1745379542548, BTCUSDT, 3546855292, 93112.28, 0.22044,1745379542547,True
1745379542552, BTCUSDT, 3546855296, 93111.48, 0.19138,1745379542550,True
1745379543179, BTCUSDT, 3546855334, 93099.99, 0.40464,1745379543178,True
1745379543183, BTCUSDT, 3546855335, 93099.99, 0.25327,1745379543182,True
1745379548980, BTCUSDT, 3546855372, 93094.86, 0.38609,1745379548979,True
1745379548983, BTCUSDT, 3546855374, 93094.86, 0.22731,1745379548982,True
1745379553022, BTCUSDT, 3546855447, 93080.0, 0.29251,1745379553021,True
1745379555199, BTCUSDT, 3546855478, 93072.96, 0.2005,1745379555199,True
1745379563397, BTCUSDT, 3546855529, 93065.68, 0.19668,1745379563397,True
1745379564010, BTCUSDT, 3546855533, 93065.69, 0.4298,1745379564009,False
1745379581438, BTCUSDT, 3546855571, 93065.69, 0.32235,1745379581438,False
1745379582734, BTCUSDT, 3546855576, 93065.69, 0.26012,1745379582733,False
1745379592896, BTCUSDT, 3546855652, 93082.1, 0.40084,1745379592896,True
1745379607787, BTCUSDT, 3546855773, 93082.11, 0.45115,1745379607787,False
1745379607787, BTCUSDT, 3546855774, 93082.11, 0.26786,1745379607787,False
1745379607789, BTCUSDT, 3546855776, 93082.11, 0.58391,1745379607789,False
1745379607790, BTCUSDT, 3546855777, 93082.11, 0.45763,1745379607789,False
1745379617493, BTCUSDT, 3546855858, 93086.76, 0.4,1745379617493,False
1745379621273, BTCUSDT, 3546855880, 93086.76, 0.17189,1745379621273,False
1745379637696, BTCUSDT, 3546855967, 93086.76, 1.0,1745379637695,False
1745379641942, BTCUSDT, 3546856029, 93100.19, 3.30245,1745379641941,True
1745379641942, BTCUSDT, 3546856036, 93095.56, 0.2617,1745379641941,True
1745379641942, BTCUSDT, 3546856043, 93093.33, 0.2148,1745379641941,True
1745379641942, BTCUSDT, 3546856045, 93093.3, 0.33539,1745379641941,True
1745379641942, BTCUSDT, 3546856050, 93089.79, 0.19392,1745379641941,True
1745379641942, BTCUSDT, 3546856055, 93087.43, 0.62584,1745379641941,True
1745379641942, BTCUSDT, 3546856058, 93086.78, 0.495,1745379641941,True
1745379641942, BTCUSDT, 3546856060, 93086.75, 0.26124,1745379641941,True
1745379669426, BTCUSDT, 3546856143, 93086.75, 0.3925,1745379669425,True
1745379670677, BTCUSDT, 3546856181, 93077.84, 0.20368,1745379670677,False
1745379679311, BTCUSDT, 3546856248, 93065.68, 0.60048,1745379679309,True
1745379679311, BTCUSDT, 3546856258, 93064.02, 0.6383,1745379679309,True
1745379680486, BTCUSDT, 3546856294, 93053.84, 0.29943,1745379680486,False
1745379695714, BTCUSDT, 3546856347, 93062.47, 0.8683,1745379695713,False
1745379695714, BTCUSDT, 3546856361, 93067.43, 0.21413,1745379695713,False
1745379695714, BTCUSDT, 3546856365, 93068.37, 0.21413,1745379695713,False
1745379695714, BTCUSDT, 3546856371, 93071.56, 0.95247,1745379695713,False
1745379695714, BTCUSDT, 3546856372, 93071.57, 1.71614,1745379695713,False
1745379695714, BTCUSDT, 3546856373, 93071.58, 0.18926,1745379695713,False
1745379695714, BTCUSDT, 3546856376, 93071.76, 0.21413,1745379695713,False
1745379695714, BTCUSDT, 3546856379, 93072.12, 0.21413,1745379695713,False
1745379695714, BTCUSDT, 3546856383, 93073.16, 0.53604,1745379695713,False
1745379695714, BTCUSDT, 3546856387, 93073.99, 0.63799,1745379695713,False
1745379695714, BTCUSDT, 3546856392, 93074.54, 1.22821,1745379695713,False
1745379695714, BTCUSDT, 3546856394, 93074.87, 0.495,1745379695713,False
1745379695714, BTCUSDT, 3546856402, 93077.55, 1.71601,1745379695713,False
1745379695714, BTCUSDT, 3546856403, 93077.83, 0.42826,1745379695713,False
1745379695714, BTCUSDT, 3546856407, 93078.6, 0.32233,1745379695713,False
1745379696787, BTCUSDT, 3546856417, 93079.82, 0.20803,1745379696784,False
1745379696789, BTCUSDT, 3546856418, 93079.82, 0.24352,1745379696784,False
1745379709028, BTCUSDT, 3546856516, 93096.19, 0.21413,1745379709027,False
1745379709028, BTCUSDT, 3546856517, 93096.35, 0.21413,1745379709027,False
1745379720187, BTCUSDT, 3546856591, 93098.08, 0.38746,1745379720186,True
1745379736705, BTCUSDT, 3546856769, 93077.86, 0.2,1745379736705,False
1745379738497, BTCUSDT, 3546856790, 93074.28, 0.35282,1745379738497,True
1745379738503, BTCUSDT, 3546856793, 93073.71, 0.37915,1745379738502,True
1745379748616, BTCUSDT, 3546856901, 93076.5, 0.37511,1745379748615,True
1745379748618, BTCUSDT, 3546856902, 93076.5, 0.39653,1745379748617,True
1745379748620, BTCUSDT, 3546856903, 93076.5, 0.37944,1745379748620,True
1745379748622, BTCUSDT, 3546856904, 93076.5, 0.39989,1745379748622,True
1745379748623, BTCUSDT, 3546856909, 93076.5, 0.17707,1745379748623,True
1745379748624, BTCUSDT, 3546856912, 93076.5, 0.27668,1745379748623,True
1745379748624, BTCUSDT, 3546856914, 93076.5, 0.19714,1745379748624,True
1745379748624, BTCUSDT, 3546856915, 93076.5, 0.17991,1745379748624,True
1745379748625, BTCUSDT, 3546856917, 93076.5, 0.19827,1745379748624,True
1745379748633, BTCUSDT, 3546856919, 93076.5, 0.32897,1745379748633,True
1745379748636, BTCUSDT, 3546856920, 93076.5, 0.30955,1745379748636,True
1745379748639, BTCUSDT, 3546856922, 93076.5, 0.394,1745379748638,True
1745379748640, BTCUSDT, 3546856924, 93076.5, 0.19551,1745379748639,True
1745379748640, BTCUSDT, 3546856926, 93076.5, 0.22915,1745379748640,True
1745379748642, BTCUSDT, 3546856935, 93076.5, 0.33424,1745379748641,True
1745379753322, BTCUSDT, 3546856985, 93062.41, 0.19124,1745379753322,False
1745379760302, BTCUSDT, 3546857075, 93045.03, 0.16423,1745379760302,False
1745379763993, BTCUSDT, 3546857092, 93043.48, 0.59146,1745379763992,False
1745379777608, BTCUSDT, 3546857132, 93043.48, 0.18655,1745379777608,False
1745379788273, BTCUSDT, 3546857161, 93043.48, 1.03093,1745379788273,False
1745379796083, BTCUSDT, 3546857235, 93064.46, 0.49558,1745379796044,False
1745379796776, BTCUSDT, 3546857240, 93064.46, 0.18689,1745379796776,False
1745379804159, BTCUSDT, 3546857321, 93071.57, 0.20486,1745379804158,True
1745379804165, BTCUSDT, 3546857323, 93071.57, 0.20449,1745379804161,True
1745379807783, BTCUSDT, 3546857389, 93050.0, 0.19988,1745379807782,True
1745379807841, BTCUSDT, 3546857398, 93045.23, 0.41102,1745379807832,True
1745379808578, BTCUSDT, 3546857424, 93043.46, 0.17314,1745379808577,True
1745379823873, BTCUSDT, 3546857532, 93033.96, 0.36019,1745379823873,False
1745379839935, BTCUSDT, 3546857633, 93037.8, 0.42972,1745379839932,False
1745379841690, BTCUSDT, 3546857647, 93040.22, 0.3262,1745379841690,True
1745379856303, BTCUSDT, 3546857711, 93040.23, 0.40833,1745379856302,False
1745379889393, BTCUSDT, 3546857800, 93040.22, 0.21724,1745379889393,True
1745379889393, BTCUSDT, 3546857801, 93040.22, 0.17407,1745379889393,True
1745379889393, BTCUSDT, 3546857802, 93040.22, 0.39743,1745379889393,True
1745379889401, BTCUSDT, 3546857811, 93037.1, 0.16414,1745379889400,True
1745379900000, BTCUSDT, 3546857935, 93024.0, 0.59007,1745379899999,True
1745379926650, BTCUSDT, 3546858075, 93009.69, 0.25625,1745379926649,True
1745379926650, BTCUSDT, 3546858076, 93009.69, 0.22443,1745379926649,True
1745379932060, BTCUSDT, 3546858135, 93008.35, 0.45513,1745379932060,False
1745379987484, BTCUSDT, 3546858468, 93019.58, 0.215,1745379987484,False
1745380014847, BTCUSDT, 3546858566, 93010.39, 0.2003,1745380014838,False
1745380041906, BTCUSDT, 3546858674, 93019.58, 1.35941,1745380041905,False
1745380045019, BTCUSDT, 3546858762, 93033.94, 0.36416,1745380045018,True
1745380050342, BTCUSDT, 3546858790, 93033.94, 0.35294,1745380050342,True
1745380056762, BTCUSDT, 3546858834, 93033.94, 0.35298,1745380056761,True
1745380067307, BTCUSDT, 3546858878, 93033.96, 0.42607,1745380067304,False
1745380067323, BTCUSDT, 3546858895, 93039.7, 0.24822,1745380067313,False
1745380085117, BTCUSDT, 3546858996, 93033.95, 0.16727,1745380085116,True
1745380112246, BTCUSDT, 3546859085, 93033.95, 0.18896,1745380112245,False
1745380118966, BTCUSDT, 3546859103, 93033.94, 0.63729,1745380118966,True
1745380139767, BTCUSDT, 3546859196, 93041.33, 0.35338,1745380139767,True
1745380142797, BTCUSDT, 3546859206, 93041.33, 0.35358,1745380142797,True
1745380175509, BTCUSDT, 3546859369, 93041.34, 0.74235,1745380175508,True
1745380193655, BTCUSDT, 3546859554, 93069.32, 0.1619,1745380193654,True
1745380203586, BTCUSDT, 3546859608, 93069.32, 0.27935,1745380203585,True
1745380206963, BTCUSDT, 3546859670, 93060.0, 0.4838,1745380206962,True
1745380206964, BTCUSDT, 3546859671, 93060.0, 0.1781,1745380206964,True
1745380220351, BTCUSDT, 3546859761, 93041.34, 0.5384,1745380220351,True
1745380231649, BTCUSDT, 3546859817, 93037.55, 2.02353,1745380231648,False
1745380231649, BTCUSDT, 3546859822, 93037.98, 0.28997,1745380231648,False
1745380231649, BTCUSDT, 3546859833, 93041.89, 0.45536,1745380231648,False
1745380231649, BTCUSDT, 3546859836, 93042.76, 0.63827,1745380231648,False
1745380231649, BTCUSDT, 3546859839, 93045.06, 0.21419,1745380231648,False
1745380231649, BTCUSDT, 3546859840, 93045.14, 0.21413,1745380231648,False
1745380231649, BTCUSDT, 3546859851, 93048.89, 1.5794,1745380231648,False
1745380237259, BTCUSDT, 3546859889, 93042.72, 0.27763,1745380237258,False
1745380252008, BTCUSDT, 3546859969, 93043.47, 0.40792,1745380252008,True
1745380256651, BTCUSDT, 3546860006, 93057.85, 0.32798,1745380256651,False
1745380258469, BTCUSDT, 3546860013, 93057.85, 0.83985,1745380258468,False
1745380258469, BTCUSDT, 3546860032, 93064.82, 0.3085,1745380258468,False
1745380258469, BTCUSDT, 3546860033, 93064.83, 0.63812,1745380258468,False
1745380258469, BTCUSDT, 3546860034, 93064.95, 0.42832,1745380258468,False
1745380258469, BTCUSDT, 3546860037, 93065.4, 0.87091,1745380258468,False
1745380258469, BTCUSDT, 3546860053, 93069.09, 0.35682,1745380258468,False
1745380271570, BTCUSDT, 3546860099, 93069.11, 0.37425,1745380271569,True
1745380274853, BTCUSDT, 3546860116, 93069.12, 0.3288,1745380274852,False
1745380293771, BTCUSDT, 3546860324, 93093.48, 1.00796,1745380293771,True
1745380295468, BTCUSDT, 3546860336, 93093.48, 0.3288,1745380295467,True
1745380295486, BTCUSDT, 3546860343, 93093.48, 2.01322,1745380295485,True
1745380298646, BTCUSDT, 3546860410, 93074.2, 0.32283,1745380298646,False
1745380327847, BTCUSDT, 3546860536, 93074.2, 1.0,1745380327846,False
1745380332027, BTCUSDT, 3546860579, 93086.92, 0.72047,1745380332026,True
1745380332034, BTCUSDT, 3546860593, 93083.02, 0.21503,1745380332031,True
1745380332034, BTCUSDT, 3546860597, 93082.08, 0.21485,1745380332031,True
1745380332042, BTCUSDT, 3546860601, 93081.15, 0.21405,1745380332036,True
1745380352484, BTCUSDT, 3546860721, 93078.84, 0.17429,1745380352484,True
1745380372484, BTCUSDT, 3546860795, 93078.84, 0.17433,1745380372484,True
1745380383773, BTCUSDT, 3546860849, 93080.55, 0.26096,1745380383773,False
1745380392485, BTCUSDT, 3546860891, 93086.95, 0.20144,1745380392485,True
1745380397333, BTCUSDT, 3546860924, 93081.29, 0.47552,1745380397332,False
1745380397747, BTCUSDT, 3546860954, 93095.24, 0.17024,1745380397742,False
1745380403322, BTCUSDT, 3546860991, 93100.0, 0.17066,1745380403322,False
1745380405790, BTCUSDT, 3546861006, 93100.0, 0.81371,1745380405789,False
1745380424099, BTCUSDT, 3546861104, 93111.11, 0.34939,1745380424098,False
1745380431880, BTCUSDT, 3546861134, 93111.11, 0.73842,1745380431880,False
1745380433495, BTCUSDT, 3546861140, 93111.11, 0.17279,1745380433494,False
1745380435703, BTCUSDT, 3546861152, 93111.11, 0.27649,1745380435693,False
1745380435703, BTCUSDT, 3546861153, 93111.11, 0.23026,1745380435693,False
1745380435703, BTCUSDT, 3546861154, 93111.11, 0.27665,1745380435693,False
1745380435703, BTCUSDT, 3546861155, 93111.11, 0.95488,1745380435693,False
1745380435718, BTCUSDT, 3546861156, 93111.11, 0.66055,1745380435700,False
1745380435786, BTCUSDT, 3546861165, 93111.94, 0.19957,1745380435740,False
1745380436618, BTCUSDT, 3546861174, 93112.28, 0.18924,1745380436618,False
1745380446502, BTCUSDT, 3546861273, 93120.0, 0.27754,1745380446501,False
1745380461383, BTCUSDT, 3546861375, 93119.98, 0.98496,1745380461383,True
1745380495209, BTCUSDT, 3546861499, 93120.0, 0.32216,1745380495209,False
1745380496489, BTCUSDT, 3546861506, 93120.0, 0.20103,1745380496489,False
1745380501225, BTCUSDT, 3546861518, 93119.99, 0.56156,1745380501224,True
1745380501227, BTCUSDT, 3546861519, 93119.99, 0.53585,1745380501226,True
1745380501228, BTCUSDT, 3546861520, 93119.99, 0.17727,1745380501227,True
1745380501255, BTCUSDT, 3546861538, 93117.36, 0.18327,1745380501252,True
1745380507636, BTCUSDT, 3546861573, 93116.26, 0.64837,1745380507625,False
1745380526242, BTCUSDT, 3546861662, 93116.26, 0.37251,1745380526241,False
1745380526759, BTCUSDT, 3546861666, 93116.26, 0.21478,1745380526758,False
1745380532251, BTCUSDT, 3546861676, 93116.25, 0.17069,1745380532250,True
1745380545011, BTCUSDT, 3546861740, 93120.0, 0.3354,1745380545011,False
1745380547826, BTCUSDT, 3546861757, 93120.0, 0.172,1745380547825,False
1745380565831, BTCUSDT, 3546862015, 93150.0, 0.53906,1745380565830,False
1745380597515, BTCUSDT, 3546862166, 93150.0, 1.40028,1745380597512,False
1745380597515, BTCUSDT, 3546862216, 93158.72, 0.42826,1745380597512,False
1745380597515, BTCUSDT, 3546862217, 93158.73, 0.65808,1745380597512,False
1745380597515, BTCUSDT, 3546862218, 93158.74, 0.495,1745380597512,False
1745380597515, BTCUSDT, 3546862227, 93161.68, 1.71601,1745380597512,False
1745380597515, BTCUSDT, 3546862233, 93162.92, 0.21413,1745380597512,False
1745380597515, BTCUSDT, 3546862237, 93163.32, 0.19984,1745380597512,False
1745380597515, BTCUSDT, 3546862245, 93163.99, 0.21413,1745380597512,False
1745380597515, BTCUSDT, 3546862247, 93164.02, 0.80838,1745380597512,False
1745380597515, BTCUSDT, 3546862248, 93164.03, 0.80541,1745380597512,False
1745380597515, BTCUSDT, 3546862249, 93164.17, 0.80541,1745380597512,False
1745380597515, BTCUSDT, 3546862252, 93164.37, 0.80541,1745380597512,False
1745380597515, BTCUSDT, 3546862255, 93164.67, 0.63737,1745380597512,False
1745380597515, BTCUSDT, 3546862268, 93166.67, 0.21413,1745380597512,False
1745380597515, BTCUSDT, 3546862272, 93167.9, 0.53604,1745380597512,False
1745380597515, BTCUSDT, 3546862273, 93167.91, 0.21413,1745380597512,False
1745380597515, BTCUSDT, 3546862274, 93167.92, 1.81441,1745380597512,False
1745380597515, BTCUSDT, 3546862275, 93167.93, 1.71601,1745380597512,False
1745380597515, BTCUSDT, 3546862277, 93168.03, 0.495,1745380597512,False
1745380597515, BTCUSDT, 3546862282, 93168.75, 0.80541,1745380597512,False
1745380597515, BTCUSDT, 3546862291, 93169.75, 0.42955,1745380597512,False
1745380597515, BTCUSDT, 3546862292, 93169.95, 0.26847,1745380597512,False
1745380597515, BTCUSDT, 3546862296, 93170.35, 0.31186,1745380597512,False
1745380597515, BTCUSDT, 3546862302, 93171.08, 0.80541,1745380597512,False
1745380597515, BTCUSDT, 3546862319, 93173.59, 1.26731,1745380597512,False
1745380597515, BTCUSDT, 3546862320, 93173.6, 0.80541,1745380597512,False
1745380597515, BTCUSDT, 3546862323, 93173.71, 0.3074,1745380597512,False
1745380597515, BTCUSDT, 3546862328, 93174.13, 0.21413,1745380597512,False
1745380597515, BTCUSDT, 3546862329, 93174.32, 0.21413,1745380597512,False
1745380597515, BTCUSDT, 3546862330, 93174.33, 1.71601,1745380597512,False
1745380597515, BTCUSDT, 3546862342, 93176.05, 0.32216,1745380597512,False
1745380597515, BTCUSDT, 3546862345, 93176.28, 0.80541,1745380597512,False
1745380597515, BTCUSDT, 3546862351, 93176.76, 1.39836,1745380597512,False
1745380597515, BTCUSDT, 3546862352, 93176.8, 0.80541,1745380597512,False
1745380597515, BTCUSDT, 3546862357, 93177.32, 0.495,1745380597512,False
1745380597515, BTCUSDT, 3546862363, 93178.49, 1.5,1745380597512,False
1745380597515, BTCUSDT, 3546862369, 93179.7, 0.42826,1745380597512,False
1745380597515, BTCUSDT, 3546862370, 93179.71, 0.53604,1745380597512,False
1745380597515, BTCUSDT, 3546862371, 93179.74, 0.80541,1745380597512,False
1745380597515, BTCUSDT, 3546862375, 93180.03, 0.80541,1745380597512,False
1745380597515, BTCUSDT, 3546862377, 93180.27, 0.68794,1745380597512,False
1745380597515, BTCUSDT, 3546862378, 93180.33, 0.25621,1745380597512,False
1745380597515, BTCUSDT, 3546862397, 93183.12, 0.80541,1745380597512,False
1745380597515, BTCUSDT, 3546862399, 93183.64, 1.71601,1745380597512,False
1745380597515, BTCUSDT, 3546862417, 93186.03, 1.02674,1745380597512,False
1745380597515, BTCUSDT, 3546862418, 93186.04, 0.80541,1745380597512,False
1745380597515, BTCUSDT, 3546862419, 93186.62, 0.495,1745380597512,False
1745380597515, BTCUSDT, 3546862433, 93189.33, 0.19522,1745380597512,False
1745380597542, BTCUSDT, 3546862439, 93178.48, 0.28,1745380597526,False
1745380607121, BTCUSDT, 3546862502, 93187.9, 0.16096,1745380607121,True
1745380608682, BTCUSDT, 3546862508, 93187.9, 0.28644,1745380608681,True
1745380611147, BTCUSDT, 3546862560, 93169.07, 0.28067,1745380611146,False
1745380615324, BTCUSDT, 3546862570, 93169.06, 0.3014,1745380615322,True
1745380655271, BTCUSDT, 3546862752, 93157.18, 0.31249,1745380655271,True
1745380690940, BTCUSDT, 3546862843, 93157.18, 0.1876,1745380690939,True
1745380695864, BTCUSDT, 3546862856, 93157.19, 0.17544,1745380695863,False
1745380700247, BTCUSDT, 3546862894, 93157.19, 0.76,1745380700246,False
1745380711309, BTCUSDT, 3546862917, 93157.19, 0.44804,1745380711308,False
1745380711309, BTCUSDT, 3546862918, 93157.2, 0.50201,1745380711308,False
1745380711341, BTCUSDT, 3546862950, 93171.17, 0.33307,1745380711341,False
1745380711405, BTCUSDT, 3546862967, 93178.35, 0.2,1745380711405,True
1745380713182, BTCUSDT, 3546862995, 93178.35, 0.27273,1745380713181,True
1745380729485, BTCUSDT, 3546863092, 93173.32, 0.18106,1745380729485,False
1745380745046, BTCUSDT, 3546863167, 93185.14, 0.48496,1745380745045,False
1745380759666, BTCUSDT, 3546863257, 93184.41, 0.57908,1745380759666,False
1745380762668, BTCUSDT, 3546863268, 93184.37, 0.3176,1745380762665,False
1745380762669, BTCUSDT, 3546863269, 93184.37, 0.2148,1745380762665,False
1745380762670, BTCUSDT, 3546863270, 93184.37, 1.03651,1745380762665,False
1745380762670, BTCUSDT, 3546863274, 93184.44, 0.17602,1745380762665,False
1745380762676, BTCUSDT, 3546863284, 93186.5, 0.18709,1745380762668,False
1745380762676, BTCUSDT, 3546863287, 93186.5, 0.19837,1745380762668,False
1745380762677, BTCUSDT, 3546863297, 93190.18, 0.19259,1745380762668,False
1745380762680, BTCUSDT, 3546863345, 93195.92, 0.17717,1745380762670,False
1745380762688, BTCUSDT, 3546863388, 93200.0, 0.96393,1745380762673,False
1745380762689, BTCUSDT, 3546863391, 93200.0, 0.24193,1745380762674,False
1745380762697, BTCUSDT, 3546863393, 93200.0, 0.41346,1745380762677,False
1745380762697, BTCUSDT, 3546863394, 93200.0, 3.66052,1745380762677,False
1745380762699, BTCUSDT, 3546863428, 93205.22, 0.495,1745380762677,False
1745380762699, BTCUSDT, 3546863494, 93214.52, 0.495,1745380762677,False
1745380762742, BTCUSDT, 3546863522, 93213.85, 0.19,1745380762702,True
1745380762897, BTCUSDT, 3546863593, 93223.81, 0.1918,1745380762859,True
1745380763010, BTCUSDT, 3546863598, 93223.81, 0.48706,1745380763009,True
1745380763133, BTCUSDT, 3546863638, 93214.76, 0.16935,1745380763132,True
1745380763206, BTCUSDT, 3546863659, 93205.02, 0.22607,1745380763205,True
1745380763206, BTCUSDT, 3546863660, 93205.02, 0.36153,1745380763205,True
1745380763206, BTCUSDT, 3546863663, 93205.02, 0.999,1745380763205,True
1745380763210, BTCUSDT, 3546863675, 93205.02, 0.1716,1745380763209,True
1745380763214, BTCUSDT, 3546863684, 93205.02, 0.2736,1745380763213,True
1745380763214, BTCUSDT, 3546863685, 93205.02, 1.48769,1745380763213,True
1745380763218, BTCUSDT, 3546863695, 93202.12, 0.19723,1745380763217,True
1745380763218, BTCUSDT, 3546863699, 93200.55, 0.16927,1745380763217,True
1745380763516, BTCUSDT, 3546863721, 93187.84, 0.16994,1745380763515,True
1745380772882, BTCUSDT, 3546863785, 93177.09, 0.49282,1745380772881,False
1745380774488, BTCUSDT, 3546863796, 93180.77, 0.1786,1745380774488,False
1745380778780, BTCUSDT, 3546863808, 93180.76, 0.66799,1745380778779,True
1745380779118, BTCUSDT, 3546863820, 93180.0, 0.18789,1745380779118,True
1745380779487, BTCUSDT, 3546863852, 93166.07, 0.1827,1745380779487,False
1745380783869, BTCUSDT, 3546863871, 93166.06, 0.2588,1745380783869,True
1745380787336, BTCUSDT, 3546863948, 93150.0, 0.21576,1745380787336,True
1745380793408, BTCUSDT, 3546863979, 93146.46, 0.17343,1745380793407,False
1745380794488, BTCUSDT, 3546864017, 93160.44, 0.16828,1745380794488,False
1745380794490, BTCUSDT, 3546864018, 93160.44, 0.21458,1745380794490,False
1745380797046, BTCUSDT, 3546864031, 93166.04, 1.0,1745380797046,False
1745380804487, BTCUSDT, 3546864072, 93168.92, 0.19289,1745380804487,False
1745380814486, BTCUSDT, 3546864167, 93183.24, 0.16612,1745380814486,False
1745380816076, BTCUSDT, 3546864175, 93183.23, 0.28916,1745380816074,True
1745380822449, BTCUSDT, 3546864216, 93175.78, 1.18687,1745380822448,False
1745380823802, BTCUSDT, 3546864232, 93175.78, 2.03478,1745380823801,False
1745380823809, BTCUSDT, 3546864254, 93182.09, 0.5026,1745380823804,False
1745380823810, BTCUSDT, 3546864261, 93183.23, 0.20441,1745380823805,False
1745380823812, BTCUSDT, 3546864273, 93186.83, 0.18496,1745380823806,False
1745380823812, BTCUSDT, 3546864277, 93188.0, 0.67536,1745380823806,False
1745380823814, BTCUSDT, 3546864281, 93188.0, 0.26213,1745380823807,False
1745380823821, BTCUSDT, 3546864302, 93192.99, 0.23062,1745380823810,False
1745380823821, BTCUSDT, 3546864303, 93192.99, 0.26438,1745380823810,False
1745380823829, BTCUSDT, 3546864329, 93203.45, 0.34196,1745380823814,False
1745380829015, BTCUSDT, 3546864537, 93236.36, 0.79282,1745380829012,False
1745380829015, BTCUSDT, 3546864550, 93238.05, 0.1847,1745380829012,False
1745380829015, BTCUSDT, 3546864603, 93245.91, 0.21413,1745380829012,False
1745380829015, BTCUSDT, 3546864604, 93245.92, 0.21413,1745380829012,False
1745380829015, BTCUSDT, 3546864627, 93249.94, 0.76578,1745380829012,False
1745380829015, BTCUSDT, 3546864629, 93249.98, 0.42826,1745380829012,False
1745380829015, BTCUSDT, 3546864631, 93250.0, 2.10629,1745380829012,False
1745380829015, BTCUSDT, 3546864641, 93251.72, 0.25098,1745380829012,False
1745380829015, BTCUSDT, 3546864642, 93251.73, 0.495,1745380829012,False
1745380829015, BTCUSDT, 3546864665, 93255.63, 0.21413,1745380829012,False
1745380829015, BTCUSDT, 3546864673, 93256.85, 0.21413,1745380829012,False
1745380829015, BTCUSDT, 3546864677, 93257.72, 0.58777,1745380829012,False
1745380829015, BTCUSDT, 3546864678, 93257.73, 1.71601,1745380829012,False
1745380829015, BTCUSDT, 3546864688, 93258.57, 0.53604,1745380829012,False
1745380829015, BTCUSDT, 3546864701, 93260.74, 0.21413,1745380829012,False
1745380829015, BTCUSDT, 3546864705, 93261.03, 0.35816,1745380829012,False
1745380829015, BTCUSDT, 3546864706, 93261.04, 0.495,1745380829012,False
1745380829015, BTCUSDT, 3546864714, 93262.78, 0.29246,1745380829012,False
1745380829015, BTCUSDT, 3546864722, 93264.31, 0.21413,1745380829012,False
1745380829015, BTCUSDT, 3546864737, 93266.5, 0.21413,1745380829012,False
1745380829015, BTCUSDT, 3546864740, 93267.05, 1.09193,1745380829012,False
1745380829015, BTCUSDT, 3546864741, 93267.06, 1.71601,1745380829012,False
1745380829015, BTCUSDT, 3546864747, 93268.0, 0.3424,1745380829012,False
1745380829015, BTCUSDT, 3546864748, 93268.12, 0.27091,1745380829012,False
1745380829015, BTCUSDT, 3546864749, 93268.34, 0.31044,1745380829012,False
1745380829015, BTCUSDT, 3546864750, 93268.52, 0.30335,1745380829012,False
1745380829462, BTCUSDT, 3546864759, 93253.61, 0.85549,1745380829462,True
1745380829476, BTCUSDT, 3546864760, 93253.61, 0.53128,1745380829475,True
1745380829476, BTCUSDT, 3546864765, 93253.43, 0.23942,1745380829475,True
1745380832646, BTCUSDT, 3546864806, 93243.58, 3.86013,1745380832645,False
1745380832646, BTCUSDT, 3546864827, 93253.62, 0.58506,1745380832645,False
1745380832646, BTCUSDT, 3546864839, 93256.38, 1.0439,1745380832645,False
1745380832646, BTCUSDT, 3546864851, 93262.83, 0.21413,1745380832645,False
1745380832646, BTCUSDT, 3546864856, 93264.1, 0.19281,1745380832645,False
1745380832646, BTCUSDT, 3546864860, 93266.53, 0.21413,1745380832645,False
1745380832646, BTCUSDT, 3546864861, 93266.54, 0.53604,1745380832645,False
1745380832646, BTCUSDT, 3546864862, 93266.56, 1.36609,1745380832645,False
1745380838993, BTCUSDT, 3546864993, 93244.55, 0.3167,1745380838991,False
1745380838993, BTCUSDT, 3546864994, 93244.56, 0.49506,1745380838991,False
1745380838993, BTCUSDT, 3546864998, 93246.23, 0.5361,1745380838991,False
1745380838993, BTCUSDT, 3546865022, 93251.3, 0.55725,1745380838991,False
1745380838993, BTCUSDT, 3546865023, 93251.31, 0.63678,1745380838991,False
1745380838993, BTCUSDT, 3546865025, 93252.19, 0.21413,1745380838991,False
1745380838993, BTCUSDT, 3546865032, 93255.96, 1.13267,1745380838991,False
1745380838993, BTCUSDT, 3546865033, 93255.97, 0.53604,1745380838991,False
1745380838993, BTCUSDT, 3546865034, 93255.98, 1.93014,1745380838991,False
1745380838993, BTCUSDT, 3546865035, 93256.0, 0.545,1745380838991,False
1745380838993, BTCUSDT, 3546865052, 93261.72, 0.21413,1745380838991,False
1745380838993, BTCUSDT, 3546865056, 93262.1, 0.21413,1745380838991,False
1745380838993, BTCUSDT, 3546865057, 93262.11, 0.56664,1745380838991,False
1745380838993, BTCUSDT, 3546865058, 93262.12, 1.22542,1745380838991,False
1745380844846, BTCUSDT, 3546865116, 93245.93, 0.30858,1745380844845,False
1745380844943, BTCUSDT, 3546865122, 93245.93, 3.26832,1745380844942,False
1745380844943, BTCUSDT, 3546865136, 93252.0, 0.40425,1745380844942,False
1745380844943, BTCUSDT, 3546865138, 93252.02, 0.99456,1745380844942,False
1745380844943, BTCUSDT, 3546865139, 93252.64, 0.63683,1745380844942,False
1745380844943, BTCUSDT, 3546865162, 93261.66, 0.88778,1745380844942,False
1745380844943, BTCUSDT, 3546865163, 93262.11, 1.71601,1745380844942,False
1745380844943, BTCUSDT, 3546865164, 93262.12, 0.33004,1745380844942,False
1745380844943, BTCUSDT, 3546865168, 93263.98, 0.21413,1745380844942,False
1745380844943, BTCUSDT, 3546865174, 93266.04, 1.63084,1745380844942,False
1745380844943, BTCUSDT, 3546865180, 93267.55, 1.0,1745380844942,False
1745380844943, BTCUSDT, 3546865181, 93267.67, 0.21413,1745380844942,False
1745380844943, BTCUSDT, 3546865183, 93267.71, 0.53604,1745380844942,False
1745380844943, BTCUSDT, 3546865184, 93267.72, 1.71601,1745380844942,False
1745380848020, BTCUSDT, 3546865252, 93258.37, 0.63697,1745380848019,True
1745380848377, TAOUSDT, 33846656, 336.0, 93.7293,1745380848376,False
1745380854469, BTCUSDT, 3546865302, 93251.22, 3.61195,1745380854468,False
1745380854469, BTCUSDT, 3546865325, 93256.99, 0.28839,1745380854468,False
1745380854469, BTCUSDT, 3546865331, 93260.1, 0.53506,1745380854468,False
1745380854469, BTCUSDT, 3546865333, 93260.32, 0.32501,1745380854468,False
1745380854469, BTCUSDT, 3546865338, 93262.22, 0.21413,1745380854468,False
1745380854469, BTCUSDT, 3546865340, 93262.33, 0.70957,1745380854468,False
1745380854469, BTCUSDT, 3546865345, 93263.38, 1.71601,1745380854468,False
1745380854469, BTCUSDT, 3546865348, 93263.96, 0.53604,1745380854468,False
1745380854469, BTCUSDT, 3546865351, 93264.35, 1.5,1745380854468,False
1745380854469, BTCUSDT, 3546865356, 93265.98, 0.21413,1745380854468,False
1745380854469, BTCUSDT, 3546865357, 93265.99, 0.21413,1745380854468,False
1745380854469, BTCUSDT, 3546865359, 93266.05, 0.96677,1745380854468,False
1745380854469, BTCUSDT, 3546865377, 93269.35, 1.71601,1745380854468,False
1745380860690, BTCUSDT, 3546865467, 93240.81, 0.30007,1745380860689,False
1745380869095, BTCUSDT, 3546865557, 93247.37, 0.1716,1745380869095,False
1745380882500, BTCUSDT, 3546865611, 93247.37, 1.23419,1745380882499,False
1745380884430, BTCUSDT, 3546865663, 93238.64, 0.21466,1745380884428,True
1745380892937, BTCUSDT, 3546865747, 93231.18, 0.1716,1745380892937,False
1745380895417, BTCUSDT, 3546865793, 93247.36, 0.2,1745380895416,True
1745380903626, BTCUSDT, 3546865828, 93247.37, 0.2497,1745380903625,False
1745380937470, BTCUSDT, 3546866013, 93255.99, 0.3288,1745380937469,True
1745380937567, BTCUSDT, 3546866021, 93255.99, 0.23614,1745380937567,True
1745380942482, BTCUSDT, 3546866085, 93244.05, 0.23657,1745380942482,False
1745380958939, BTCUSDT, 3546866192, 93243.01, 1.0,1745380958939,False
1745380960216, BTCUSDT, 3546866202, 93243.0, 0.64682,1745380960215,True
1745380961736, BTCUSDT, 3546866212, 93243.0, 2.81239,1745380961736,True
1745380976426, BTCUSDT, 3546866277, 93243.01, 0.18,1745380976425,False
1745380978595, BTCUSDT, 3546866281, 93243.01, 1.26285,1745380978594,False
1745380981245, BTCUSDT, 3546866310, 93249.16, 5.0,1745380981244,True
1745380984731, BTCUSDT, 3546866325, 93249.16, 4.65508,1745380984730,True
1745380984731, BTCUSDT, 3546866329, 93248.25, 0.25335,1745380984730,True
1745380984731, BTCUSDT, 3546866330, 93248.24, 0.19328,1745380984730,True
1745380984731, BTCUSDT, 3546866332, 93247.33, 0.63687,1745380984730,True
1745380984731, BTCUSDT, 3546866334, 93246.66, 0.1809,1745380984730,True
1745380989000, BTCUSDT, 3546866357, 93244.9, 4.0,1745380988999,True
1745380989653, BTCUSDT, 3546866361, 93244.91, 0.87546,1745380989653,False
1745380992436, BTCUSDT, 3546866375, 93244.9, 3.44862,1745380992434,True
1745380992436, BTCUSDT, 3546866378, 93244.77, 0.27231,1745380992434,True
1745380992436, BTCUSDT, 3546866379, 93244.76, 0.23841,1745380992434,True
1745380992436, BTCUSDT, 3546866385, 93242.89, 0.6369,1745380992434,True
1745380998342, BTCUSDT, 3546866427, 93238.09, 0.20957,1745380998341,True
1745380998591, BTCUSDT, 3546866431, 93238.09, 1.59635,1745380998589,True
1745380998591, BTCUSDT, 3546866444, 93234.41, 0.21933,1745380998589,True
1745380998591, BTCUSDT, 3546866451, 93232.99, 0.63696,1745380998589,True
1745380998591, BTCUSDT, 3546866456, 93232.1, 0.24138,1745380998589,True
1745380998591, BTCUSDT, 3546866473, 93230.32, 0.21413,1745380998589,True
1745380998591, BTCUSDT, 3546866475, 93230.24, 0.21413,1745380998589,True
1745380998591, BTCUSDT, 3546866501, 93226.73, 0.53604,1745380998589,True
1745380998591, BTCUSDT, 3546866502, 93226.72, 0.98706,1745380998589,True
1745380998591, BTCUSDT, 3546866505, 93226.51, 0.21413,1745380998589,True
1745380998591, BTCUSDT, 3546866506, 93226.4, 0.21413,1745380998589,True
1745381002621, BTCUSDT, 3546866592, 93218.32, 0.22614,1745381002621,False
1745381004188, BTCUSDT, 3546866600, 93218.31, 0.60018,1745381004187,True
1745381004188, BTCUSDT, 3546866609, 93217.39, 0.22783,1745381004187,True
1745381004188, BTCUSDT, 3546866626, 93212.74, 0.63704,1745381004187,True
1745381004188, BTCUSDT, 3546866637, 93210.38, 0.21413,1745381004187,True
1745381004188, BTCUSDT, 3546866638, 93210.23, 0.21413,1745381004187,True
1745381004188, BTCUSDT, 3546866639, 93210.07, 1.48975,1745381004187,True
1745381004188, BTCUSDT, 3546866640, 93210.06, 1.33208,1745381004187,True
1745381004890, BTCUSDT, 3546866661, 93210.0, 0.21955,1745381004890,True
1745381005417, BTCUSDT, 3546866667, 93210.0, 0.81136,1745381005416,True
1745381005419, BTCUSDT, 3546866672, 93210.0, 1.78421,1745381005418,True
1745381007999, BTCUSDT, 3546866730, 93201.89, 0.16744,1745381007999,False
1745381008000, BTCUSDT, 3546866731, 93201.89, 0.1904,1745381008000,False
1745381012341, BTCUSDT, 3546866759, 93210.0, 4.87311,1745381012340,True
1745381012341, BTCUSDT, 3546866766, 93207.88, 0.17787,1745381012340,True
1745381012341, BTCUSDT, 3546866771, 93206.55, 0.58538,1745381012340,True
1745381012341, BTCUSDT, 3546866776, 93204.05, 0.20324,1745381012340,True
1745381016432, BTCUSDT, 3546866802, 93204.05, 0.30847,1745381016432,True
1745381020171, BTCUSDT, 3546866819, 93204.05, 0.61715,1745381020170,True
1745381020171, BTCUSDT, 3546866844, 93199.22, 0.40546,1745381020170,True
1745381020171, BTCUSDT, 3546866858, 93196.33, 0.63716,1745381020170,True
1745381020171, BTCUSDT, 3546866860, 93196.06, 0.21413,1745381020170,True
1745381020171, BTCUSDT, 3546866864, 93195.87, 0.21413,1745381020170,True
1745381020171, BTCUSDT, 3546866869, 93194.52, 0.79923,1745381020170,True
1745381020171, BTCUSDT, 3546866872, 93193.61, 1.65699,1745381020170,True
1745381025059, BTCUSDT, 3546866883, 93193.61, 2.16811,1745381025058,True
1745381028097, BTCUSDT, 3546866893, 93193.33, 2.64518,1745381028096,True
1745381028097, BTCUSDT, 3546866923, 93189.77, 0.36317,1745381028096,True
1745381041208, BTCUSDT, 3546867047, 93175.0, 0.32184,1745381041207,True
1745381053851, BTCUSDT, 3546867249, 93152.01, 1.3447,1745381053850,True
1745381062471, BTCUSDT, 3546867303, 93151.46, 0.40017,1745381062471,False
1745381069499, BTCUSDT, 3546867384, 93142.85, 0.17843,1745381069499,True
1745381088629, BTCUSDT, 3546867505, 93137.57, 0.24349,1745381088628,True
1745381097761, BTCUSDT, 3546867596, 93130.43, 2.0,1745381097761,True
1745381100329, BTCUSDT, 3546867607, 93130.43, 0.23605,1745381100328,True
1745381106990, BTCUSDT, 3546867627, 93130.42, 0.76236,1745381106989,True
1745381109141, BTCUSDT, 3546867633, 93130.42, 1.17451,1745381109140,True
1745381109141, BTCUSDT, 3546867655, 93124.94, 0.42832,1745381109140,True
1745381114787, BTCUSDT, 3546867678, 93124.93, 2.81477,1745381114786,True
1745381127522, BTCUSDT, 3546867748, 93120.01, 0.17845,1745381127522,False
1745381127524, BTCUSDT, 3546867751, 93120.01, 0.22848,1745381127523,False
1745381127524, BTCUSDT, 3546867754, 93120.01, 0.3242,1745381127524,False
1745381127528, BTCUSDT, 3546867764, 93122.81, 0.17851,1745381127526,False
1745381131220, BTCUSDT, 3546867781, 93123.27, 3.2,1745381131220,True
1745381154831, BTCUSDT, 3546867925, 93111.97, 2.41226,1745381154830,True
1745381156249, BTCUSDT, 3546867938, 93110.63, 0.19,1745381156248,False
1745381165220, BTCUSDT, 3546867959, 93110.62, 0.20899,1745381165220,True
1745381169595, BTCUSDT, 3546867981, 93110.62, 0.28751,1745381169594,True
1745381171373, BTCUSDT, 3546867993, 93110.62, 2.15613,1745381171372,True
1745381171406, BTCUSDT, 3546867996, 93110.57, 0.19006,1745381171406,True
1745381179260, BTCUSDT, 3546868038, 93109.8, 0.81645,1745381179259,True
1745381182457, BTCUSDT, 3546868050, 93109.81, 0.16921,1745381182457,False
1745381186237, BTCUSDT, 3546868058, 93109.8, 1.5,1745381186237,True
1745381194686, BTCUSDT, 3546868098, 93109.81, 0.35927,1745381194686,False
1745381194687, BTCUSDT, 3546868102, 93109.81, 0.1619,1745381194686,False
1745381194902, BTCUSDT, 3546868151, 93123.28, 0.23502,1745381194901,False
1745381200334, BTCUSDT, 3546868287, 93170.88, 1.58244,1745381200333,True
1745381200557, BTCUSDT, 3546868290, 93170.88, 2.77525,1745381200557,True
1745381201227, BTCUSDT, 3546868294, 93170.88, 1.52517,1745381201226,True
1745381201227, BTCUSDT, 3546868299, 93168.09, 0.19392,1745381201226,True
1745381201227, BTCUSDT, 3546868301, 93167.76, 0.63741,1745381201226,True
1745381201227, BTCUSDT, 3546868307, 93165.31, 0.58291,1745381201226,True
1745381201227, BTCUSDT, 3546868312, 93163.1, 0.87926,1745381201226,True
1745381203344, BTCUSDT, 3546868319, 93163.56, 0.17296,1745381203344,False
1745381229303, BTCUSDT, 3546868395, 93163.55, 2.9751,1745381229302,True
1745381235081, BTCUSDT, 3546868436, 93172.76, 0.19678,1745381235080,False
1745381238637, BTCUSDT, 3546868447, 93175.63, 1.60217,1745381238637,True
1745381242518, BTCUSDT, 3546868464, 93174.74, 0.17081,1745381242517,False
1745381252093, BTCUSDT, 3546868501, 93174.73, 1.73728,1745381252093,True
1745381264156, BTCUSDT, 3546868527, 93174.22, 0.241,1745381264156,True
1745381281490, BTCUSDT, 3546868580, 93174.22, 1.03546,1745381281490,True
1745381297181, BTCUSDT, 3546868656, 93168.34, 0.19133,1745381297181,True
1745381297184, BTCUSDT, 3546868659, 93166.52, 0.36088,1745381297183,True
1745381302509, BTCUSDT, 3546868732, 93153.75, 0.17001,1745381302509,False
1745381322321, BTCUSDT, 3546868788, 93148.65, 2.42119,1745381322321,True
1745381328611, BTCUSDT, 3546868832, 93143.1, 0.2801,1745381328609,True
1745381329016, BTCUSDT, 3546868865, 93132.37, 0.41352,1745381329015,True
1745381331706, BTCUSDT, 3546868892, 93131.57, 0.73854,1745381331705,True
1745381339390, BTCUSDT, 3546868936, 93130.45, 0.22951,1745381339389,False
1745381340945, BTCUSDT, 3546868942, 93130.44, 2.12152,1745381340945,True
1745381346514, BTCUSDT, 3546869002, 93121.38, 0.64432,1745381346513,False
1745381347160, ARUSDT, 68586319, 6.36, 3034.15,1745381347160,False
1745381348190, BTCUSDT, 3546869007, 93121.38, 1.09382,1745381348189,False
1745381352051, BTCUSDT, 3546869031, 93125.17, 3.0,1745381352050,True
1745381362512, BTCUSDT, 3546869065, 93125.18, 0.166,1745381362511,False
1745381408261, BTCUSDT, 3546869190, 93125.17, 1.72723,1745381408261,True
1745381418758, BTCUSDT, 3546869225, 93121.99, 3.3,1745381418758,True
1745381420089, BTCUSDT, 3546869229, 93122.0, 0.3014,1745381420083,False
1745381422657, BTCUSDT, 3546869256, 93125.17, 0.18043,1745381422657,False
1745381432581, BTCUSDT, 3546869287, 93125.17, 2.50875,1745381432580,True
1745381436268, BTCUSDT, 3546869308, 93125.17, 0.3287,1745381436268,True
1745381438847, BTCUSDT, 3546869326, 93125.17, 0.5,1745381438846,True
1745381447480, BTCUSDT, 3546869380, 93121.99, 0.1716,1745381447479,True
1745381447482, BTCUSDT, 3546869381, 93121.99, 0.2388,1745381447481,True
1745381447483, BTCUSDT, 3546869383, 93121.99, 0.50405,1745381447483,True
1745381451878, BTCUSDT, 3546869427, 93115.55, 0.37591,1745381451878,False
1745381458492, BTCUSDT, 3546869448, 93115.54, 0.5583,1745381458491,True
1745381464327, BTCUSDT, 3546869463, 93115.54, 0.27921,1745381464327,True
1745381465737, BTCUSDT, 3546869465, 93115.55, 0.55815,1745381465737,False
1745381476112, BTCUSDT, 3546869508, 93115.54, 1.44701,1745381476110,True
1745381476112, BTCUSDT, 3546869509, 93115.53, 0.16509,1745381476110,True
1745381476116, BTCUSDT, 3546869541, 93110.66, 0.375,1745381476112,True
1745381476125, BTCUSDT, 3546869568, 93105.16, 0.60628,1745381476117,True
1745381476126, BTCUSDT, 3546869570, 93105.01, 0.18846,1745381476118,True
1745381476197, BTCUSDT, 3546869580, 93102.76, 0.18,1745381476197,False
1745381482551, BTCUSDT, 3546869614, 93100.76, 0.25662,1745381482551,False
1745381497537, BTCUSDT, 3546869682, 93100.0, 0.41958,1745381497536,True
1745381507216, BTCUSDT, 3546869744, 93100.0, 0.16334,1745381507215,True
1745381517032, BTCUSDT, 3546869792, 93095.41, 0.40618,1745381517028,False
1745381517036, BTCUSDT, 3546869793, 93095.41, 0.51124,1745381517030,False
1745381517044, BTCUSDT, 3546869795, 93095.41, 0.42924,1745381517034,False
1745381517045, BTCUSDT, 3546869796, 93095.41, 1.48033,1745381517034,False
1745381517095, BTCUSDT, 3546869798, 93095.4, 0.35722,1745381517077,True
1745381520090, BTCUSDT, 3546869806, 93095.4, 0.29759,1745381520090,True
1745381542094, BTCUSDT, 3546869919, 93087.94, 0.82784,1745381542094,True
1745381542094, BTCUSDT, 3546869920, 93087.94, 0.38413,1745381542094,True
1745381542095, BTCUSDT, 3546869921, 93087.94, 0.34196,1745381542094,True
1745381542095, BTCUSDT, 3546869922, 93087.94, 0.29747,1745381542095,True
1745381542132, BTCUSDT, 3546869926, 93087.75, 0.17,1745381542132,False
1745381542540, BTCUSDT, 3546869932, 93087.75, 0.21091,1745381542539,False
1745381547790, BTCUSDT, 3546869944, 93087.74, 0.34748,1745381547789,True
1745381547790, BTCUSDT, 3546869952, 93087.53, 0.21267,1745381547789,True
1745381549492, BTCUSDT, 3546869979, 93083.97, 0.19024,1745381549491,True
1745381555727, BTCUSDT, 3546870078, 93068.35, 0.21,1745381555726,False
1745381555783, BTCUSDT, 3546870106, 93062.14, 0.3781,1745381555782,True
1745381564349, BTCUSDT, 3546870136, 93062.15, 0.2652,1745381564348,False
1745381597482, BTCUSDT, 3546870430, 93115.99, 0.17025,1745381597482,True
1745381602506, BTCUSDT, 3546870439, 93116.0, 0.20128,1745381602505,False
1745381602871, BTCUSDT, 3546870465, 93120.34, 0.18483,1745381602870,False
1745381602879, BTCUSDT, 3546870479, 93125.18, 0.2388,1745381602876,False
1745381602907, BTCUSDT, 3546870487, 93125.18, 0.45049,1745381602905,False
1745381602924, BTCUSDT, 3546870494, 93125.18, 0.52749,1745381602923,False
1745381605927, BTCUSDT, 3546870638, 93150.0, 0.196,1745381605926,False
1745381607485, BTCUSDT, 3546870706, 93163.99, 0.16661,1745381607482,True
1745381608384, BTCUSDT, 3546870711, 93163.99, 0.8,1745381608383,True
1745381625442, BTCUSDT, 3546870794, 93169.63, 1.2329,1745381625441,True
1745381625442, BTCUSDT, 3546870795, 93169.63, 1.47772,1745381625441,True
1745381625443, BTCUSDT, 3546870796, 93169.63, 0.3288,1745381625441,True
1745381661374, BTCUSDT, 3546870966, 93148.3, 0.22341,1745381661373,False
1745381662510, BTCUSDT, 3546870972, 93148.3, 0.23817,1745381662510,False
1745381666990, BTCUSDT, 3546870994, 93153.4, 0.25548,1745381666989,False
1745381666990, BTCUSDT, 3546870997, 93155.16, 0.16889,1745381666989,False
1745381666990, BTCUSDT, 3546871003, 93157.62, 0.18805,1745381666989,False
1745381671072, BTCUSDT, 3546871012, 93157.61, 0.5,1745381671071,True
1745381699840, BTCUSDT, 3546871091, 93157.61, 0.19222,1745381699839,True
1745381701012, BTCUSDT, 3546871103, 93157.62, 0.73507,1745381701011,False
1745381704928, BTCUSDT, 3546871108, 93157.62, 0.21405,1745381704927,False
1745381707972, BTCUSDT, 3546871272, 93190.48, 0.17353,1745381707971,False
1745381716536, BTCUSDT, 3546871357, 93200.0, 0.79803,1745381716536,False
1745381722489, BTCUSDT, 3546871379, 93200.0, 0.21171,1745381722489,False
1745381732676, BTCUSDT, 3546871419, 93199.99, 0.2634,1745381732676,True
1745381732677, BTCUSDT, 3546871420, 93199.99, 1.32271,1745381732676,True
1745381737957, BTCUSDT, 3546871496, 93180.0, 0.42925,1745381737957,True
1745381744691, BTCUSDT, 3546871552, 93166.03, 0.20808,1745381744690,False
1745381744694, BTCUSDT, 3546871554, 93166.03, 0.93717,1745381744692,False
1745381744695, BTCUSDT, 3546871557, 93166.03, 0.27602,1745381744693,False
1745381744701, BTCUSDT, 3546871565, 93167.9, 0.21487,1745381744697,False
1745381751021, BTCUSDT, 3546871617, 93177.46, 0.86043,1745381751020,False
1745381782498, BTCUSDT, 3546871751, 93167.44, 0.24218,1745381782497,False
1745381831627, BTCUSDT, 3546871856, 93167.43, 0.286,1745381831627,True
1745381831629, BTCUSDT, 3546871857, 93167.43, 0.24662,1745381831628,True
1745381831631, BTCUSDT, 3546871858, 93167.43, 0.16203,1745381831630,True
1745381842529, BTCUSDT, 3546871956, 93160.01, 0.41139,1745381842528,False
1745381846806, BTCUSDT, 3546871990, 93153.59, 0.73558,1745381846806,True
1745381868401, BTCUSDT, 3546872043, 93153.58, 0.58068,1745381868400,True
1745381868664, BTCUSDT, 3546872066, 93150.0, 0.18386,1745381868664,True
1745381869559, ARUSDT, 68586575, 6.36, 3190.64,1745381869559,True
1745381902482, BTCUSDT, 3546872226, 93136.8, 0.22374,1745381902482,False
1745381911951, BTCUSDT, 3546872257, 93136.79, 0.21495,1745381911950,True
1745381913289, BTCUSDT, 3546872260, 93136.79, 0.4226,1745381913288,True
1745381913536, BTCUSDT, 3546872279, 93133.99, 0.21972,1745381913535,True
1745381913538, BTCUSDT, 3546872301, 93131.19, 0.18893,1745381913537,True
1745381916933, BTCUSDT, 3546872355, 93120.31, 0.36573,1745381916932,True
1745381917936, BTCUSDT, 3546872415, 93105.02, 0.54768,1745381917935,False
1745381924408, BTCUSDT, 3546872433, 93105.01, 0.5364,1745381924407,True
1745381926415, BTCUSDT, 3546872439, 93105.01, 0.54065,1745381925900,True
1745381926415, BTCUSDT, 3546872443, 93104.07, 0.21491,1745381925900,True
1745381926415, BTCUSDT, 3546872450, 93103.14, 0.21498,1745381925900,True
1745381926415, BTCUSDT, 3546872453, 93102.21, 0.16967,1745381925900,True
1745381939633, BTCUSDT, 3546872680, 93065.16, 1.5,1745381939633,False
1745381941927, BTCUSDT, 3546872689, 93065.16, 0.16887,1745381941926,False
1745381954771, BTCUSDT, 3546872725, 93065.15, 0.29105,1745381954771,True
1745381954772, BTCUSDT, 3546872727, 93065.15, 0.74748,1745381954771,True
1745381957236, BTCUSDT, 3546872752, 93063.37, 0.28021,1745381957235,True
1745381962542, BTCUSDT, 3546872834, 93050.02, 0.25341,1745381962542,False
1745381966620, BTCUSDT, 3546872879, 93063.75, 0.73795,1745381966619,False
1745381972875, BTCUSDT, 3546872899, 93063.74, 0.5,1745381972874,True
1745381985990, BTCUSDT, 3546872974, 93050.02, 0.21697,1745381985989,False
1745381992941, BTCUSDT, 3546872998, 93050.01, 4.5107,1745381992939,True
1745381992941, BTCUSDT, 3546872999, 93050.0, 0.22096,1745381992939,True
1745381992941, BTCUSDT, 3546873004, 93049.61, 0.63834,1745381992939,True
1745381992941, BTCUSDT, 3546873032, 93044.31, 0.76951,1745381992939,True
1745381992941, BTCUSDT, 3546873033, 93044.31, 0.23049,1745381992940,True
1745381992941, BTCUSDT, 3546873037, 93043.47, 0.33214,1745381992940,True
1745382022477, BTCUSDT, 3546873216, 93039.7, 0.34162,1745382022477,False
1745382025957, BTCUSDT, 3546873223, 93039.69, 0.30858,1745382025956,True
1745382057234, BTCUSDT, 3546873373, 93039.05, 1.09283,1745382057233,True
1745382059660, BTCUSDT, 3546873382, 93039.69, 0.198,1745382059660,False
1745382065216, BTCUSDT, 3546873403, 93039.68, 0.17224,1745382065215,True
1745382065910, BTCUSDT, 3546873409, 93039.06, 0.2043,1745382065909,False
1745382065910, BTCUSDT, 3546873410, 93039.06, 0.59648,1745382065909,False
1745382065910, BTCUSDT, 3546873411, 93039.06, 0.27421,1745382065909,False
1745382065911, BTCUSDT, 3546873412, 93039.06, 0.2736,1745382065910,False
1745382065911, BTCUSDT, 3546873413, 93039.06, 1.414,1745382065910,False
1745382065919, BTCUSDT, 3546873428, 93039.69, 0.20725,1745382065914,False
1745382077485, BTCUSDT, 3546873467, 93041.63, 0.2508,1745382077485,True
1745382077486, BTCUSDT, 3546873468, 93041.63, 0.388,1745382077485,True
1745382077486, BTCUSDT, 3546873480, 93040.61, 0.45986,1745382077485,True
1745382077486, BTCUSDT, 3546873481, 93040.6, 0.63816,1745382077485,True
1745382077487, BTCUSDT, 3546873487, 93039.05, 0.39373,1745382077486,True
1745382077489, BTCUSDT, 3546873489, 93039.05, 0.16855,1745382077487,True
1745382077497, BTCUSDT, 3546873490, 93039.05, 0.20049,1745382077491,True
1745382082514, BTCUSDT, 3546873540, 93030.01, 0.44106,1745382082514,False
1745382088057, BTCUSDT, 3546873554, 93030.0, 0.7,1745382088056,True
1745382095746, BTCUSDT, 3546873591, 93030.0, 0.5,1745382095746,True
1745382097851, BTCUSDT, 3546873595, 93030.0, 0.31878,1745382097851,True
1745382111143, BTCUSDT, 3546873713, 93018.43, 1.4264,1745382111142,True
1745382122126, BTCUSDT, 3546873778, 93029.83, 0.97191,1745382122126,False
1745382122126, BTCUSDT, 3546873784, 93030.43, 0.2409,1745382122126,False
1745382129217, BTCUSDT, 3546873869, 93059.99, 0.31445,1745382129216,True
1745382138264, BTCUSDT, 3546873918, 93063.37, 0.31444,1745382138264,True
1745382142528, BTCUSDT, 3546873935, 93063.38, 0.22053,1745382142528,False
1745382162777, BTCUSDT, 3546874012, 93062.12, 0.45726,1745382162776,True
1745382162777, BTCUSDT, 3546874025, 93058.15, 0.24996,1745382162776,True
1745382166616, BTCUSDT, 3546874034, 93058.15, 0.21639,1745382166616,True
1745382178421, BTCUSDT, 3546874098, 93062.84, 0.38281,1745382178420,True
1745382189343, BTCUSDT, 3546874159, 93074.04, 0.501,1745382189343,False
1745382202431, BTCUSDT, 3546874187, 93074.04, 0.50719,1745382202431,False
1745382202450, BTCUSDT, 3546874188, 93074.04, 0.23577,1745382202450,False
1745382202750, BTCUSDT, 3546874191, 93074.04, 0.87649,1745382202749,False
1745382206565, BTCUSDT, 3546874203, 93074.03, 0.33715,1745382206564,True
1745382214655, BTCUSDT, 3546874285, 93092.73, 1.4053,1745382214655,True
1745382227286, BTCUSDT, 3546874309, 93092.73, 0.22,1745382227285,True
1745382228848, BTCUSDT, 3546874316, 93092.74, 1.0,1745382228848,False
1745382231815, BTCUSDT, 3546874319, 93092.73, 1.00662,1745382231814,True
1745382238881, BTCUSDT, 3546874339, 93092.74, 2.32803,1745382238880,False
1745382240669, BTCUSDT, 3546874343, 93092.73, 0.5125,1745382240668,True
1745382252110, BTCUSDT, 3546874447, 93075.37, 0.1653,1745382252109,True
1745382254681, BTCUSDT, 3546874456, 93075.37, 0.63616,1745382254681,True
1745382254681, BTCUSDT, 3546874465, 93074.03, 0.29727,1745382254681,True
1745382255227, BTCUSDT, 3546874468, 93074.03, 0.64293,1745382255226,True
1745382262478, BTCUSDT, 3546874524, 93068.37, 0.23669,1745382262478,False
1745382271556, BTCUSDT, 3546874620, 93057.71, 0.26951,1745382271555,False
1745382288438, BTCUSDT, 3546874757, 93046.61, 0.5,1745382288437,True
1745382291577, BTCUSDT, 3546874789, 93056.37, 0.21457,1745382291575,False
1745382291581, BTCUSDT, 3546874796, 93057.3, 0.20354,1745382291577,False
1745382311396, BTCUSDT, 3546874899, 93074.03, 0.56895,1745382311396,True
1745382327072, BTCUSDT, 3546874971, 93065.24, 0.172,1745382327067,True
1745382327073, BTCUSDT, 3546874972, 93065.24, 0.2243,1745382327067,True
1745382327087, BTCUSDT, 3546875012, 93056.35, 0.495,1745382327073,True
1745382327087, BTCUSDT, 3546875013, 93056.2, 0.19785,1745382327073,True
1745382327087, BTCUSDT, 3546875019, 93054.7, 0.42826,1745382327073,True
1745382337993, BTCUSDT, 3546875074, 93050.01, 0.89816,1745382337992,False
1745382360066, BTCUSDT, 3546875174, 93066.4, 0.28953,1745382360065,True
1745382379840, BTCUSDT, 3546875358, 93068.84, 0.95302,1745382379840,False
1745382395790, BTCUSDT, 3546875449, 93068.83, 0.56689,1745382395789,True
1745382400318, BTCUSDT, 3546875465, 93066.41, 0.938,1745382400318,False
1745382426034, BTCUSDT, 3546875570, 93075.71, 0.70203,1745382426033,True
1745382426034, BTCUSDT, 3546875571, 93075.7, 0.31439,1745382426033,True
1745382426034, BTCUSDT, 3546875576, 93074.77, 0.19874,1745382426033,True
1745382426034, BTCUSDT, 3546875580, 93073.84, 0.19874,1745382426033,True
1745382426034, BTCUSDT, 3546875583, 93072.91, 0.19874,1745382426033,True
1745382426034, BTCUSDT, 3546875589, 93071.36, 0.63801,1745382426033,True
1745382426034, BTCUSDT, 3546875598, 93069.35, 0.19744,1745382426033,True
1745382431963, BTCUSDT, 3546875656, 93066.4, 0.72964,1745382431962,True
1745382431963, BTCUSDT, 3546875662, 93065.45, 0.5624,1745382431962,True
1745382444591, BTCUSDT, 3546875857, 93043.47, 0.16576,1745382444590,True
1745382454024, BTCUSDT, 3546875921, 93040.15, 0.2,1745382454023,False
1745382454388, BTCUSDT, 3546875957, 93034.86, 0.6382,1745382454387,True
1745382461716, BTCUSDT, 3546876056, 93030.22, 0.23885,1745382461716,True
1745382487532, BTCUSDT, 3546876231, 93029.54, 0.83028,1745382487531,True
1745382492068, BTCUSDT, 3546876245, 93029.55, 0.19923,1745382492068,False
1745382495256, BTCUSDT, 3546876256, 93029.55, 0.16629,1745382495255,False
1745382496000, BTCUSDT, 3546876270, 93034.18, 0.25326,1745382496000,True
1745382499587, BTCUSDT, 3546876277, 93034.18, 0.38234,1745382499586,True
1745382504616, TAOUSDT, 33848318, 335.9, 51.0971,1745382504615,True
1745382508727, BTCUSDT, 3546876369, 93053.9, 0.29086,1745382508722,False
1745382523284, BTCUSDT, 3546876432, 93068.16, 0.48,1745382523283,True
1745382536765, BTCUSDT, 3546876450, 93068.16, 0.7,1745382536764,True
1745382546433, BTCUSDT, 3546876480, 93068.16, 2.5,1745382546433,True
1745382610858, BTCUSDT, 3546876633, 93073.55, 0.22201,1745382610858,True
1745382652944, BTCUSDT, 3546876763, 93078.49, 0.50595,1745382652943,False
1745382652944, BTCUSDT, 3546876771, 93079.1, 0.2386,1745382652943,False
1745382667954, BTCUSDT, 3546876885, 93099.97, 0.19121,1745382667954,False
1745382676520, BTCUSDT, 3546876927, 93099.96, 0.2736,1745382676519,True
1745382676521, BTCUSDT, 3546876929, 93099.96, 0.1906,1745382676520,True
1745382676521, BTCUSDT, 3546876930, 93099.96, 0.82358,1745382676520,True
1745382676521, BTCUSDT, 3546876934, 93099.02, 0.21496,1745382676520,True
1745382694544, BTCUSDT, 3546877044, 93100.0, 0.23966,1745382694543,False
1745382694545, BTCUSDT, 3546877045, 93100.0, 0.17233,1745382694544,False
1745382694546, BTCUSDT, 3546877046, 93100.0, 0.24604,1745382694545,False
1745382695164, BTCUSDT, 3546877057, 93105.01, 0.32223,1745382695164,True
1745382696138, BTCUSDT, 3546877058, 93105.01, 0.32223,1745382696137,True
1745382697133, BTCUSDT, 3546877060, 93105.01, 0.3128,1745382697132,True
1745382703009, BTCUSDT, 3546877090, 93105.02, 0.25,1745382703008,False
1745382706301, BTCUSDT, 3546877142, 93118.47, 0.62218,1745382706300,True
1745382711400, BTCUSDT, 3546877177, 93118.48, 0.1642,1745382711399,False
1745382711400, BTCUSDT, 3546877178, 93118.48, 0.21227,1745382711399,False
1745382711401, BTCUSDT, 3546877180, 93118.48, 0.1773,1745382711400,False
1745382711403, BTCUSDT, 3546877181, 93118.48, 0.40476,1745382711402,False
1745382736832, BTCUSDT, 3546877327, 93141.62, 0.2736,1745382736830,True
1745382742803, BTCUSDT, 3546877348, 93141.63, 0.38473,1745382742802,False
1745382748220, BTCUSDT, 3546877368, 93141.63, 0.47583,1745382748219,False
1745382764921, BTCUSDT, 3546877452, 93150.0, 0.46488,1745382764920,False
1745382781033, BTCUSDT, 3546877557, 93167.43, 0.46221,1745382781032,True
1745382781033, BTCUSDT, 3546877558, 93167.42, 0.20478,1745382781032,True
1745382781033, BTCUSDT, 3546877560, 93167.4, 0.61713,1745382781032,True
1745382781037, BTCUSDT, 3546877563, 93166.46, 0.18373,1745382781036,True
1745382782131, BTCUSDT, 3546877587, 93156.49, 0.40231,1745382782130,False
1745382787003, BTCUSDT, 3546877606, 93163.97, 0.18535,1745382787002,True
1745382798418, BTCUSDT, 3546877748, 93142.85, 1.53191,1745382798417,True
1745382807670, BTCUSDT, 3546877849, 93134.33, 1.0,1745382807670,False
1745382814763, BTCUSDT, 3546877935, 93126.22, 0.93176,1745382814763,True
1745382828886, BTCUSDT, 3546878012, 93120.81, 0.22988,1745382828885,True
1745382835205, BTCUSDT, 3546878023, 93120.81, 0.17918,1745382835205,True
1745382835205, BTCUSDT, 3546878024, 93120.81, 0.20924,1745382835205,True
1745382835206, BTCUSDT, 3546878027, 93120.81, 0.18558,1745382835205,True
1745382835209, BTCUSDT, 3546878050, 93117.06, 0.19059,1745382835207,True
1745382835209, BTCUSDT, 3546878058, 93116.13, 0.21474,1745382835208,True
1745382835546, BTCUSDT, 3546878090, 93110.5, 0.38894,1745382835545,True
1745382838485, BTCUSDT, 3546878147, 93103.82, 0.32217,1745382838485,False
1745382853401, BTCUSDT, 3546878272, 93092.19, 0.44434,1745382853399,False
1745382873691, BTCUSDT, 3546878393, 93120.0, 0.20595,1745382873690,False
1745382873694, BTCUSDT, 3546878399, 93120.82, 0.23022,1745382873693,False
1745382876591, BTCUSDT, 3546878414, 93124.94, 0.21476,1745382876590,False
1745382877718, BTCUSDT, 3546878437, 93129.14, 0.38219,1745382877708,False
1745382892210, BTCUSDT, 3546878487, 93133.55, 1.55852,1745382892210,False
1745382899858, BTCUSDT, 3546878501, 93133.54, 0.28593,1745382899857,True
1745382899858, BTCUSDT, 3546878512, 93132.6, 0.21758,1745382899857,True
1745382911496, BTCUSDT, 3546878551, 93125.61, 0.17592,1745382911495,True
1745382911497, BTCUSDT, 3546878553, 93125.61, 0.32,1745382911496,True
1745382911501, BTCUSDT, 3546878583, 93120.26, 0.16473,1745382911497,True
1745382911839, BTCUSDT, 3546878594, 93118.47, 1.65484,1745382911839,True
1745382911886, BTCUSDT, 3546878648, 93109.13, 0.38876,1745382911886,True
1745382918444, BTCUSDT, 3546878659, 93108.58, 0.3935,1745382918443,True
1745382923528, BTCUSDT, 3546878671, 93108.58, 0.37405,1745382923527,True
1745382933883, BTCUSDT, 3546878714, 93108.58, 0.43612,1745382933882,True
1745382964036, BTCUSDT, 3546878789, 93102.92, 0.21359,1745382964036,False
1745382974023, BTCUSDT, 3546878869, 93124.72, 6.47089,1745382974022,True
1745382974023, BTCUSDT, 3546878885, 93121.84, 0.36463,1745382974022,True
1745382974023, BTCUSDT, 3546878887, 93121.22, 0.92332,1745382974022,True
1745382974024, BTCUSDT, 3546878893, 93120.55, 0.19181,1745382974022,True
1745382974024, BTCUSDT, 3546878894, 93120.34, 0.36367,1745382974022,True
1745382974024, BTCUSDT, 3546878895, 93120.33, 0.70846,1745382974022,True
1745382974024, BTCUSDT, 3546878900, 93119.2, 0.2594,1745382974022,True
1745382974024, BTCUSDT, 3546878902, 93118.27, 0.21467,1745382974022,True
1745382974024, BTCUSDT, 3546878908, 93115.28, 0.20792,1745382974022,True
1745383029059, BTCUSDT, 3546879051, 93120.33, 0.2736,1745383029058,True
1745383048647, BTCUSDT, 3546879118, 93120.33, 0.2,1745383048646,True
1745383063455, BTCUSDT, 3546879158, 93120.34, 0.2507,1745383063454,False
1745383103733, BTCUSDT, 3546879269, 93124.33, 0.25033,1745383103733,True
1745383110389, BTCUSDT, 3546879300, 93125.0, 0.4449,1745383110388,False
1745383126812, BTCUSDT, 3546879478, 93176.72, 0.55385,1745383126811,True
1745383126812, BTCUSDT, 3546879479, 93176.71, 0.32383,1745383126811,True
1745383126921, BTCUSDT, 3546879516, 93163.28, 0.21715,1745383126920,True
1745383127947, BTCUSDT, 3546879610, 93140.16, 0.21461,1745383127946,True
1745383137515, BTCUSDT, 3546879722, 93146.75, 1.0,1745383137515,True
1745383139165, BTCUSDT, 3546879727, 93146.76, 0.58287,1745383139165,False
1745383151824, BTCUSDT, 3546879756, 93146.76, 1.52508,1745383151823,False
1745383158448, BTCUSDT, 3546879788, 93153.29, 1.63108,1745383158448,False
1745383158448, BTCUSDT, 3546879789, 93153.3, 0.36398,1745383158448,False
1745383164577, BTCUSDT, 3546879807, 93154.64, 0.85779,1745383164576,True
1745383165706, BTCUSDT, 3546879811, 93154.65, 0.22588,1745383165705,False
1745383214209, BTCUSDT, 3546879941, 93154.64, 0.19451,1745383214209,True
1745383235198, BTCUSDT, 3546880030, 93159.99, 0.45013,1745383235197,False
1745383258503, BTCUSDT, 3546880137, 93175.0, 0.73477,1745383258502,False
1745383258503, BTCUSDT, 3546880139, 93175.0, 0.16333,1745383258503,False
1745383258504, BTCUSDT, 3546880141, 93175.0, 0.3086,1745383258503,False
1745383258507, BTCUSDT, 3546880145, 93175.0, 0.26956,1745383258505,False
1745383258507, BTCUSDT, 3546880146, 93175.0, 0.18716,1745383258506,False
1745383258509, BTCUSDT, 3546880147, 93175.0, 2.18464,1745383258509,False
1745383258509, BTCUSDT, 3546880148, 93175.0, 0.61994,1745383258509,False
1745383258511, BTCUSDT, 3546880150, 93175.0, 0.64581,1745383258510,False
1745383262912, BTCUSDT, 3546880170, 93179.99, 0.5,1745383262912,True
1745383284998, BTCUSDT, 3546880321, 93196.94, 1.15817,1745383284996,True
1745383284998, BTCUSDT, 3546880328, 93196.62, 0.70794,1745383284996,True
1745383284998, BTCUSDT, 3546880333, 93196.0, 0.18072,1745383284996,True
1745383284998, BTCUSDT, 3546880338, 93195.07, 0.18054,1745383284996,True
1745383284998, BTCUSDT, 3546880344, 93194.14, 0.17988,1745383284996,True
1745383289502, BTCUSDT, 3546880443, 93175.34, 0.59161,1745383289501,True
1745383289502, BTCUSDT, 3546880472, 93170.24, 0.57484,1745383289501,True
1745383289502, BTCUSDT, 3546880473, 93170.23, 0.42826,1745383289501,True
1745383289502, BTCUSDT, 3546880483, 93167.6, 1.71601,1745383289501,True
1745383289502, BTCUSDT, 3546880487, 93166.73, 0.89996,1745383289501,True
1745383289502, BTCUSDT, 3546880488, 93166.72, 0.7081,1745383289501,True
1745383289502, BTCUSDT, 3546880495, 93165.3, 0.42826,1745383289501,True
1745383298113, BTCUSDT, 3546880510, 93165.3, 0.50438,1745383298113,False
1745383316273, BTCUSDT, 3546880558, 93165.29, 5.05798,1745383316269,True
1745383316273, BTCUSDT, 3546880577, 93162.66, 0.44126,1745383316269,True
1745383316273, BTCUSDT, 3546880583, 93160.4, 0.37506,1745383316269,True
1745383316273, BTCUSDT, 3546880595, 93159.01, 0.21413,1745383316269,True
1745383316273, BTCUSDT, 3546880596, 93158.91, 0.21413,1745383316269,True
1745383316273, BTCUSDT, 3546880604, 93156.0, 0.92481,1745383316269,True
1745383316273, BTCUSDT, 3546880605, 93155.99, 0.7504,1745383316269,True
1745383320467, BTCUSDT, 3546880615, 93155.99, 2.28855,1745383320467,True
1745383320467, BTCUSDT, 3546880620, 93155.25, 0.24679,1745383320467,True
1745383320467, BTCUSDT, 3546880621, 93155.24, 0.70825,1745383320467,True
1745383325049, BTCUSDT, 3546880667, 93161.76, 0.19216,1745383325048,False
1745383328756, BTCUSDT, 3546880687, 93163.99, 1.64449,1745383328755,True
1745383328756, BTCUSDT, 3546880693, 93161.71, 0.19456,1745383328755,True
1745383328756, BTCUSDT, 3546880699, 93158.94, 0.7084,1745383328755,True
1745383328756, BTCUSDT, 3546880707, 93155.05, 0.19288,1745383328755,True
1745383328756, BTCUSDT, 3546880708, 93154.73, 1.15526,1745383328755,True
1745383328756, BTCUSDT, 3546880709, 93154.72, 1.29831,1745383328755,True
1745383331672, BTCUSDT, 3546880715, 93154.73, 1.6102,1745383331671,False
1745383338400, BTCUSDT, 3546880732, 93154.73, 2.0,1745383338400,False
1745383339182, BTCUSDT, 3546880738, 93154.73, 0.166,1745383339181,False
1745383346532, BTCUSDT, 3546880755, 93154.72, 0.38442,1745383346531,True
1745383354526, BTCUSDT, 3546880769, 93154.73, 0.53698,1745383354526,False
1745383364574, BTCUSDT, 3546880798, 93154.73, 2.0,1745383364573,False
1745383380753, BTCUSDT, 3546880829, 93154.72, 0.59885,1745383380752,True
1745383417709, BTCUSDT, 3546880978, 93154.73, 0.2,1745383417708,False
1745383442534, BTCUSDT, 3546881050, 93160.0, 0.30054,1745383442534,False
1745383455459, BTCUSDT, 3546881313, 93200.0, 0.4127,1745383455458,False
1745383455460, BTCUSDT, 3546881317, 93200.0, 0.1716,1745383455459,False
1745383457990, BTCUSDT, 3546881424, 93218.3, 0.228,1745383457990,True
1745383458032, BTCUSDT, 3546881429, 93218.3, 0.19417,1745383458032,True
1745383458032, BTCUSDT, 3546881430, 93218.3, 0.18809,1745383458032,True
1745383469140, BTCUSDT, 3546881573, 93190.47, 0.5,1745383469139,True
1745383471780, BTCUSDT, 3546881618, 93180.35, 0.21091,1745383471779,False
1745383471780, BTCUSDT, 3546881619, 93180.35, 0.2347,1745383471779,False
1745383471780, BTCUSDT, 3546881620, 93180.35, 0.91172,1745383471779,False
1745383471782, BTCUSDT, 3546881621, 93180.35, 0.17208,1745383471781,False
1745383471782, BTCUSDT, 3546881622, 93180.35, 0.30802,1745383471781,False
1745383471783, BTCUSDT, 3546881623, 93180.35, 0.72037,1745383471781,False
1745383477509, BTCUSDT, 3546881698, 93202.44, 0.17455,1745383477508,True
1745383479354, BTCUSDT, 3546881769, 93177.03, 0.28007,1745383479353,False
1745383499588, BTCUSDT, 3546881918, 93164.57, 0.24859,1745383499588,True
1745383522484, BTCUSDT, 3546881996, 93168.18, 0.18931,1745383522483,True
1745383549930, BTCUSDT, 3546882086, 93168.18, 0.2663,1745383549929,True
1745383550255, BTCUSDT, 3546882105, 93164.57, 0.28152,1745383550255,True
1745383572484, BTCUSDT, 3546882220, 93164.57, 0.16576,1745383572483,True
1745383582483, BTCUSDT, 3546882258, 93164.57, 0.16225,1745383582483,True
1745383607545, BTCUSDT, 3546882336, 93164.57, 0.27632,1745383607544,True
1745383620052, BTCUSDT, 3546882411, 93166.99, 0.2067,1745383620051,False
1745383622484, BTCUSDT, 3546882440, 93168.96, 0.19602,1745383622484,True
1745383625260, BTCUSDT, 3546882475, 93175.44, 0.16395,1745383625258,False
1745383625260, BTCUSDT, 3546882487, 93179.85, 0.70801,1745383625258,False
1745383625263, BTCUSDT, 3546882508, 93185.99, 0.19195,1745383625260,False
1745383625263, BTCUSDT, 3546882528, 93192.77, 0.495,1745383625260,False
1745383625263, BTCUSDT, 3546882532, 93194.44, 0.42939,1745383625260,False
1745383625263, BTCUSDT, 3546882542, 93197.43, 0.4051,1745383625260,False
1745383625267, BTCUSDT, 3546882553, 93198.6, 0.21413,1745383625262,False
1745383625269, BTCUSDT, 3546882562, 93200.32, 0.17505,1745383625262,False
1745383625269, BTCUSDT, 3546882566, 93200.33, 0.8344,1745383625263,False
1745383625276, BTCUSDT, 3546882604, 93202.45, 0.495,1745383625267,False
1745383625278, BTCUSDT, 3546882616, 93205.22, 0.84198,1745383625267,False
1745383625278, BTCUSDT, 3546882626, 93208.69, 0.30051,1745383625267,False
1745383625278, BTCUSDT, 3546882631, 93209.52, 1.06788,1745383625267,False
1745383625280, BTCUSDT, 3546882650, 93216.82, 0.32382,1745383625268,False
1745383625280, BTCUSDT, 3546882651, 93217.09, 0.45087,1745383625268,False
1745383625290, BTCUSDT, 3546882695, 93224.24, 0.21413,1745383625272,False
1745383625295, BTCUSDT, 3546882711, 93228.08, 0.18703,1745383625275,False
1745383625356, BTCUSDT, 3546882773, 93238.1, 0.18072,1745383625307,False
1745383625389, BTCUSDT, 3546882803, 93246.48, 0.25815,1745383625322,False
1745383625389, BTCUSDT, 3546882815, 93250.0, 0.40133,1745383625322,False
1745383625391, BTCUSDT, 3546882816, 93250.0, 0.16767,1745383625323,False
1745383625401, BTCUSDT, 3546882838, 93260.0, 1.0238,1745383625327,False
1745383625401, BTCUSDT, 3546882841, 93262.0, 0.33534,1745383625327,False
1745383625441, BTCUSDT, 3546882874, 93270.03, 0.39432,1745383625349,False
1745383625490, BTCUSDT, 3546882883, 93251.35, 0.3,1745383625374,False
1745383625522, BTCUSDT, 3546882890, 93270.35, 0.43236,1745383625390,False
1745383625561, BTCUSDT, 3546882909, 93265.83, 0.21143,1745383625411,False
1745383625643, BTCUSDT, 3546882986, 93285.72, 0.28285,1745383625453,False
1745383625705, BTCUSDT, 3546883079, 93300.0, 4.5296,1745383625486,False
1745383625777, BTCUSDT, 3546883087, 93300.0, 1.3733,1745383625523,False
1745383625792, BTCUSDT, 3546883088, 93300.0, 0.17961,1745383625531,False
1745383625902, BTCUSDT, 3546883267, 93330.0, 0.35661,1745383625608,False
1745383625902, BTCUSDT, 3546883287, 93333.34, 0.34206,1745383625608,False
1745383625902, BTCUSDT, 3546883298, 93334.73, 0.20177,1745383625608,False
1745383625962, BTCUSDT, 3546883367, 93347.3, 0.43433,1745383625658,False
1745383625962, BTCUSDT, 3546883379, 93350.0, 3.19118,1745383625658,False
1745383625968, BTCUSDT, 3546883383, 93350.0, 1.82786,1745383625664,False
1745383626047, BTCUSDT, 3546883442, 93357.16, 0.80502,1745383625748,False
1745383626047, BTCUSDT, 3546883443, 93357.19, 1.0,1745383625748,False
1745383626120, BTCUSDT, 3546883513, 93367.49, 0.80509,1745383625820,False
1745383626504, BTCUSDT, 3546883650, 93373.95, 0.1808,1745383626286,False
1745383626565, BTCUSDT, 3546883663, 93373.51, 0.28788,1745383626357,True
1745383626565, BTCUSDT, 3546883664, 93373.51, 0.28788,1745383626358,True
1745383626565, BTCUSDT, 3546883665, 93373.51, 0.2049,1745383626358,True
1745383626566, BTCUSDT, 3546883666, 93373.51, 0.2049,1745383626358,True
1745383626569, BTCUSDT, 3546883699, 93355.34, 1.23055,1745383626362,True
1745383626717, BTCUSDT, 3546883763, 93345.77, 0.59435,1745383626569,True
1745383626717, BTCUSDT, 3546883764, 93343.19, 0.80502,1745383626570,True
1745383626875, BTCUSDT, 3546883806, 93334.73, 0.24993,1745383626812,True
1745383626875, BTCUSDT, 3546883809, 93333.61, 0.16084,1745383626812,True
1745383627194, BTCUSDT, 3546883850, 93326.26, 0.55237,1745383627194,True
1745383627194, BTCUSDT, 3546883851, 93326.26, 0.92407,1745383627194,True
1745383627431, BTCUSDT, 3546883860, 93326.26, 1.45205,1745383627430,True
1745383627466, BTCUSDT, 3546883877, 93322.41, 0.35034,1745383627465,True
1745383627582, BTCUSDT, 3546883898, 93320.6, 0.1851,1745383627582,True
1745383627583, BTCUSDT, 3546883899, 93320.6, 0.4424,1745383627582,True
1745383629126, BTCUSDT, 3546883998, 93310.79, 0.8997,1745383629125,False
1745383629126, BTCUSDT, 3546884003, 93310.79, 0.28127,1745383629125,False
1745383629127, BTCUSDT, 3546884008, 93310.79, 0.16743,1745383629126,False
1745383629127, BTCUSDT, 3546884009, 93310.79, 0.25605,1745383629126,False
1745383629127, BTCUSDT, 3546884011, 93310.79, 0.22176,1745383629126,False
1745383629128, BTCUSDT, 3546884012, 93310.79, 0.18062,1745383629126,False
1745383629155, BTCUSDT, 3546884075, 93327.63, 0.17868,1745383629154,True
1745383629996, BTCUSDT, 3546884101, 93310.78, 0.3878,1745383629995,True
1745383630369, BTCUSDT, 3546884117, 93308.82, 0.2736,1745383630367,False
1745383630373, BTCUSDT, 3546884118, 93308.82, 0.17245,1745383630370,False
1745383630375, BTCUSDT, 3546884119, 93308.82, 0.33865,1745383630372,False
1745383637986, BTCUSDT, 3546884266, 93304.34, 0.2837,1745383637986,True
1745383643551, BTCUSDT, 3546884366, 93309.34, 0.28859,1745383643550,False
1745383643666, BTCUSDT, 3546884367, 93309.33, 0.19294,1745383643665,True
1745383650595, BTCUSDT, 3546884439, 93318.67, 0.24397,1745383650595,False
1745383652229, BTCUSDT, 3546884470, 93327.99, 0.58042,1745383652229,True
1745383652682, BTCUSDT, 3546884473, 93327.99, 0.16622,1745383652682,True
1745383655300, BTCUSDT, 3546884507, 93311.67, 0.36465,1745383655300,False
1745383655330, BTCUSDT, 3546884508, 93311.67, 0.25527,1745383655329,False
1745383656892, BTCUSDT, 3546884553, 93335.41, 1.30394,1745383656891,False
1745383656897, BTCUSDT, 3546884587, 93347.08, 0.25593,1745383656895,False
1745383656935, BTCUSDT, 3546884616, 93353.6, 0.18,1745383656924,True
1745383657120, BTCUSDT, 3546884622, 93353.6, 0.22728,1745383657120,True
1745383659268, BTCUSDT, 3546884640, 93350.86, 0.9641,1745383659267,False
1745383662246, BTCUSDT, 3546884683, 93337.56, 0.52878,1745383662245,True
1745383667538, BTCUSDT, 3546884743, 93330.42, 0.81576,1745383667538,False
1745383671590, BTCUSDT, 3546884758, 93330.41, 0.64932,1745383671589,True
1745383671593, BTCUSDT, 3546884776, 93328.18, 0.25,1745383671592,True
1745383671634, BTCUSDT, 3546884785, 93325.35, 2.92108,1745383671633,True
1745383682788, BTCUSDT, 3546884867, 93321.35, 0.39656,1745383682787,False
1745383682788, BTCUSDT, 3546884886, 93329.37, 0.21413,1745383682787,False
1745383682788, BTCUSDT, 3546884890, 93330.66, 0.18159,1745383682787,False
1745383685690, BTCUSDT, 3546884959, 93356.18, 0.31717,1745383685689,False
1745383685690, BTCUSDT, 3546884960, 93356.18, 0.25496,1745383685689,False
1745383685988, BTCUSDT, 3546884991, 93370.17, 0.1615,1745383685988,True
1745383686058, BTCUSDT, 3546885010, 93377.15, 0.17,1745383686058,True
1745383690137, BTCUSDT, 3546885097, 93379.99, 0.18678,1745383690136,True
1745383691650, BTCUSDT, 3546885107, 93380.0, 0.42145,1745383691649,False
1745383691650, BTCUSDT, 3546885116, 93380.96, 0.25616,1745383691649,False
1745383694033, BTCUSDT, 3546885211, 93390.47, 0.2,1745383694033,False
1745383694033, BTCUSDT, 3546885212, 93390.47, 0.2,1745383694033,False
1745383694033, BTCUSDT, 3546885213, 93390.47, 0.2,1745383694033,False
1745383694035, BTCUSDT, 3546885229, 93391.78, 0.5,1745383694034,False
1745383694148, BTCUSDT, 3546885289, 93399.59, 1.88353,1745383694148,True
1745383697067, BTCUSDT, 3546885315, 93399.59, 0.48795,1745383697066,True
1745383697310, BTCUSDT, 3546885328, 93391.21, 0.20755,1745383697309,True
1745383698114, BTCUSDT, 3546885368, 93380.96, 0.69557,1745383698113,False
1745383698450, BTCUSDT, 3546885391, 93370.64, 0.23957,1745383698449,True
1745383698876, BTCUSDT, 3546885414, 93364.0, 0.70848,1745383698875,True
1745383707112, BTCUSDT, 3546885523, 93356.17, 1.35971,1745383707111,False
1745383718373, BTCUSDT, 3546885591, 93363.32, 0.41194,1745383718373,False
1745383719511, BTCUSDT, 3546885619, 93376.28, 0.49684,1745383719510,False
1745383723862, BTCUSDT, 3546885673, 93389.74, 0.50588,1745383723862,True
1745383728822, BTCUSDT, 3546885706, 93389.74, 1.05228,1745383728822,True
1745383728823, BTCUSDT, 3546885709, 93389.74, 0.29761,1745383728822,True
1745383729069, BTCUSDT, 3546885728, 93376.92, 0.19835,1745383729068,True
1745383737663, BTCUSDT, 3546885858, 93356.17, 0.34191,1745383737662,False
1745383767967, BTCUSDT, 3546886078, 93380.0, 0.79657,1745383767967,False
1745383767967, BTCUSDT, 3546886091, 93385.78, 0.21419,1745383767967,False
1745383767967, BTCUSDT, 3546886097, 93388.11, 0.53609,1745383767967,False
1745383767967, BTCUSDT, 3546886098, 93388.12, 0.79664,1745383767967,False
1745383767967, BTCUSDT, 3546886099, 93388.13, 0.99367,1745383767967,False
1745383777691, BTCUSDT, 3546886163, 93380.95, 0.42336,1745383777690,True
1745383777708, BTCUSDT, 3546886175, 93377.97, 0.37638,1745383777708,True
1745383797626, BTCUSDT, 3546886315, 93370.28, 0.26272,1745383797626,True
1745383797627, BTCUSDT, 3546886318, 93370.28, 0.37303,1745383797626,True
1745383797632, BTCUSDT, 3546886323, 93370.28, 0.22471,1745383797631,True
1745383797635, BTCUSDT, 3546886324, 93370.28, 0.31538,1745383797635,True
1745383797692, BTCUSDT, 3546886326, 93370.27, 0.68765,1745383797692,True
1745383797693, BTCUSDT, 3546886327, 93370.27, 0.36471,1745383797692,True
1745383805874, BTCUSDT, 3546886397, 93378.31, 0.5005,1745383805873,True
1745383813871, BTCUSDT, 3546886494, 93378.32, 4.13548,1745383813870,False
1745383813871, BTCUSDT, 3546886511, 93381.91, 0.21966,1745383813870,False
1745383813871, BTCUSDT, 3546886515, 93382.61, 0.21419,1745383813870,False
1745383813871, BTCUSDT, 3546886520, 93384.21, 0.21413,1745383813870,False
1745383820107, BTCUSDT, 3546886572, 93391.31, 0.38377,1745383820106,False
1745383829357, BTCUSDT, 3546886647, 93400.0, 0.18173,1745383829356,False
1745383836838, BTCUSDT, 3546886721, 93400.0, 1.363,1745383836836,False
1745383836838, BTCUSDT, 3546886722, 93400.0, 0.1716,1745383836837,False
1745383836840, BTCUSDT, 3546886726, 93400.0, 0.21243,1745383836838,False
1745383836842, BTCUSDT, 3546886727, 93400.0, 0.18091,1745383836839,False
1745383836843, BTCUSDT, 3546886728, 93400.0, 0.8397,1745383836840,False
1745383837450, TAOUSDT, 33850427, 340.0, 84.6229,1745383837449,False
1745383841208, BTCUSDT, 3546886888, 93414.75, 5.95672,1745383841206,True
1745383841208, BTCUSDT, 3546886890, 93413.74, 0.30748,1745383841206,True
1745383841208, BTCUSDT, 3546886894, 93412.65, 0.61977,1745383841206,True
1745383841208, BTCUSDT, 3546886903, 93409.11, 0.2873,1745383841206,True
1745383841208, BTCUSDT, 3546886904, 93409.1, 0.21419,1745383841206,True
1745383841208, BTCUSDT, 3546886905, 93409.08, 0.21282,1745383841206,True
1745383841208, BTCUSDT, 3546886916, 93405.21, 0.21413,1745383841206,True
1745383841208, BTCUSDT, 3546886922, 93403.69, 1.26841,1745383841206,True
1745383841208, BTCUSDT, 3546886929, 93402.51, 0.80325,1745383841206,True
1745383841208, BTCUSDT, 3546886937, 93401.16, 0.26408,1745383841206,True
1745383841208, BTCUSDT, 3546886941, 93400.74, 1.53147,1745383841206,True
1745383841208, BTCUSDT, 3546886944, 93400.1, 0.53585,1745383841206,True
1745383841208, BTCUSDT, 3546886945, 93400.09, 0.99377,1745383841206,True
1745383841208, BTCUSDT, 3546886946, 93400.08, 0.495,1745383841206,True
1745383841208, BTCUSDT, 3546886949, 93399.99, 0.32814,1745383841206,True
1745383841208, BTCUSDT, 3546886953, 93399.05, 0.80325,1745383841206,True
1745383841209, BTCUSDT, 3546886964, 93396.57, 0.21413,1745383841206,True
1745383841209, BTCUSDT, 3546886965, 93396.4, 0.80325,1745383841206,True
1745383841209, BTCUSDT, 3546886973, 93394.78, 1.2289,1745383841206,True
1745383841209, BTCUSDT, 3546886974, 93394.77, 1.71601,1745383841206,True
1745383841209, BTCUSDT, 3546886975, 93394.76, 0.21413,1745383841206,True
1745383841209, BTCUSDT, 3546886976, 93394.72, 0.3213,1745383841206,True
1745383841209, BTCUSDT, 3546886980, 93394.03, 0.84645,1745383841206,True
1745383841209, BTCUSDT, 3546886987, 93392.77, 0.21413,1745383841206,True
1745383841209, BTCUSDT, 3546886988, 93392.13, 0.4284,1745383841206,True
1745383841209, BTCUSDT, 3546886996, 93390.83, 0.26775,1745383841206,True
1745383841209, BTCUSDT, 3546886998, 93390.73, 0.21413,1745383841206,True
1745383841209, BTCUSDT, 3546886999, 93390.72, 0.41678,1745383841206,True
1745383841209, BTCUSDT, 3546887000, 93390.66, 1.24676,1745383841206,True
1745383841209, BTCUSDT, 3546887001, 93390.65, 0.495,1745383841206,True
1745383841209, BTCUSDT, 3546887007, 93388.95, 0.21413,1745383841206,True
1745383841209, BTCUSDT, 3546887008, 93388.89, 0.80325,1745383841206,True
1745383841209, BTCUSDT, 3546887016, 93387.53, 1.71601,1745383841206,True
1745383841209, BTCUSDT, 3546887017, 93387.5, 0.53585,1745383841206,True
1745383841209, BTCUSDT, 3546887024, 93385.56, 0.21413,1745383841206,True
1745383841209, BTCUSDT, 3546887025, 93385.55, 0.61838,1745383841206,True
1745383841209, BTCUSDT, 3546887028, 93385.4, 0.44153,1745383841206,True
1745383841209, BTCUSDT, 3546887029, 93385.02, 0.21413,1745383841206,True
1745383841209, BTCUSDT, 3546887031, 93384.73, 0.30342,1745383841206,True
1745383841209, BTCUSDT, 3546887042, 93383.37, 0.80325,1745383841206,True
1745383841209, BTCUSDT, 3546887044, 93382.55, 0.21077,1745383841206,True
1745383841209, BTCUSDT, 3546887046, 93381.65, 0.81984,1745383841206,True
1745383841209, BTCUSDT, 3546887047, 93381.64, 0.41154,1745383841206,True
1745383841219, BTCUSDT, 3546887050, 93381.65, 0.17622,1745383841214,False
1745383841230, BTCUSDT, 3546887058, 93381.65, 0.26398,1745383841221,False
1745383842033, BTCUSDT, 3546887078, 93405.3, 3.7927,1745383842033,True
1745383843010, BTCUSDT, 3546887082, 93405.31, 0.19011,1745383843009,False
1745383843932, BTCUSDT, 3546887086, 93405.3, 2.13657,1745383843931,True
1745383843932, BTCUSDT, 3546887087, 93405.3, 0.18319,1745383843932,True
1745383843932, BTCUSDT, 3546887088, 93405.3, 1.44775,1745383843932,True
1745383843932, BTCUSDT, 3546887089, 93405.3, 0.71832,1745383843932,True
1745383843935, BTCUSDT, 3546887095, 93405.16, 0.2542,1745383843933,True
1745383844393, BTCUSDT, 3546887122, 93397.56, 0.17863,1745383844392,False
1745383850113, BTCUSDT, 3546887164, 93392.89, 0.2,1745383850104,False
1745383850113, BTCUSDT, 3546887165, 93393.93, 5.8003,1745383850104,False
1745383850113, BTCUSDT, 3546887167, 93395.05, 0.3757,1745383850104,False
1745383850113, BTCUSDT, 3546887168, 93395.07, 1.11122,1745383850104,False
1745383850113, BTCUSDT, 3546887169, 93395.08, 2.16748,1745383850104,False
1745383850113, BTCUSDT, 3546887170, 93395.75, 0.3757,1745383850104,False
1745383850113, BTCUSDT, 3546887171, 93395.77, 1.44508,1745383850104,False
1745383850113, BTCUSDT, 3546887172, 93395.78, 2.52934,1745383850104,False
1745383850113, BTCUSDT, 3546887175, 93396.56, 0.77572,1745383850104,False
1745383850113, BTCUSDT, 3546887176, 93397.33, 0.3757,1745383850104,False
1745383850113, BTCUSDT, 3546887177, 93397.36, 1.33598,1745383850104,False
1745383850113, BTCUSDT, 3546887178, 93397.41, 1.9452,1745383850104,False
1745383850113, BTCUSDT, 3546887180, 93397.53, 1.40044,1745383850104,False
1745383854260, BTCUSDT, 3546887222, 93391.96, 0.16833,1745383854260,False
1745383862052, BTCUSDT, 3546887266, 93391.95, 0.23749,1745383862051,True
1745383877535, BTCUSDT, 3546887366, 93389.18, 0.22326,1745383877535,False
1745383899242, BTCUSDT, 3546887471, 93389.17, 0.41666,1745383899242,True
1745383900607, BTCUSDT, 3546887479, 93389.17, 0.42206,1745383900606,True
1745383902309, BTCUSDT, 3546887484, 93389.18, 0.50588,1745383902308,False
1745383905744, BTCUSDT, 3546887509, 93389.17, 1.0,1745383905743,True
1745383910172, BTCUSDT, 3546887529, 93389.17, 0.49925,1745383910172,True
1745383910174, BTCUSDT, 3546887532, 93389.17, 0.27111,1745383910174,True
1745383910175, BTCUSDT, 3546887535, 93389.17, 0.2595,1745383910174,True
1745383910175, BTCUSDT, 3546887537, 93389.17, 1.04924,1745383910174,True
1745383935368, BTCUSDT, 3546887751, 93370.28, 0.23986,1745383935367,False
1745383935368, BTCUSDT, 3546887752, 93370.28, 0.2508,1745383935367,False
1745383935368, BTCUSDT, 3546887753, 93370.28, 0.23931,1745383935367,False
1745383940178, BTCUSDT, 3546887827, 93388.0, 0.64248,1745383940176,False
1745383940264, BTCUSDT, 3546887829, 93388.0, 0.64248,1745383940263,False
1745383940334, BTCUSDT, 3546887863, 93396.15, 0.18558,1745383940332,False
1745383940461, BTCUSDT, 3546887867, 93396.15, 0.64248,1745383940460,False
1745383941597, BTCUSDT, 3546887877, 93396.15, 0.73676,1745383941595,False
1745383941597, BTCUSDT, 3546887880, 93396.21, 0.42534,1745383941595,False
1745383941597, BTCUSDT, 3546887886, 93397.99, 0.33943,1745383941595,False
1745383941597, BTCUSDT, 3546887890, 93398.62, 0.4008,1745383941595,False
1745383948082, BTCUSDT, 3546887923, 93398.62, 0.6398,1745383948081,False
1745383952156, BTCUSDT, 3546887955, 93400.86, 0.50537,1745383952155,True
1745383957125, BTCUSDT, 3546887982, 93405.3, 0.38227,1745383957125,False
1745383965596, BTCUSDT, 3546888171, 93428.58, 0.37517,1745383965595,False
1745383969030, BTCUSDT, 3546888253, 93434.61, 0.44725,1745383969027,False
1745383970184, BTCUSDT, 3546888472, 93455.9, 0.30627,1745383970168,False
1745383970258, BTCUSDT, 3546888494, 93458.0, 0.38579,1745383970255,False
1745383970258, BTCUSDT, 3546888495, 93458.0, 0.40569,1745383970255,False
1745383979703, BTCUSDT, 3546888743, 93476.19, 0.18212,1745383979702,True
1745383979704, BTCUSDT, 3546888745, 93476.19, 0.19383,1745383979703,True
1745383979773, BTCUSDT, 3546888758, 93473.89, 0.25891,1745383979772,True
1745383980648, BTCUSDT, 3546888785, 93464.51, 0.58868,1745383980648,False
1745383981621, BTCUSDT, 3546888807, 93459.85, 0.88428,1745383981621,False
1745383985827, BTCUSDT, 3546888830, 93459.85, 2.75244,1745383985827,False
1745383992074, BTCUSDT, 3546888885, 93464.52, 0.1605,1745383992074,False
1745383992076, BTCUSDT, 3546888888, 93464.53, 0.19868,1745383992075,False
1745383998530, BTCUSDT, 3546888956, 93476.2, 0.34135,1745383998530,False
1745384004596, BTCUSDT, 3546889041, 93480.0, 0.17602,1745384004596,False
1745384004597, BTCUSDT, 3546889042, 93480.0, 0.2383,1745384004596,False
1745384005391, BTCUSDT, 3546889134, 93490.0, 0.31401,1745384005391,False
1745384005486, BTCUSDT, 3546889205, 93498.0, 0.26395,1745384005486,False
1745384005489, BTCUSDT, 3546889206, 93498.0, 0.4354,1745384005488,False
1745384005489, BTCUSDT, 3546889207, 93498.0, 0.21825,1745384005489,False
1745384005489, BTCUSDT, 3546889209, 93498.0, 0.70661,1745384005489,False
1745384005495, BTCUSDT, 3546889235, 93500.0, 0.67588,1745384005495,False
1745384005504, BTCUSDT, 3546889241, 93500.0, 0.18026,1745384005503,False
1745384005504, BTCUSDT, 3546889246, 93500.0, 0.32,1745384005503,False
1745384005511, BTCUSDT, 3546889251, 93500.0, 1.51341,1745384005503,False
1745384005511, BTCUSDT, 3546889252, 93500.0, 4.2141,1745384005503,False
1745384005511, BTCUSDT, 3546889254, 93500.0, 0.4677,1745384005504,False
1745384005511, BTCUSDT, 3546889255, 93500.0, 0.18518,1745384005504,False
1745384005511, BTCUSDT, 3546889256, 93500.0, 0.59323,1745384005504,False
1745384005511, BTCUSDT, 3546889259, 93500.0, 0.22795,1745384005504,False
1745384005511, BTCUSDT, 3546889260, 93500.0, 0.7488,1745384005504,False
1745384005511, BTCUSDT, 3546889266, 93500.0, 0.23443,1745384005505,False
1745384005512, BTCUSDT, 3546889268, 93500.0, 4.0,1745384005506,False
1745384005516, BTCUSDT, 3546889269, 93500.0, 1.3275,1745384005513,False
1745384005517, BTCUSDT, 3546889272, 93500.0, 0.4548,1745384005513,False
1745384005517, BTCUSDT, 3546889273, 93500.0, 0.17659,1745384005514,False
1745384005519, BTCUSDT, 3546889279, 93500.0, 1.24717,1745384005515,False
1745384005519, BTCUSDT, 3546889282, 93500.06, 0.35263,1745384005515,False
1745384007454, BTCUSDT, 3546889412, 93511.0, 0.82178,1745384007453,False
1745384013996, BTCUSDT, 3546889510, 93515.14, 0.2391,1745384013996,True
1745384013997, BTCUSDT, 3546889511, 93515.14, 0.16796,1745384013996,True
1745384013999, BTCUSDT, 3546889512, 93515.14, 0.24279,1745384013999,True
1745384014570, BTCUSDT, 3546889528, 93511.0, 1.42303,1745384014569,True
1745384014570, BTCUSDT, 3546889529, 93511.0, 0.86201,1745384014569,True
1745384014570, BTCUSDT, 3546889534, 93510.06, 0.17474,1745384014569,True
1745384014570, BTCUSDT, 3546889538, 93509.84, 0.70557,1745384014569,True
1745384014573, BTCUSDT, 3546889542, 93509.12, 0.17462,1745384014572,True
1745384014628, BTCUSDT, 3546889560, 93503.1, 0.3236,1745384014626,True
1745384015921, BTCUSDT, 3546889665, 93465.35, 0.25,1745384015921,False
1745384019702, BTCUSDT, 3546889737, 93457.43, 3.46463,1745384019701,False
1745384021696, BTCUSDT, 3546889799, 93443.0, 0.1878,1745384021696,True
1745384026012, BTCUSDT, 3546889939, 93416.9, 0.2,1745384026012,False
1745384028511, BTCUSDT, 3546889967, 93412.23, 0.39127,1745384028511,False
1745384028812, BTCUSDT, 3546889974, 93412.23, 1.7461,1745384028811,False
1745384032964, BTCUSDT, 3546890003, 93408.01, 0.76244,1745384032963,False
1745384048098, BTCUSDT, 3546890104, 93407.2, 0.2509,1745384048097,False
1745384051512, BTCUSDT, 3546890143, 93416.75, 2.04264,1745384051511,True
1745384071292, BTCUSDT, 3546890294, 93408.93, 0.20961,1745384071292,True
1745384071294, BTCUSDT, 3546890299, 93408.01, 0.26186,1745384071293,True
1745384071294, BTCUSDT, 3546890300, 93408.01, 0.18462,1745384071294,True
1745384071573, BTCUSDT, 3546890303, 93408.01, 0.83708,1745384071573,True
1745384071574, BTCUSDT, 3546890304, 93408.01, 0.68854,1745384071573,True
1745384071574, BTCUSDT, 3546890305, 93408.01, 0.16505,1745384071573,True
1745384074501, BTCUSDT, 3546890352, 93400.03, 0.2736,1745384074500,False
1745384074501, BTCUSDT, 3546890353, 93400.03, 0.52991,1745384074501,False
1745384081038, BTCUSDT, 3546890403, 93408.62, 0.20865,1745384081037,True
1745384089986, BTCUSDT, 3546890492, 93405.26, 0.5,1745384089985,False
1745384112290, BTCUSDT, 3546890708, 93411.87, 0.24476,1745384112289,True
1745384112290, BTCUSDT, 3546890712, 93411.21, 0.70631,1745384112289,True
1745384112290, BTCUSDT, 3546890716, 93408.62, 0.22643,1745384112289,True
1745384112297, BTCUSDT, 3546890738, 93404.78, 0.23928,1745384112294,True
1745384117684, BTCUSDT, 3546890800, 93401.85, 0.35402,1745384117684,False
1745384118804, BTCUSDT, 3546890832, 93400.0, 0.21745,1745384118803,True
1745384125446, BTCUSDT, 3546890907, 93394.4, 2.0,1745384125445,True
1745384141483, BTCUSDT, 3546890989, 93392.41, 0.16577,1745384141483,False
1745384149622, BTCUSDT, 3546891062, 93396.31, 0.26875,1745384149622,True
1745384157212, BTCUSDT, 3546891140, 93408.02, 0.42868,1745384157212,False
1745384167877, BTCUSDT, 3546891236, 93425.26, 0.17851,1745384167869,False
1745384173941, BTCUSDT, 3546891404, 93452.35, 0.54608,1745384173940,True
1745384190282, BTCUSDT, 3546891553, 93443.38, 0.80542,1745384190281,False
1745384193801, BTCUSDT, 3546891603, 93459.99, 2.06702,1745384193800,True
1745384201411, BTCUSDT, 3546891756, 93500.0, 1.194,1745384201403,False
1745384201411, BTCUSDT, 3546891757, 93500.0, 0.18535,1745384201404,False
1745384201428, BTCUSDT, 3546891759, 93500.0, 0.17603,1745384201414,False
1745384201432, BTCUSDT, 3546891761, 93500.0, 0.25609,1745384201417,False
1745384202118, BTCUSDT, 3546891824, 93516.43, 0.17657,1745384202118,True
1745384205016, BTCUSDT, 3546891926, 93523.81, 2.24263,1745384205013,False
1745384205016, BTCUSDT, 3546891994, 93532.15, 1.01957,1745384205013,False
1745384205016, BTCUSDT, 3546892001, 93532.82, 0.70533,1745384205013,False
1745384205016, BTCUSDT, 3546892019, 93535.8, 0.67301,1745384205013,False
1745384205016, BTCUSDT, 3546892024, 93536.33, 0.21413,1745384205013,False
1745384205016, BTCUSDT, 3546892036, 93538.13, 1.71601,1745384205013,False
1745384205016, BTCUSDT, 3546892037, 93538.14, 0.21413,1745384205013,False
1745384205016, BTCUSDT, 3546892058, 93540.11, 0.21413,1745384205013,False
1745384205016, BTCUSDT, 3546892068, 93540.63, 0.75686,1745384205013,False
1745384205016, BTCUSDT, 3546892069, 93540.64, 0.495,1745384205013,False
1745384205016, BTCUSDT, 3546892094, 93543.16, 0.21413,1745384205013,False
1745384205016, BTCUSDT, 3546892103, 93543.83, 0.37306,1745384205013,False
1745384207061, BTCUSDT, 3546892177, 93545.0, 0.32,1745384207060,False
1745384207073, BTCUSDT, 3546892311, 93559.28, 1.71601,1745384207067,False
1745384207073, BTCUSDT, 3546892312, 93559.29, 0.21431,1745384207067,False
1745384207831, BTCUSDT, 3546892416, 93559.27, 0.17473,1745384207830,True
1745384208352, BTCUSDT, 3546892439, 93543.42, 0.1828,1745384208351,True
1745384209665, BTCUSDT, 3546892460, 93539.15, 0.25018,1745384209665,True
1745384211133, BTCUSDT, 3546892511, 93520.01, 0.34101,1745384211133,False
1745384214940, BTCUSDT, 3546892562, 93512.49, 0.33662,1745384214940,True
1745384218918, BTCUSDT, 3546892579, 93512.5, 1.0,1745384218917,False
1745384221340, BTCUSDT, 3546892594, 93512.49, 0.55831,1745384221339,True
1745384221345, BTCUSDT, 3546892602, 93510.35, 0.25026,1745384221344,True
1745384221471, BTCUSDT, 3546892626, 93502.92, 0.17261,1745384221470,True
1745384223111, BTCUSDT, 3546892658, 93493.58, 0.1941,1745384223110,False
1745384226247, BTCUSDT, 3546892673, 93493.58, 0.187,1745384226246,False
1745384226249, BTCUSDT, 3546892679, 93493.58, 0.22303,1745384226247,False
1745384229903, BTCUSDT, 3546892703, 93499.44, 0.40595,1745384229903,True
1745384229916, BTCUSDT, 3546892712, 93496.11, 0.37598,1745384229915,True
1745384237428, BTCUSDT, 3546892771, 93487.86, 0.1996,1745384237427,True
1745384237605, BTCUSDT, 3546892772, 93487.86, 0.18961,1745384237605,True
1745384243723, BTCUSDT, 3546892794, 93487.86, 0.1873,1745384243723,True
1745384244454, BTCUSDT, 3546892803, 93487.86, 0.23895,1745384244454,True
1745384244454, BTCUSDT, 3546892809, 93486.92, 0.17867,1745384244454,True
1745384244454, BTCUSDT, 3546892816, 93485.99, 0.18433,1745384244454,True
1745384244454, BTCUSDT, 3546892820, 93485.05, 0.17849,1745384244454,True
1745384251756, BTCUSDT, 3546892935, 93462.98, 0.51029,1745384251755,False
1745384251757, BTCUSDT, 3546892937, 93462.98, 0.49954,1745384251756,False
1745384251757, BTCUSDT, 3546892955, 93469.53, 0.23475,1745384251756,False
1745384251761, BTCUSDT, 3546892961, 93469.53, 0.18,1745384251758,False
1745384254289, BTCUSDT, 3546893011, 93480.99, 0.7945,1745384254288,True
1745384256494, BTCUSDT, 3546893055, 93493.53, 0.16712,1745384256493,True
1745384257979, BTCUSDT, 3546893070, 93493.53, 0.35276,1745384257975,True
1745384257990, BTCUSDT, 3546893093, 93482.3, 0.1705,1745384257985,True
1745384257990, BTCUSDT, 3546893098, 93481.43, 0.16905,1745384257985,True
1745384257990, BTCUSDT, 3546893099, 93481.39, 0.25,1745384257985,True
1745384257990, BTCUSDT, 3546893106, 93480.5, 0.16899,1745384257985,True
1745384257990, BTCUSDT, 3546893107, 93480.1, 0.18791,1745384257985,True
1745384257990, BTCUSDT, 3546893109, 93479.85, 0.70573,1745384257985,True
1745384257990, BTCUSDT, 3546893111, 93479.56, 0.20859,1745384257985,True
1745384262963, BTCUSDT, 3546893174, 93478.85, 0.79868,1745384262962,False
1745384262964, BTCUSDT, 3546893178, 93478.85, 0.3203,1745384262963,False
1745384281498, BTCUSDT, 3546893342, 93510.17, 0.17377,1745384281498,True
1745384286488, BTCUSDT, 3546893363, 93510.17, 0.19848,1745384286487,True
1745384293247, BTCUSDT, 3546893411, 93517.85, 0.816,1745384293247,True
1745384293284, BTCUSDT, 3546893416, 93516.69, 0.2456,1745384293284,True
1745384293288, BTCUSDT, 3546893420, 93516.69, 0.348,1745384293286,True
1745384296488, BTCUSDT, 3546893449, 93510.17, 0.16547,1745384296487,True
1745384297438, BTCUSDT, 3546893455, 93510.17, 0.40193,1745384297438,True
1745384299042, BTCUSDT, 3546893466, 93510.18, 0.1693,1745384299041,False
1745384300522, BTCUSDT, 3546893477, 93510.18, 2.43086,1745384300521,False
1745384300524, BTCUSDT, 3546893504, 93517.86, 0.535,1745384300522,False
1745384300537, BTCUSDT, 3546893534, 93527.21, 0.18,1745384300530,False
1745384301574, BTCUSDT, 3546893606, 93551.84, 0.21402,1745384301573,False
1745384308017, BTCUSDT, 3546893736, 93571.43, 0.198,1745384308015,False
1745384311637, BTCUSDT, 3546893997, 93600.0, 0.29856,1745384311632,False
1745384312506, BTCUSDT, 3546894008, 93600.0, 0.32,1745384312505,False
1745384312506, BTCUSDT, 3546894013, 93600.0, 1.27672,1745384312505,False
1745384312506, BTCUSDT, 3546894014, 93600.0, 1.18098,1745384312505,False
1745384313426, BTCUSDT, 3546894028, 93600.0, 2.97464,1745384313425,False
1745384315780, BTCUSDT, 3546894177, 93613.65, 0.6136,1745384315778,False
1745384315780, BTCUSDT, 3546894178, 93613.65, 0.33669,1745384315778,False
1745384315782, BTCUSDT, 3546894194, 93615.32, 0.17631,1745384315779,False
1745384315782, BTCUSDT, 3546894235, 93619.92, 0.7056,1745384315779,False
1745384315782, BTCUSDT, 3546894268, 93624.66, 0.495,1745384315779,False
1745384315784, BTCUSDT, 3546894334, 93632.35, 0.276,1745384315780,False
1745384315789, BTCUSDT, 3546894352, 93634.0, 0.22972,1745384315783,False
1745384315907, BTCUSDT, 3546894389, 93636.34, 0.46484,1745384315878,False
1745384315917, BTCUSDT, 3546894391, 93636.34, 0.46484,1745384315893,False
1745384316952, BTCUSDT, 3546894407, 93636.33, 0.3584,1745384316951,True
1745384316958, BTCUSDT, 3546894416, 93634.45, 0.17607,1745384316956,True
1745384319627, BTCUSDT, 3546894478, 93611.37, 0.27,1745384319626,True
1745384321461, BTCUSDT, 3546894498, 93611.38, 0.32,1745384321456,False
1745384321465, BTCUSDT, 3546894503, 93611.38, 0.35459,1745384321458,False
1745384321465, BTCUSDT, 3546894519, 93616.43, 0.49518,1745384321458,False
1745384323402, BTCUSDT, 3546894574, 93614.23, 0.17933,1745384323402,True
1745384323720, BTCUSDT, 3546894604, 93602.99, 0.47706,1745384323720,True
1745384329121, BTCUSDT, 3546894652, 93609.36, 0.52585,1745384329121,False
1745384329122, BTCUSDT, 3546894653, 93609.36, 0.32469,1745384329121,False
1745384329813, BTCUSDT, 3546894666, 93611.37, 0.28133,1745384329809,False
1745384329931, BTCUSDT, 3546894692, 93623.09, 0.3089,1745384329907,False
1745384330231, BTCUSDT, 3546894801, 93643.59, 0.21413,1745384330117,False
1745384332388, BTCUSDT, 3546894862, 93645.28, 0.54573,1745384332376,False
1745384332615, BTCUSDT, 3546895006, 93657.49, 0.29977,1745384332611,False
1745384333849, BTCUSDT, 3546895059, 93660.0, 0.6,1745384333849,False
1745384340096, BTCUSDT, 3546895185, 93659.99, 0.20351,1745384340095,True
1745384343181, BTCUSDT, 3546895314, 93611.39, 0.27974,1745384343180,False
1745384348186, BTCUSDT, 3546895392, 93602.99, 0.81445,1745384348185,True
1745384348186, BTCUSDT, 3546895400, 93601.41, 0.62728,1745384348185,True
1745384348187, BTCUSDT, 3546895423, 93595.66, 0.1635,1745384348186,True
1745384348189, BTCUSDT, 3546895428, 93594.61, 0.16249,1745384348186,True
1745384348190, BTCUSDT, 3546895434, 93592.96, 0.21059,1745384348187,True
1745384348209, BTCUSDT, 3546895446, 93591.2, 0.62259,1745384348204,True
1745384349800, BTCUSDT, 3546895483, 93582.41, 0.2725,1745384349798,False
1745384353910, BTCUSDT, 3546895621, 93613.04, 0.99434,1745384353910,True
1745384354066, BTCUSDT, 3546895645, 93608.33, 0.24685,1745384354065,True
1745384355401, BTCUSDT, 3546895731, 93571.43, 0.23719,1745384355399,False
1745384357364, BTCUSDT, 3546895784, 93595.69, 0.65048,1745384357364,True
1745384357688, BTCUSDT, 3546895793, 93591.01, 0.26035,1745384357687,True
1745384357759, BTCUSDT, 3546895795, 93591.01, 0.24428,1745384357759,True
1745384357761, BTCUSDT, 3546895796, 93591.01, 0.2613,1745384357760,True
1745384361743, BTCUSDT, 3546895820, 93586.33, 0.44098,1745384361742,True
1745384361743, BTCUSDT, 3546895821, 93586.33, 0.58487,1745384361742,True
1745384361745, BTCUSDT, 3546895833, 93580.09, 0.70516,1745384361744,True
1745384363138, BTCUSDT, 3546895842, 93578.32, 0.21698,1745384363132,False
1745384363146, BTCUSDT, 3546895843, 93578.32, 0.43555,1745384363140,False
1745384364815, BTCUSDT, 3546895881, 93591.0, 0.48081,1745384364814,False
1745384367173, BTCUSDT, 3546895964, 93604.75, 0.24502,1745384367173,False
1745384370299, BTCUSDT, 3546895983, 93604.74, 0.24114,1745384370298,True
1745384371740, BTCUSDT, 3546895990, 93604.75, 0.41715,1745384371719,False
1745384371746, BTCUSDT, 3546895992, 93604.75, 0.25086,1745384371723,False
1745384376298, BTCUSDT, 3546896118, 93626.88, 0.5,1745384376298,True
1745384376955, TAOUSDT, 33850910, 341.3, 63.3652,1745384376954,False
1745384376955, TAOUSDT, 33850911, 341.4, 99.5783,1745384376954,False
1745384376955, TAOUSDT, 33850912, 341.5, 71.3268,1745384376954,False
1745384379154, BTCUSDT, 3546896134, 93626.89, 5.10492,1745384379153,False
1745384381101, BTCUSDT, 3546896145, 93626.89, 2.65699,1745384381100,False
1745384381625, BTCUSDT, 3546896146, 93626.89, 0.55903,1745384381625,False
1745384383736, BTCUSDT, 3546896156, 93626.88, 0.20331,1745384383735,True
1745384383737, BTCUSDT, 3546896157, 93626.88, 0.1947,1745384383736,True
1745384383750, BTCUSDT, 3546896158, 93626.88, 0.47283,1745384383749,True
1745384383756, BTCUSDT, 3546896169, 93626.47, 0.23156,1745384383756,True
1745384383756, BTCUSDT, 3546896170, 93626.47, 0.22116,1745384383756,True
1745384383925, BTCUSDT, 3546896177, 93622.19, 0.60567,1745384383924,True
1745384384838, BTCUSDT, 3546896184, 93622.19, 0.22158,1745384384837,True
1745384387374, BTCUSDT, 3546896212, 93619.04, 0.17,1745384387373,True
1745384390054, BTCUSDT, 3546896226, 93619.05, 0.58181,1745384390053,False
1745384393043, BTCUSDT, 3546896262, 93626.88, 0.40943,1745384393041,False
1745384393043, BTCUSDT, 3546896294, 93637.92, 0.21419,1745384393041,False
1745384393043, BTCUSDT, 3546896296, 93638.08, 0.21419,1745384393041,False
1745384393043, BTCUSDT, 3546896301, 93639.62, 0.87143,1745384393041,False
1745384393043, BTCUSDT, 3546896302, 93639.63, 1.71607,1745384393041,False
1745384393043, BTCUSDT, 3546896303, 93639.65, 0.53591,1745384393041,False
1745384393043, BTCUSDT, 3546896307, 93640.0, 0.22142,1745384393041,False
1745384393043, BTCUSDT, 3546896311, 93641.68, 0.21413,1745384393041,False
1745384393043, BTCUSDT, 3546896312, 93641.84, 0.21413,1745384393041,False
1745384393043, BTCUSDT, 3546896315, 93643.78, 0.4134,1745384393041,False
1745384393043, BTCUSDT, 3546896324, 93645.46, 0.495,1745384393041,False
1745384393043, BTCUSDT, 3546896325, 93645.73, 0.21413,1745384393041,False
1745384393043, BTCUSDT, 3546896326, 93645.88, 0.21413,1745384393041,False
1745384393043, BTCUSDT, 3546896335, 93648.02, 0.70447,1745384393041,False
1745384393043, BTCUSDT, 3546896336, 93648.22, 1.38061,1745384393041,False
1745384393043, BTCUSDT, 3546896337, 93648.23, 1.71601,1745384393041,False
1745384393043, BTCUSDT, 3546896338, 93648.53, 0.33831,1745384393041,False
1745384393043, BTCUSDT, 3546896341, 93649.2, 0.80282,1745384393041,False
1745384393101, BTCUSDT, 3546896345, 93650.01, 0.21957,1745384393100,False
1745384394100, BTCUSDT, 3546896433, 93665.99, 0.21361,1745384394100,True
1745384400018, BTCUSDT, 3546896458, 93665.99, 0.34042,1745384400017,True
1745384400020, BTCUSDT, 3546896460, 93665.99, 0.90704,1745384400019,True
1745384400165, BTCUSDT, 3546896483, 93659.47, 0.25909,1745384400164,True
1745384400166, BTCUSDT, 3546896484, 93659.47, 0.43041,1745384400164,True
1745384400311, BTCUSDT, 3546896516, 93650.0, 3.52131,1745384400311,True
1745384400381, BTCUSDT, 3546896518, 93650.0, 0.3767,1745384400381,True
1745384400384, BTCUSDT, 3546896520, 93650.0, 0.6919,1745384400383,True
1745384400703, BTCUSDT, 3546896560, 93633.11, 0.19166,1745384400702,False
1745384401621, BTCUSDT, 3546896572, 93626.6, 0.2,1745384401620,True
1745384401785, BTCUSDT, 3546896574, 93626.6, 0.9826,1745384401785,True
1745384402228, BTCUSDT, 3546896582, 93625.95, 0.2214,1745384402226,True
1745384402649, BTCUSDT, 3546896594, 93621.95, 0.18038,1745384402649,False
1745384404918, BTCUSDT, 3546896619, 93619.04, 0.18667,1745384404917,True
1745384405133, BTCUSDT, 3546896638, 93613.08, 0.39237,1745384405132,True
1745384407707, BTCUSDT, 3546896695, 93600.68, 0.1957,1745384407706,False
1745384409521, BTCUSDT, 3546896734, 93591.98, 0.26944,1745384409521,False
1745384410379, BTCUSDT, 3546896746, 93591.97, 0.17349,1745384410376,True
1745384410387, BTCUSDT, 3546896762, 93588.78, 0.38712,1745384410380,True
1745384411173, BTCUSDT, 3546896782, 93584.19, 0.18725,1745384411172,False
1745384412596, BTCUSDT, 3546896835, 93571.63, 0.18045,1745384412595,False
1745384414324, BTCUSDT, 3546896848, 93571.63, 0.2736,1745384414323,False
1745384414325, BTCUSDT, 3546896849, 93571.63, 0.67924,1745384414323,False
1745384422464, BTCUSDT, 3546896926, 93571.44, 0.80667,1745384422463,False
1745384422561, BTCUSDT, 3546896929, 93571.43, 1.91933,1745384422560,True
1745384422719, BTCUSDT, 3546896935, 93571.42, 0.1702,1745384422718,True
1745384422939, BTCUSDT, 3546896973, 93564.85, 0.24412,1745384422938,True
1745384426120, BTCUSDT, 3546897039, 93550.01, 0.2736,1745384426120,False
1745384431163, BTCUSDT, 3546897072, 93550.0, 0.22033,1745384431151,True
1745384431179, BTCUSDT, 3546897073, 93550.0, 0.74826,1745384431172,True
1745384434057, BTCUSDT, 3546897097, 93549.58, 0.86984,1745384434057,False
1745384434842, BTCUSDT, 3546897133, 93541.69, 0.3076,1745384434839,True
1745384437119, BTCUSDT, 3546897202, 93529.43, 0.21656,1745384437119,True
1745384448906, BTCUSDT, 3546897283, 93529.59, 0.16255,1745384448906,True
1745384448997, BTCUSDT, 3546897285, 93529.59, 0.1677,1745384448996,True
1745384460396, BTCUSDT, 3546897376, 93529.59, 4.28573,1745384460395,True
1745384462195, BTCUSDT, 3546897394, 93529.44, 0.2736,1745384462194,True
1745384462201, BTCUSDT, 3546897396, 93529.44, 0.35097,1745384462200,True
1745384472575, BTCUSDT, 3546897570, 93508.39, 0.5,1745384472575,True
1745384481842, BTCUSDT, 3546897627, 93508.4, 0.2,1745384481841,False
1745384482491, BTCUSDT, 3546897632, 93508.4, 0.26257,1745384482491,False
1745384482744, BTCUSDT, 3546897636, 93508.39, 0.1712,1745384482740,True
1745384489681, BTCUSDT, 3546897718, 93500.01, 0.40499,1745384489680,False
1745384489682, BTCUSDT, 3546897719, 93500.01, 0.1712,1745384489680,False
1745384489683, BTCUSDT, 3546897721, 93500.01, 0.228,1745384489681,False
1745384493237, BTCUSDT, 3546897759, 93508.39, 0.87826,1745384493236,True
1745384493306, BTCUSDT, 3546897771, 93503.16, 0.27543,1745384493305,True
1745384493306, BTCUSDT, 3546897777, 93500.0, 0.41294,1745384493305,True
1745384495588, BTCUSDT, 3546897793, 93500.01, 0.2,1745384495588,False
1745384497223, BTCUSDT, 3546897802, 93500.0, 0.67156,1745384497222,True
1745384498541, BTCUSDT, 3546897806, 93500.01, 0.32085,1745384498541,False
1745384504097, BTCUSDT, 3546897864, 93490.73, 0.54697,1745384504096,True
1745384509524, BTCUSDT, 3546898019, 93466.88, 0.41248,1745384509523,False
1745384523226, BTCUSDT, 3546898167, 93499.99, 0.2736,1745384523225,True
1745384533591, BTCUSDT, 3546898239, 93499.98, 2.25561,1745384533590,True
1745384534218, BTCUSDT, 3546898244, 93499.99, 0.31999,1745384534216,False
1745384534218, BTCUSDT, 3546898245, 93500.0, 0.23902,1745384534216,False
1745384534864, BTCUSDT, 3546898271, 93508.39, 3.84747,1745384534863,True
1745384542533, BTCUSDT, 3546898303, 93507.04, 0.21443,1745384542532,False
1745384543895, BTCUSDT, 3546898305, 93507.04, 0.54212,1745384543894,False
1745384543895, BTCUSDT, 3546898306, 93507.04, 2.16664,1745384543894,False
1745384543896, BTCUSDT, 3546898307, 93507.04, 0.34171,1745384543894,False
1745384543896, BTCUSDT, 3546898308, 93507.04, 2.07946,1745384543895,False
1745384543897, BTCUSDT, 3546898314, 93507.13, 0.65364,1745384543895,False
1745384544404, BTCUSDT, 3546898411, 93529.59, 0.44424,1745384544403,False
1745384546393, BTCUSDT, 3546898425, 93529.59, 0.37516,1745384546392,True
1745384546561, BTCUSDT, 3546898426, 93529.59, 0.18027,1745384546560,True
1745384550383, BTCUSDT, 3546898447, 93529.6, 0.20398,1745384550374,False
1745384550386, BTCUSDT, 3546898448, 93529.6, 1.20382,1745384550375,False
1745384550393, BTCUSDT, 3546898450, 93529.6, 0.16768,1745384550379,False
1745384550451, BTCUSDT, 3546898452, 93529.6, 0.75847,1745384550424,False
1745384551586, BTCUSDT, 3546898482, 93537.82, 0.21381,1745384551585,True
1745384554049, BTCUSDT, 3546898515, 93545.8, 0.17111,1745384554049,True
1745384555437, BTCUSDT, 3546898526, 93545.81, 3.2655,1745384555436,False
1745384558492, BTCUSDT, 3546898620, 93564.68, 0.96334,1745384558491,False
1745384560658, BTCUSDT, 3546898624, 93564.67, 1.0,1745384560658,True
1745384568346, BTCUSDT, 3546898649, 93564.67, 0.1924,1745384568345,True
1745384568348, BTCUSDT, 3546898650, 93564.67, 0.22833,1745384568346,True
1745384568349, BTCUSDT, 3546898651, 93564.67, 0.42454,1745384568347,True
1745384569711, BTCUSDT, 3546898679, 93554.22, 0.44656,1745384569711,False
1745384569712, BTCUSDT, 3546898680, 93554.22, 2.11336,1745384569711,False
1745384569712, BTCUSDT, 3546898681, 93554.22, 1.23245,1745384569711,False
1745384574430, BTCUSDT, 3546898800, 93584.7, 0.68094,1745384574430,True
1745384577830, BTCUSDT, 3546898812, 93584.71, 0.22418,1745384577830,False
1745384580089, BTCUSDT, 3546898821, 93584.71, 0.2,1745384580088,False
1745384580479, BTCUSDT, 3546898823, 93584.7, 0.2736,1745384580478,True
1745384580491, BTCUSDT, 3546898828, 93584.7, 0.21694,1745384580488,True
1745384580492, BTCUSDT, 3546898829, 93584.7, 0.23923,1745384580488,True
1745384586871, BTCUSDT, 3546898941, 93550.0, 0.28037,1745384586870,True
1745384586876, BTCUSDT, 3546898942, 93550.0, 0.4881,1745384586875,True
1745384586882, BTCUSDT, 3546898945, 93550.0, 0.18464,1745384586882,True
1745384586883, BTCUSDT, 3546898956, 93550.0, 0.8845,1745384586882,True
1745384586883, BTCUSDT, 3546898958, 93550.0, 0.19668,1745384586882,True
1745384586884, BTCUSDT, 3546898967, 93550.0, 0.26922,1745384586883,True
1745384588793, BTCUSDT, 3546899042, 93526.62, 0.16335,1745384588793,False
1745384598241, BTCUSDT, 3546899086, 93523.81, 0.59795,1745384598240,False
1745384601731, BTCUSDT, 3546899093, 93523.81, 0.2736,1745384601730,False
1745384604822, BTCUSDT, 3546899153, 93545.74, 0.2052,1745384604820,True
1745384606559, BTCUSDT, 3546899179, 93535.87, 0.29973,1745384606558,True
1745384608631, BTCUSDT, 3546899197, 93535.87, 0.17711,1745384608630,True
1745384608633, BTCUSDT, 3546899198, 93535.87, 0.344,1745384608632,True
1745384615845, BTCUSDT, 3546899285, 93532.12, 0.5008,1745384615844,True
1745384619777, BTCUSDT, 3546899330, 93529.36, 0.21371,1745384619776,False
1745384626053, BTCUSDT, 3546899351, 93532.12, 3.21846,1745384626052,True
1745384629354, BTCUSDT, 3546899357, 93532.12, 0.85303,1745384629351,True
1745384629354, BTCUSDT, 3546899359, 93532.12, 0.44964,1745384629351,True
1745384633676, BTCUSDT, 3546899443, 93517.8, 0.18212,1745384633673,True
1745384638301, BTCUSDT, 3546899509, 93502.15, 0.25368,1745384638300,True
1745384640957, BTCUSDT, 3546899594, 93480.38, 0.4032,1745384640955,False
1745384640957, BTCUSDT, 3546899603, 93483.67, 0.70594,1745384640956,False
1745384641388, BTCUSDT, 3546899644, 93508.73, 0.42868,1745384641388,False
1745384643919, BTCUSDT, 3546899662, 93508.73, 0.19985,1745384643919,True
1745384649426, BTCUSDT, 3546899709, 93498.63, 0.20454,1745384649425,True
1745384655889, BTCUSDT, 3546899759, 93481.58, 0.92458,1745384655888,True
1745384655890, BTCUSDT, 3546899787, 93475.99, 0.25006,1745384655888,True
1745384655891, BTCUSDT, 3546899790, 93475.65, 0.5442,1745384655889,True
1745384655891, BTCUSDT, 3546899791, 93475.65, 0.16162,1745384655889,True
1745384655891, BTCUSDT, 3546899797, 93472.23, 0.4976,1745384655889,True
1745384655892, BTCUSDT, 3546899816, 93467.04, 0.18557,1745384655889,True
1745384655893, BTCUSDT, 3546899826, 93463.58, 0.80071,1745384655890,True
1745384655893, BTCUSDT, 3546899832, 93462.41, 0.495,1745384655890,True
1745384655893, BTCUSDT, 3546899833, 93462.18, 0.8511,1745384655890,True
1745384655893, BTCUSDT, 3546899837, 93461.5, 0.80071,1745384655890,True
1745384655893, BTCUSDT, 3546899838, 93461.41, 0.80071,1745384655890,True
1745384655894, BTCUSDT, 3546899839, 93461.21, 0.80071,1745384655890,True
1745384655896, BTCUSDT, 3546899856, 93456.12, 1.0,1745384655891,True
1745384655896, BTCUSDT, 3546899864, 93455.7, 0.80071,1745384655891,True
1745384655896, BTCUSDT, 3546899876, 93452.72, 0.23149,1745384655891,True
1745384655898, BTCUSDT, 3546899887, 93450.49, 0.80071,1745384655892,True
1745384655898, BTCUSDT, 3546899897, 93447.31, 0.204,1745384655892,True
1745384655898, BTCUSDT, 3546899902, 93445.93, 0.47371,1745384655892,True
1745384655898, BTCUSDT, 3546899904, 93445.64, 0.80071,1745384655892,True
1745384655899, BTCUSDT, 3546899908, 93444.05, 0.29982,1745384655892,True
1745384655899, BTCUSDT, 3546899911, 93443.37, 0.49663,1745384655892,True
1745384655899, BTCUSDT, 3546899915, 93442.41, 0.30898,1745384655892,True
1745384655903, BTCUSDT, 3546899927, 93439.15, 0.29982,1745384655894,True
1745384656018, BTCUSDT, 3546899996, 93429.9, 0.495,1745384655946,True
1745384656018, BTCUSDT, 3546900025, 93421.31, 0.6181,1745384655946,True
1745384656044, BTCUSDT, 3546900049, 93416.43, 0.96295,1745384655955,True
1745384656046, BTCUSDT, 3546900067, 93411.98, 0.53736,1745384655956,True
1745384656054, BTCUSDT, 3546900084, 93408.03, 0.91443,1745384655959,True
1745384656069, BTCUSDT, 3546900101, 93403.04, 1.61188,1745384655965,True
1745384656069, BTCUSDT, 3546900119, 93397.82, 0.63079,1745384655965,True
1745384656069, BTCUSDT, 3546900125, 93396.31, 0.51178,1745384655965,True
1745384656069, BTCUSDT, 3546900132, 93393.93, 1.61892,1745384655965,True
1745384656069, BTCUSDT, 3546900157, 93387.93, 0.42258,1745384655965,True
1745384656075, BTCUSDT, 3546900167, 93384.7, 0.78778,1745384655968,True
1745384656075, BTCUSDT, 3546900176, 93383.06, 0.49507,1745384655968,True
1745384656075, BTCUSDT, 3546900189, 93379.82, 0.60609,1745384655968,True
1745384656075, BTCUSDT, 3546900199, 93376.5, 3.0,1745384655968,True
1745384656075, BTCUSDT, 3546900206, 93373.79, 0.49097,1745384655968,True
1745384656207, BTCUSDT, 3546900236, 93397.25, 0.37068,1745384656039,True
1745384656208, BTCUSDT, 3546900238, 93397.25, 0.42703,1745384656039,True
1745384656330, BTCUSDT, 3546900251, 93392.1, 0.27656,1745384656136,True
1745384656331, BTCUSDT, 3546900252, 93397.35, 0.25,1745384656137,True
1745384656494, BTCUSDT, 3546900270, 93392.11, 0.2052,1745384656295,False
1745384656558, BTCUSDT, 3546900276, 93392.11, 1.23791,1745384656381,False
1745384656559, BTCUSDT, 3546900277, 93392.11, 0.41209,1745384656381,False
1745384656559, BTCUSDT, 3546900278, 93392.11, 0.19996,1745384656381,False
1745384656561, BTCUSDT, 3546900286, 93393.96, 0.19483,1745384656385,False
1745384656561, BTCUSDT, 3546900287, 93393.96, 0.3711,1745384656385,False
1745384656562, BTCUSDT, 3546900291, 93393.97, 0.17333,1745384656386,False
1745384656562, BTCUSDT, 3546900292, 93393.97, 1.39262,1745384656386,False
1745384656589, BTCUSDT, 3546900299, 93394.41, 0.27617,1745384656426,False
1745384656892, BTCUSDT, 3546900325, 93397.07, 0.36228,1745384656891,False
1745384657115, BTCUSDT, 3546900351, 93401.74, 0.16911,1745384657115,False
1745384657205, BTCUSDT, 3546900357, 93403.88, 0.21296,1745384657204,False
1745384659178, BTCUSDT, 3546900411, 93419.99, 1.0,1745384659178,True
1745384662541, BTCUSDT, 3546900467, 93406.64, 0.17869,1745384662541,False
1745384672938, BTCUSDT, 3546900527, 93401.97, 0.5,1745384672938,False
1745384673266, BTCUSDT, 3546900531, 93401.97, 0.38153,1745384673265,False
1745384673467, BTCUSDT, 3546900538, 93406.63, 0.32451,1745384673466,True
1745384689185, BTCUSDT, 3546900624, 93406.09, 0.93024,1745384689184,False
1745384701994, BTCUSDT, 3546900671, 93406.09, 0.50967,1745384701993,False
1745384701994, BTCUSDT, 3546900672, 93406.1, 0.24878,1745384701993,False
1745384703108, BTCUSDT, 3546900702, 93412.42, 0.5,1745384703108,True
1745384711233, BTCUSDT, 3546900798, 93406.1, 0.21416,1745384711233,False
1745384721870, BTCUSDT, 3546900838, 93406.1, 0.31185,1745384721869,False
1745384722493, BTCUSDT, 3546900866, 93416.76, 0.39896,1745384722493,False
1745384730306, BTCUSDT, 3546900920, 93421.05, 0.39889,1745384730306,False
1745384730344, BTCUSDT, 3546900943, 93426.86, 0.24053,1745384730344,False
1745384730344, BTCUSDT, 3546900967, 93433.29, 0.17835,1745384730344,False
1745384730344, BTCUSDT, 3546900971, 93434.78, 0.39465,1745384730344,False
1745384730947, BTCUSDT, 3546901014, 93445.93, 0.44083,1745384730937,False
1745384736524, BTCUSDT, 3546901130, 93423.17, 0.50765,1745384736523,True
1745384738207, BTCUSDT, 3546901157, 93414.4, 0.66115,1745384738206,False
1745384738207, BTCUSDT, 3546901168, 93420.25, 0.1625,1745384738206,False
1745384738207, BTCUSDT, 3546901169, 93420.26, 0.50345,1745384738206,False
1745384756198, BTCUSDT, 3546901307, 93406.1, 0.76612,1745384756195,False
1745384756198, BTCUSDT, 3546901308, 93406.1, 0.65719,1745384756195,False
1745384756199, BTCUSDT, 3546901309, 93406.1, 0.7538,1745384756196,False
1745384756205, BTCUSDT, 3546901311, 93406.1, 0.60088,1745384756199,False
1745384756205, BTCUSDT, 3546901312, 93406.1, 0.45682,1745384756199,False
1745384762941, BTCUSDT, 3546901360, 93415.19, 0.21254,1745384762940,False
1745384770301, BTCUSDT, 3546901503, 93449.33, 0.16126,1745384770300,True
1745384770995, BTCUSDT, 3546901510, 93449.33, 0.24266,1745384770995,True
1745384771503, BTCUSDT, 3546901513, 93449.33, 0.3,1745384771503,True
1745384772716, BTCUSDT, 3546901536, 93440.03, 0.29577,1745384772716,True
1745384774531, BTCUSDT, 3546901562, 93431.34, 0.2029,1745384774529,True
1745384782564, BTCUSDT, 3546901612, 93428.18, 0.18525,1745384782563,False
1745384783627, BTCUSDT, 3546901615, 93428.18, 0.21783,1745384783626,False
1745384787457, BTCUSDT, 3546901639, 93428.78, 0.46021,1745384787451,False
1745384787458, BTCUSDT, 3546901641, 93428.78, 0.16526,1745384787452,False
1745384795568, BTCUSDT, 3546901747, 93449.99, 3.35,1745384795568,True
1745384816758, BTCUSDT, 3546901871, 93435.85, 0.28097,1745384816757,True
1745384817964, BTCUSDT, 3546901875, 93435.85, 0.2,1745384817963,True
1745384820158, BTCUSDT, 3546901903, 93432.64, 0.27821,1745384820158,True
1745384832271, BTCUSDT, 3546902008, 93446.92, 0.95343,1745384832270,False
1745384832271, BTCUSDT, 3546902009, 93446.92, 1.12456,1745384832270,False
1745384832320, BTCUSDT, 3546902017, 93449.33, 0.40768,1745384832319,False
1745384837060, BTCUSDT, 3546902036, 93450.0, 0.34062,1745384837059,False
1745384837060, BTCUSDT, 3546902037, 93450.0, 0.19218,1745384837059,False
1745384839418, BTCUSDT, 3546902133, 93474.95, 0.19668,1745384839417,True
1745384839423, BTCUSDT, 3546902135, 93474.95, 0.38765,1745384839422,True
1745384840817, BTCUSDT, 3546902175, 93470.55, 0.3076,1745384840816,False
1745384840817, BTCUSDT, 3546902179, 93473.75, 0.23852,1745384840816,False
1745384844500, BTCUSDT, 3546902193, 93473.74, 0.7599,1745384844499,False
1745384844501, BTCUSDT, 3546902195, 93473.74, 0.25933,1745384844499,False
1745384851184, BTCUSDT, 3546902295, 93500.0, 0.21611,1745384851184,False
1745384862131, BTCUSDT, 3546902324, 93499.99, 0.17128,1745384862130,True
1745384879322, BTCUSDT, 3546902371, 93500.0, 0.51699,1745384879322,False
1745384879327, BTCUSDT, 3546902387, 93505.52, 0.30757,1745384879327,False
1745384886781, BTCUSDT, 3546902474, 93522.15, 0.87895,1745384886781,False
1745384889436, BTCUSDT, 3546902483, 93522.15, 0.5648,1745384889436,False
1745384891852, BTCUSDT, 3546902495, 93522.15, 1.46739,1745384891851,False
1745384891852, BTCUSDT, 3546902496, 93522.15, 0.44582,1745384891852,False
1745384891852, BTCUSDT, 3546902497, 93522.15, 0.19489,1745384891852,False
1745384891853, BTCUSDT, 3546902499, 93522.15, 2.22872,1745384891852,False
1745384891853, BTCUSDT, 3546902500, 93522.15, 0.72532,1745384891852,False
1745384891853, BTCUSDT, 3546902504, 93522.39, 0.70541,1745384891852,False
1745384891855, BTCUSDT, 3546902511, 93523.8, 0.21233,1745384891853,False
1745384893668, BTCUSDT, 3546902614, 93547.33, 0.48853,1745384893667,True
1745384902514, BTCUSDT, 3546902702, 93529.67, 0.35447,1745384902513,False
1745384907481, BTCUSDT, 3546902734, 93527.76, 0.21287,1745384907481,False
1745384912824, BTCUSDT, 3546902755, 93527.75, 0.18396,1745384912824,True
1745384913041, BTCUSDT, 3546902802, 93516.73, 0.58,1745384913040,False
1745384917481, BTCUSDT, 3546902818, 93516.73, 0.16654,1745384917481,False
1745384922366, BTCUSDT, 3546902834, 93516.73, 0.25,1745384922365,False
1745384944881, BTCUSDT, 3546902969, 93520.0, 0.3,1745384944881,True
1745384950164, BTCUSDT, 3546903003, 93526.13, 0.34994,1745384950163,False
1745384958768, BTCUSDT, 3546903120, 93554.94, 5.37774,1745384958768,False
1745384958839, BTCUSDT, 3546903122, 93554.96, 0.18376,1745384958838,False
1745384959030, BTCUSDT, 3546903195, 93571.43, 0.21613,1745384959029,False
1745384960622, BTCUSDT, 3546903234, 93583.0, 0.24426,1745384960621,True
1745384960935, BTCUSDT, 3546903242, 93573.64, 0.53365,1745384960935,True
1745384962531, BTCUSDT, 3546903261, 93567.36, 0.21953,1745384962530,False
1745384986175, BTCUSDT, 3546903370, 93567.35, 1.0,1745384986174,True
1745384987066, BTCUSDT, 3546903372, 93567.35, 0.55701,1745384987066,True
1745385005121, BTCUSDT, 3546903448, 93567.35, 0.69515,1745385005121,True
1745385012355, BTCUSDT, 3546903478, 93567.36, 0.70799,1745385012353,False
1745385012434, BTCUSDT, 3546903547, 93586.36, 0.79751,1745385012430,True
1745385014133, BTCUSDT, 3546903572, 93592.36, 0.2727,1745385014133,True
1745385016884, BTCUSDT, 3546903606, 93599.64, 0.18104,1745385016883,False
1745385017506, BTCUSDT, 3546903615, 93600.0, 0.2043,1745385017505,False
1745385017509, BTCUSDT, 3546903616, 93600.0, 0.51468,1745385017508,False
1745385018407, BTCUSDT, 3546903648, 93607.99, 0.2,1745385018407,True
1745385021683, BTCUSDT, 3546903658, 93607.99, 0.39182,1745385021682,True
1745385022533, BTCUSDT, 3546903674, 93603.61, 0.19255,1745385022533,False
1745385022699, BTCUSDT, 3546903675, 93603.6, 0.32056,1745385022699,True
1745385022703, BTCUSDT, 3546903676, 93603.6, 0.32056,1745385022702,True
1745385022707, BTCUSDT, 3546903677, 93603.6, 0.32056,1745385022706,True
1745385022710, BTCUSDT, 3546903678, 93603.6, 0.17705,1745385022710,True
1745385023696, BTCUSDT, 3546903698, 93599.18, 0.32056,1745385023696,True
1745385023700, BTCUSDT, 3546903699, 93599.18, 0.32056,1745385023699,True
1745385024698, BTCUSDT, 3546903703, 93599.18, 0.32056,1745385024698,True
1745385025217, BTCUSDT, 3546903704, 93599.18, 0.46364,1745385025216,True
1745385027753, BTCUSDT, 3546903713, 93599.18, 1.84879,1745385027753,True
1745385045114, BTCUSDT, 3546903804, 93608.55, 3.78774,1745385045114,False
1745385046810, BTCUSDT, 3546903808, 93608.55, 0.22378,1745385046810,True
1745385046810, BTCUSDT, 3546903809, 93608.55, 0.8979,1745385046810,True
1745385046810, BTCUSDT, 3546903810, 93608.55, 1.9066,1745385046810,True
1745385046811, BTCUSDT, 3546903812, 93608.55, 0.88458,1745385046810,True
1745385046811, BTCUSDT, 3546903813, 93608.55, 0.30398,1745385046810,True
1745385046811, BTCUSDT, 3546903814, 93608.54, 0.27418,1745385046810,True
1745385051285, BTCUSDT, 3546903849, 93599.19, 4.39354,1745385051284,False
1745385063867, BTCUSDT, 3546903893, 93599.19, 0.499,1745385063867,True
1745385064031, BTCUSDT, 3546903896, 93599.19, 0.2094,1745385064030,True
1745385064031, BTCUSDT, 3546903899, 93599.18, 0.2116,1745385064030,True
1745385064034, BTCUSDT, 3546903925, 93592.11, 0.20119,1745385064031,True
1745385076831, BTCUSDT, 3546904173, 93554.94, 0.1712,1745385076831,True
1745385076833, BTCUSDT, 3546904174, 93554.94, 0.57638,1745385076832,True
1745385078111, BTCUSDT, 3546904354, 93530.12, 0.23271,1745385078107,True
1745385078111, BTCUSDT, 3546904360, 93529.42, 0.21413,1745385078107,True
1745385081568, BTCUSDT, 3546904485, 93516.61, 0.39057,1745385081567,True
1745385082511, BTCUSDT, 3546904495, 93515.83, 0.45147,1745385082510,False
1745385086379, BTCUSDT, 3546904612, 93500.01, 0.60244,1745385086378,False
1745385086420, BTCUSDT, 3546904630, 93510.53, 0.17724,1745385086420,False
1745385112815, BTCUSDT, 3546904740, 93521.17, 0.38431,1745385112815,False
1745385112816, BTCUSDT, 3546904741, 93521.17, 0.17182,1745385112815,False
1745385112860, BTCUSDT, 3546904777, 93527.63, 0.6068,1745385112860,False
1745385116639, BTCUSDT, 3546904822, 93540.0, 0.21932,1745385116633,False
1745385116745, BTCUSDT, 3546904846, 93548.12, 0.30137,1745385116715,False
1745385116745, BTCUSDT, 3546904847, 93548.39, 0.20193,1745385116715,False
1745385116805, BTCUSDT, 3546904851, 93548.8, 0.39938,1745385116801,False
1745385116817, BTCUSDT, 3546904854, 93548.81, 0.36915,1745385116816,False
1745385117892, BTCUSDT, 3546904905, 93563.26, 0.64396,1745385117891,True
1745385123050, BTCUSDT, 3546904947, 93550.5, 0.3,1745385123049,True
1745385125811, BTCUSDT, 3546904960, 93550.5, 0.24902,1745385125811,True
1745385126360, BTCUSDT, 3546904979, 93548.11, 0.24145,1745385126359,True
1745385129914, BTCUSDT, 3546905039, 93532.52, 0.2736,1745385129913,False
1745385129914, BTCUSDT, 3546905040, 93532.52, 0.28678,1745385129913,False
1745385130007, BTCUSDT, 3546905048, 93538.42, 0.1735,1745385130006,False
1745385133831, BTCUSDT, 3546905087, 93534.59, 0.36342,1745385133829,False
1745385142530, BTCUSDT, 3546905147, 93551.7, 0.20276,1745385142530,False
1745385146328, BTCUSDT, 3546905167, 93551.69, 5.24647,1745385146327,True
1745385146328, BTCUSDT, 3546905172, 93549.28, 0.22643,1745385146327,True
1745385146328, BTCUSDT, 3546905173, 93549.27, 0.70527,1745385146327,True
1745385146328, BTCUSDT, 3546905179, 93544.31, 0.64041,1745385146327,True
1745385146328, BTCUSDT, 3546905180, 93544.3, 0.69469,1745385146327,True
1745385146328, BTCUSDT, 3546905182, 93543.04, 0.25251,1745385146327,True
1745385146328, BTCUSDT, 3546905183, 93542.44, 0.21419,1745385146327,True
1745385146328, BTCUSDT, 3546905188, 93540.57, 0.21413,1745385146327,True
1745385146328, BTCUSDT, 3546905189, 93540.56, 0.6836,1745385146327,True
1745385146328, BTCUSDT, 3546905196, 93539.27, 0.16506,1745385146327,True
1745385146328, BTCUSDT, 3546905198, 93538.68, 0.21413,1745385146327,True
1745385146328, BTCUSDT, 3546905215, 93534.93, 1.26568,1745385146327,True
1745385146328, BTCUSDT, 3546905216, 93534.92, 0.42826,1745385146327,True
1745385146328, BTCUSDT, 3546905217, 93534.58, 0.58599,1745385146327,True
1745385146328, BTCUSDT, 3546905231, 93532.34, 0.80156,1745385146327,True
1745385146328, BTCUSDT, 3546905234, 93531.73, 1.71601,1745385146327,True
1745385146328, BTCUSDT, 3546905236, 93531.45, 0.80962,1745385146327,True
1745385146328, BTCUSDT, 3546905246, 93530.04, 1.19475,1745385146327,True
1745385146328, BTCUSDT, 3546905250, 93529.48, 0.53529,1745385146327,True
1745385146328, BTCUSDT, 3546905251, 93529.46, 0.21413,1745385146327,True
1745385151292, BTCUSDT, 3546905285, 93538.54, 0.23895,1745385151292,True
1745385164023, BTCUSDT, 3546905346, 93529.19, 3.46138,1745385164021,True
1745385164023, BTCUSDT, 3546905368, 93524.57, 0.28975,1745385164021,True
1745385164023, BTCUSDT, 3546905383, 93520.8, 0.21413,1745385164021,True
1745385164023, BTCUSDT, 3546905384, 93520.74, 0.49278,1745385164021,True
1745385164023, BTCUSDT, 3546905385, 93520.73, 0.21446,1745385164021,True
1745385164023, BTCUSDT, 3546905405, 93518.18, 0.70544,1745385164021,True
1745385164023, BTCUSDT, 3546905413, 93516.84, 0.21413,1745385164021,True
1745385164023, BTCUSDT, 3546905414, 93516.78, 0.21413,1745385164021,True
1745385164023, BTCUSDT, 3546905419, 93515.91, 0.22023,1745385164021,True
1745385164023, BTCUSDT, 3546905439, 93513.03, 0.42826,1745385164021,True
1745385164023, BTCUSDT, 3546905444, 93511.82, 0.53529,1745385164021,True
1745385164023, BTCUSDT, 3546905445, 93511.81, 1.10448,1745385164021,True
1745385164023, BTCUSDT, 3546905446, 93511.8, 0.495,1745385164021,True
1745385164023, BTCUSDT, 3546905450, 93511.39, 0.18164,1745385164021,True
1745385164023, BTCUSDT, 3546905470, 93508.68, 1.71601,1745385164021,True
1745385164023, BTCUSDT, 3546905473, 93508.18, 0.21413,1745385164021,True
1745385164023, BTCUSDT, 3546905477, 93506.86, 0.21413,1745385164021,True
1745385164023, BTCUSDT, 3546905478, 93506.59, 0.79216,1745385164021,True
1745385173483, BTCUSDT, 3546905551, 93523.53, 0.20254,1745385173483,False
1745385174617, BTCUSDT, 3546905555, 93523.52, 0.1791,1745385174616,True
1745385197704, BTCUSDT, 3546905758, 93535.7, 0.264,1745385197703,True
1745385197742, BTCUSDT, 3546905778, 93529.16, 0.324,1745385197740,True
1745385197788, BTCUSDT, 3546905781, 93529.16, 0.26728,1745385197788,True
1745385197795, BTCUSDT, 3546905784, 93529.16, 0.20024,1745385197795,True
1745385202554, BTCUSDT, 3546905815, 93523.81, 0.26694,1745385202554,False
1745385203629, BTCUSDT, 3546905860, 93515.33, 0.75188,1745385203628,True
1745385203629, BTCUSDT, 3546905910, 93504.19, 0.21413,1745385203628,True
1745385203629, BTCUSDT, 3546905912, 93504.16, 0.26447,1745385203628,True
1745385203629, BTCUSDT, 3546905916, 93503.35, 0.70556,1745385203628,True
1745385203629, BTCUSDT, 3546905929, 93500.06, 0.21413,1745385203628,True
1745385203629, BTCUSDT, 3546905930, 93500.05, 0.21413,1745385203628,True
1745385203629, BTCUSDT, 3546905931, 93500.04, 1.11311,1745385203628,True
1745385203629, BTCUSDT, 3546905932, 93500.0, 2.83943,1745385203628,True
1745385206533, BTCUSDT, 3546905948, 93499.99, 0.1712,1745385206532,True
1745385211989, BTCUSDT, 3546906092, 93478.27, 0.23082,1745385211985,False
1745385212029, BTCUSDT, 3546906110, 93484.39, 0.7488,1745385212006,False
1745385212030, BTCUSDT, 3546906111, 93484.39, 0.20069,1745385212007,False
1745385213252, BTCUSDT, 3546906174, 93478.26, 0.61232,1745385213250,True
1745385217629, BTCUSDT, 3546906239, 93485.67, 0.3953,1745385217629,True
1745385238315, BTCUSDT, 3546906325, 93473.81, 0.55254,1745385238314,False
1745385238315, BTCUSDT, 3546906329, 93474.05, 0.25195,1745385238314,False
1745385238315, BTCUSDT, 3546906338, 93479.85, 0.4288,1745385238314,False
1745385238315, BTCUSDT, 3546906341, 93480.23, 0.69378,1745385238314,False
1745385241908, BTCUSDT, 3546906363, 93485.67, 0.20407,1745385241907,True
1745385245839, BTCUSDT, 3546906372, 93485.68, 1.0,1745385245839,False
1745385250757, BTCUSDT, 3546906379, 93485.68, 1.38896,1745385250756,False
1745385250757, BTCUSDT, 3546906393, 93489.21, 0.43113,1745385250756,False
1745385262564, BTCUSDT, 3546906516, 93476.2, 0.33696,1745385262563,False
1745385262698, BTCUSDT, 3546906517, 93476.19, 0.32251,1745385262698,True
1745385262699, BTCUSDT, 3546906521, 93474.4, 0.2259,1745385262698,True
1745385262699, BTCUSDT, 3546906533, 93472.39, 1.00517,1745385262698,True
1745385265019, BTCUSDT, 3546906610, 93462.21, 0.85055,1745385265019,False
1745385266230, BTCUSDT, 3546906626, 93462.2, 0.28795,1745385266230,True
1745385270636, BTCUSDT, 3546906701, 93452.49, 2.10479,1745385270627,False
1745385270643, BTCUSDT, 3546906703, 93452.49, 0.41951,1745385270631,False
1745385270645, BTCUSDT, 3546906704, 93452.49, 0.19612,1745385270632,False
1745385270649, BTCUSDT, 3546906706, 93452.49, 0.39353,1745385270634,False
1745385286862, BTCUSDT, 3546906806, 93460.84, 0.41187,1745385286861,True
1745385302425, BTCUSDT, 3546906868, 93452.45, 4.51096,1745385302425,True
1745385302425, BTCUSDT, 3546906879, 93451.41, 0.28992,1745385302425,True
1745385302425, BTCUSDT, 3546906880, 93451.4, 0.70619,1745385302425,True
1745385310784, BTCUSDT, 3546906918, 93450.0, 0.19015,1745385310784,False
1745385317601, BTCUSDT, 3546906950, 93450.0, 1.0,1745385317601,False
1745385318196, BTCUSDT, 3546906954, 93450.0, 0.22914,1745385318195,False
1745385320003, BTCUSDT, 3546906964, 93450.0, 0.21,1745385320003,False
1745385322488, BTCUSDT, 3546906977, 93450.0, 0.23193,1745385322488,False
1745385336343, BTCUSDT, 3546907017, 93450.0, 0.17737,1745385336342,False
1745385338772, BTCUSDT, 3546907037, 93456.6, 0.6789,1745385338772,False
1745385338772, BTCUSDT, 3546907038, 93456.6, 0.18513,1745385338772,False
1745385344717, BTCUSDT, 3546907143, 93444.0, 0.54002,1745385344706,True
1745385349117, BTCUSDT, 3546907155, 93444.0, 0.5525,1745385349114,True
1745385352270, BTCUSDT, 3546907281, 93415.86, 0.21413,1745385352269,True
1745385352270, BTCUSDT, 3546907291, 93413.39, 0.21413,1745385352269,True
1745385357010, BTCUSDT, 3546907317, 93411.94, 2.26565,1745385357009,True
1745385382486, BTCUSDT, 3546907537, 93448.32, 0.19797,1745385382486,False
1745385382487, BTCUSDT, 3546907538, 93448.32, 0.24287,1745385382486,False
1745385388940, BTCUSDT, 3546907570, 93453.02, 0.3425,1745385388940,False
1745385391206, BTCUSDT, 3546907583, 93453.02, 0.71745,1745385391205,False
1745385397486, BTCUSDT, 3546907646, 93466.5, 0.17096,1745385397486,False
1745385397786, BTCUSDT, 3546907650, 93466.49, 0.38794,1745385397786,True
1745385400023, BTCUSDT, 3546907659, 93460.62, 0.2,1745385400023,True
1745385410999, BTCUSDT, 3546907720, 93453.65, 0.3,1745385410999,True
1745385423913, BTCUSDT, 3546907764, 93458.46, 0.27456,1745385423913,False
1745385437351, BTCUSDT, 3546907833, 93475.09, 0.2736,1745385437350,True
1745385437353, BTCUSDT, 3546907834, 93475.09, 0.20097,1745385437353,True
1745385437353, BTCUSDT, 3546907835, 93475.09, 0.24459,1745385437353,True
1745385442541, BTCUSDT, 3546907868, 93463.17, 0.29612,1745385442540,False
1745385443630, BTCUSDT, 3546907870, 93463.16, 0.39399,1745385443626,True
1745385443630, BTCUSDT, 3546907873, 93463.16, 0.38815,1745385443626,True
1745385443643, BTCUSDT, 3546907875, 93463.16, 0.78716,1745385443633,True
1745385454249, BTCUSDT, 3546907923, 93458.0, 0.2502,1745385454248,False
1745385460926, BTCUSDT, 3546907961, 93457.0, 0.46718,1745385460918,True
1745385461432, BTCUSDT, 3546907963, 93457.0, 0.44866,1745385461428,True
1745385461432, BTCUSDT, 3546907964, 93457.0, 0.16228,1745385461428,True
1745385461443, BTCUSDT, 3546908027, 93441.35, 0.1828,1745385461433,True
1745385461476, BTCUSDT, 3546908054, 93434.93, 0.70607,1745385461449,True
1745385461709, BTCUSDT, 3546908080, 93430.0, 0.31105,1745385461576,True
1745385466996, BTCUSDT, 3546908165, 93414.57, 0.21419,1745385466995,True
1745385466996, BTCUSDT, 3546908171, 93411.9, 0.23573,1745385466995,True
1745385466996, BTCUSDT, 3546908172, 93411.89, 0.21419,1745385466995,True
1745385466996, BTCUSDT, 3546908181, 93409.88, 0.21419,1745385466995,True
1745385466996, BTCUSDT, 3546908192, 93408.08, 0.28883,1745385466995,True
1745385468501, BTCUSDT, 3546908218, 93406.1, 0.22,1745385468501,False
1745385469394, BTCUSDT, 3546908250, 93400.0, 0.47854,1745385469389,True
1745385469425, BTCUSDT, 3546908301, 93391.3, 0.35584,1745385469407,True
1745385473629, BTCUSDT, 3546908376, 93384.46, 0.23952,1745385473628,False
1745385474326, BTCUSDT, 3546908379, 93384.45, 2.0,1745385474325,True
1745385479617, BTCUSDT, 3546908400, 93384.46, 0.2052,1745385479615,False
1745385482952, BTCUSDT, 3546908455, 93397.68, 0.1712,1745385482947,False
1745385488633, BTCUSDT, 3546908514, 93413.58, 0.3,1745385488633,True
1745385489838, BTCUSDT, 3546908518, 93413.58, 0.24397,1745385489838,True
1745385494328, BTCUSDT, 3546908539, 93408.92, 0.74886,1745385494327,False
1745385494328, BTCUSDT, 3546908540, 93408.92, 0.31665,1745385494327,False
1745385494332, BTCUSDT, 3546908554, 93413.77, 0.17318,1745385494331,False
1745385494336, BTCUSDT, 3546908556, 93413.77, 0.20936,1745385494335,False
1745385494386, BTCUSDT, 3546908567, 93418.4, 0.57338,1745385494386,False
1745385499738, BTCUSDT, 3546908587, 93418.4, 2.1409,1745385499737,False
1745385500234, BTCUSDT, 3546908588, 93418.4, 0.50758,1745385500233,False
1745385500239, BTCUSDT, 3546908590, 93418.4, 0.22132,1745385500236,False
1745385502505, BTCUSDT, 3546908660, 93435.9, 0.2684,1745385502505,False
1745385510326, BTCUSDT, 3546908699, 93421.58, 3.59664,1745385510325,True
1745385510326, BTCUSDT, 3546908704, 93418.95, 0.21206,1745385510325,True
1745385510326, BTCUSDT, 3546908705, 93418.94, 0.70637,1745385510325,True
1745385510326, BTCUSDT, 3546908711, 93417.77, 0.21431,1745385510325,True
1745385510326, BTCUSDT, 3546908712, 93417.76, 0.21413,1745385510325,True
1745385510326, BTCUSDT, 3546908725, 93413.61, 0.19313,1745385510325,True
1745385510326, BTCUSDT, 3546908727, 93412.98, 0.21413,1745385510325,True
1745385510326, BTCUSDT, 3546908728, 93412.76, 0.21413,1745385510325,True
1745385510326, BTCUSDT, 3546908742, 93409.04, 0.95217,1745385510325,True
1745385510326, BTCUSDT, 3546908743, 93409.02, 0.53529,1745385510325,True
1745385510326, BTCUSDT, 3546908744, 93409.0, 0.42826,1745385510325,True
1745385510326, BTCUSDT, 3546908745, 93408.91, 0.49521,1745385510325,True
1745385510326, BTCUSDT, 3546908756, 93406.56, 1.71601,1745385510325,True
1745385510326, BTCUSDT, 3546908761, 93404.41, 0.21413,1745385510325,True
1745385510326, BTCUSDT, 3546908764, 93404.24, 0.21413,1745385510325,True
1745385510326, BTCUSDT, 3546908765, 93404.17, 0.90006,1745385510325,True
1745385510326, BTCUSDT, 3546908770, 93401.96, 0.18579,1745385510325,True
1745385510326, BTCUSDT, 3546908773, 93400.91, 1.71601,1745385510325,True
1745385510326, BTCUSDT, 3546908775, 93400.51, 0.21413,1745385510325,True
1745385510326, BTCUSDT, 3546908776, 93400.5, 0.21413,1745385510325,True
1745385516355, BTCUSDT, 3546908825, 93395.77, 0.24287,1745385516355,False
1745385520384, BTCUSDT, 3546908835, 93395.77, 0.20511,1745385520384,False
1745385527795, BTCUSDT, 3546908875, 93400.0, 0.27266,1745385527794,False
1745385547465, BTCUSDT, 3546908935, 93394.83, 0.23323,1745385547464,True
1745385559032, BTCUSDT, 3546909227, 93347.82, 0.2397,1745385559029,True
1745385559121, BTCUSDT, 3546909233, 93347.33, 0.70933,1745385559121,True
1745385559140, BTCUSDT, 3546909241, 93345.02, 0.19,1745385559140,False
1745385562332, TAOUSDT, 33852393, 339.0, 140.9899,1745385562332,True
1745385562531, BTCUSDT, 3546909275, 93345.02, 0.31435,1745385562531,False
1745385579899, BTCUSDT, 3546909361, 93354.99, 0.53638,1745385579898,True
1745385595485, BTCUSDT, 3546909411, 93355.0, 0.18491,1745385595485,False
1745385598039, BTCUSDT, 3546909424, 93355.0, 2.0,1745385598039,False
1745385599961, BTCUSDT, 3546909432, 93355.0, 0.38378,1745385599961,False
1745385600889, BTCUSDT, 3546909475, 93370.2, 0.21021,1745385600889,False
1745385600893, BTCUSDT, 3546909476, 93370.2, 0.21879,1745385600891,False
1745385601779, BTCUSDT, 3546909506, 93379.54, 0.96406,1745385601779,False
1745385605484, BTCUSDT, 3546909519, 93379.54, 0.19004,1745385605483,False
1745385613626, BTCUSDT, 3546909601, 93391.91, 0.42929,1745385613625,True
1745385613626, BTCUSDT, 3546909602, 93391.91, 0.38954,1745385613625,True
1745385613640, BTCUSDT, 3546909604, 93391.91, 0.4995,1745385613632,True
1745385613640, BTCUSDT, 3546909609, 93391.81, 0.32693,1745385613633,True
1745385613641, BTCUSDT, 3546909610, 93391.81, 0.1712,1745385613633,True
1745385613707, BTCUSDT, 3546909622, 93385.11, 0.36877,1745385613703,True
1745385618387, BTCUSDT, 3546909651, 93393.99, 0.26924,1745385618387,False
1745385618387, BTCUSDT, 3546909652, 93393.99, 0.2756,1745385618387,False
1745385622539, BTCUSDT, 3546909695, 93400.0, 0.32894,1745385622539,False
1745385634706, BTCUSDT, 3546909737, 93400.0, 0.2,1745385634705,False
1745385641177, BTCUSDT, 3546909761, 93400.0, 0.86966,1745385641176,False
1745385641182, BTCUSDT, 3546909762, 93400.0, 0.37897,1745385641179,False
1745385645408, BTCUSDT, 3546909794, 93407.99, 0.21413,1745385645408,True
1745385651630, BTCUSDT, 3546909808, 93407.99, 0.22812,1745385651630,True
1745385653407, BTCUSDT, 3546909810, 93408.0, 0.28309,1745385653407,False
1745385682520, BTCUSDT, 3546909981, 93435.59, 0.27642,1745385682520,False
1745385689126, BTCUSDT, 3546910085, 93465.0, 0.78188,1745385689125,True
1745385697406, BTCUSDT, 3546910133, 93450.99, 0.53142,1745385697405,False
1745385727796, BTCUSDT, 3546910294, 93470.18, 0.5512,1745385727796,False
1745385733520, BTCUSDT, 3546910315, 93470.17, 0.1732,1745385733519,True
1745385733520, BTCUSDT, 3546910329, 93465.58, 0.70584,1745385733519,True
1745385733545, BTCUSDT, 3546910372, 93451.53, 0.48665,1745385733536,True
1745385733552, BTCUSDT, 3546910373, 93451.53, 0.43174,1745385733550,True
1745385734660, BTCUSDT, 3546910379, 93450.99, 3.62481,1745385734660,False
1745385738030, BTCUSDT, 3546910407, 93448.92, 0.17912,1745385738030,True
1745385742504, BTCUSDT, 3546910476, 93429.84, 0.26257,1745385742504,False
1745385764569, BTCUSDT, 3546910523, 93429.83, 0.33376,1745385764568,True
1745385766503, TAOUSDT, 33852507, 339.0, 102.0487,1745385766502,True
1745385785411, BTCUSDT, 3546910587, 93429.85, 1.97134,1745385785410,False
1745385799095, BTCUSDT, 3546910613, 93429.84, 1.1473,1745385799094,True
1745385799095, BTCUSDT, 3546910614, 93429.84, 1.2357,1745385799094,True
1745385799095, BTCUSDT, 3546910616, 93429.84, 0.74551,1745385799095,True
1745385799096, BTCUSDT, 3546910618, 93429.84, 0.18807,1745385799095,True
1745385799096, BTCUSDT, 3546910619, 93429.84, 0.41838,1745385799095,True
1745385799096, BTCUSDT, 3546910620, 93429.84, 0.62407,1745385799095,True
1745385799096, BTCUSDT, 3546910621, 93429.83, 0.26654,1745385799095,True
1745385799096, BTCUSDT, 3546910622, 93429.83, 0.37715,1745385799095,True
1745385799096, BTCUSDT, 3546910635, 93428.04, 0.70618,1745385799095,True
1745385799096, BTCUSDT, 3546910645, 93424.21, 0.18522,1745385799095,True
1745385799097, BTCUSDT, 3546910664, 93416.99, 0.57762,1745385799095,True
1745385799097, BTCUSDT, 3546910665, 93416.88, 0.495,1745385799095,True
1745385799097, BTCUSDT, 3546910666, 93416.58, 0.60706,1745385799095,True
1745385799098, BTCUSDT, 3546910667, 93416.58, 0.39294,1745385799096,True
1745385799099, BTCUSDT, 3546910693, 93408.82, 1.51086,1745385799096,True
1745385802550, BTCUSDT, 3546910807, 93394.83, 0.27132,1745385802549,False
1745385821449, BTCUSDT, 3546910906, 93407.19, 0.23021,1745385821445,True
1745385821450, BTCUSDT, 3546910907, 93407.19, 0.2029,1745385821445,True
1745385832766, BTCUSDT, 3546910989, 93394.71, 1.0,1745385832766,False
1745385840239, BTCUSDT, 3546911078, 93382.13, 0.17825,1745385840238,True
1745385840239, BTCUSDT, 3546911079, 93382.13, 0.17825,1745385840239,True
1745385851472, BTCUSDT, 3546911185, 93370.18, 0.65016,1745385851471,False
1745385856434, BTCUSDT, 3546911196, 93370.18, 0.61945,1745385856433,False
1745385862499, BTCUSDT, 3546911216, 93370.18, 0.25029,1745385862498,False
1745385878313, BTCUSDT, 3546911249, 93370.17, 3.43973,1745385878312,True
1745385878316, BTCUSDT, 3546911281, 93360.89, 0.56526,1745385878315,True
1745385954053, BTCUSDT, 3546911630, 93355.0, 0.1756,1745385954049,False
1745385954147, BTCUSDT, 3546911635, 93355.0, 0.36456,1745385954147,False
1745385954152, BTCUSDT, 3546911640, 93355.0, 0.46965,1745385954150,False
1745385969916, BTCUSDT, 3546911712, 93367.33, 0.4,1745385969915,False
1745385993765, BTCUSDT, 3546911831, 93367.32, 0.962,1745385993764,True
1745385999733, BTCUSDT, 3546911849, 93367.34, 0.39848,1745385999727,False
1745386004989, BTCUSDT, 3546911888, 93369.84, 1.0,1745386004989,True
1745386022195, BTCUSDT, 3546911932, 93369.85, 0.54906,1745386022195,False
1745386033183, BTCUSDT, 3546912027, 93383.58, 0.20139,1745386033183,True
1745386066022, BTCUSDT, 3546912139, 93387.72, 0.18431,1745386066021,False
1745386071437, BTCUSDT, 3546912215, 93400.0, 0.93525,1745386071436,False
1745386072534, BTCUSDT, 3546912220, 93400.0, 0.18997,1745386072534,False
1745386084868, BTCUSDT, 3546912263, 93399.99, 0.16793,1745386084867,True
1745386086538, BTCUSDT, 3546912293, 93397.14, 0.1897,1745386086538,True
1745386086556, BTCUSDT, 3546912311, 93391.68, 0.30794,1745386086556,True
1745386116784, BTCUSDT, 3546912397, 93388.72, 1.0,1745386116783,True
1745386116905, BTCUSDT, 3546912399, 93388.72, 1.34008,1745386116904,True
1745386139038, BTCUSDT, 3546912472, 93383.59, 2.28318,1745386139037,False
1745386152282, BTCUSDT, 3546912506, 93383.59, 0.2109,1745386152282,False
1745386152670, BTCUSDT, 3546912509, 93383.59, 0.96254,1745386152669,False
1745386152670, BTCUSDT, 3546912510, 93383.59, 0.16109,1745386152669,False
1745386165630, BTCUSDT, 3546912614, 93400.0, 0.18986,1745386165629,False
1745386166719, BTCUSDT, 3546912617, 93400.0, 0.3445,1745386166719,False
1745386177883, BTCUSDT, 3546912650, 93400.0, 0.26766,1745386177882,False
1745386188849, BTCUSDT, 3546912678, 93399.99, 0.2,1745386188849,True
1745386203239, BTCUSDT, 3546912714, 93399.99, 0.21776,1745386203238,True
1745386203292, BTCUSDT, 3546912717, 93399.97, 0.23985,1745386203290,True
1745386219428, BTCUSDT, 3546912843, 93392.26, 1.22964,1745386219427,True
1745386226063, BTCUSDT, 3546912876, 93392.26, 0.20857,1745386226062,True
1745386253215, BTCUSDT, 3546912964, 93392.26, 0.5025,1745386253215,True
1745386261663, BTCUSDT, 3546912997, 93392.26, 0.33348,1745386261663,True
1745386266080, BTCUSDT, 3546913022, 93392.27, 0.3275,1745386266070,False
1745386266150, BTCUSDT, 3546913049, 93398.25, 0.21826,1745386266121,False
1745386272941, BTCUSDT, 3546913292, 93462.09, 0.19197,1745386272940,False
1745386286475, BTCUSDT, 3546913355, 93459.87, 0.87292,1745386286474,False
1745386286524, BTCUSDT, 3546913407, 93472.33, 0.41579,1745386286522,False
1745386287228, BTCUSDT, 3546913428, 93476.2, 0.30283,1745386287227,False
1745386287228, BTCUSDT, 3546913433, 93477.0, 0.29765,1745386287227,False
1745386299479, BTCUSDT, 3546913505, 93460.98, 0.49725,1745386299478,True
1745386302821, BTCUSDT, 3546913533, 93466.62, 0.2,1745386302821,True
1745386310639, BTCUSDT, 3546913565, 93471.5, 0.73576,1745386310638,False
1745386323815, BTCUSDT, 3546913620, 93476.99, 0.19818,1745386323814,True
1745386327531, BTCUSDT, 3546913634, 93477.0, 0.34375,1745386327530,False
1745386328437, BTCUSDT, 3546913636, 93477.0, 1.0,1745386328436,False
1745386328946, BTCUSDT, 3546913645, 93477.27, 0.28269,1745386328945,False
1745386328948, BTCUSDT, 3546913646, 93477.27, 0.16047,1745386328947,False
1745386335660, BTCUSDT, 3546913749, 93499.99, 0.19819,1745386335660,True
1745386342153, BTCUSDT, 3546913765, 93500.0, 0.33208,1745386342153,False
1745386342155, BTCUSDT, 3546913771, 93500.0, 0.24309,1745386342155,False
1745386346780, BTCUSDT, 3546913817, 93508.9, 0.2184,1745386346779,True
1745386346783, BTCUSDT, 3546913818, 93508.9, 0.79903,1745386346781,True
1745386377236, BTCUSDT, 3546913959, 93509.76, 1.63091,1745386377234,True
1745386377236, BTCUSDT, 3546913990, 93502.67, 4.33777,1745386377235,True
1745386377237, BTCUSDT, 3546913993, 93502.67, 0.80411,1745386377235,True
1745386377240, BTCUSDT, 3546913998, 93502.67, 0.16842,1745386377237,True
1745386377241, BTCUSDT, 3546914002, 93502.67, 0.21961,1745386377238,True
1745386384600, BTCUSDT, 3546914103, 93476.99, 1.42506,1745386384600,True
1745386384601, BTCUSDT, 3546914105, 93476.99, 0.40443,1745386384600,True
1745386385972, BTCUSDT, 3546914173, 93455.13, 0.25832,1745386385970,False
1745386398476, BTCUSDT, 3546914369, 93411.34, 0.2184,1745386398473,False
1745386398479, BTCUSDT, 3546914371, 93411.34, 0.3373,1745386398475,False
1745386398491, BTCUSDT, 3546914374, 93411.34, 0.56566,1745386398482,False
1745386402670, BTCUSDT, 3546914414, 93423.27, 0.31288,1745386402670,True
1745386416863, BTCUSDT, 3546914476, 93414.07, 3.58462,1745386416861,True
1745386416863, BTCUSDT, 3546914491, 93410.33, 0.21419,1745386416861,True
1745386416863, BTCUSDT, 3546914505, 93408.99, 0.21419,1745386416861,True
1745386416863, BTCUSDT, 3546914509, 93408.14, 0.68873,1745386416861,True
1745386416863, BTCUSDT, 3546914521, 93405.46, 0.70629,1745386416861,True
1745386416863, BTCUSDT, 3546914524, 93405.28, 0.53529,1745386416861,True
1745386416863, BTCUSDT, 3546914528, 93404.78, 0.21413,1745386416861,True
1745386416863, BTCUSDT, 3546914530, 93404.72, 0.495,1745386416861,True
1745386416863, BTCUSDT, 3546914537, 93403.55, 0.84759,1745386416861,True
1745386416863, BTCUSDT, 3546914538, 93403.54, 1.71601,1745386416861,True
1745386416863, BTCUSDT, 3546914551, 93400.26, 0.21413,1745386416861,True
1745386426064, BTCUSDT, 3546914607, 93395.03, 2.45498,1745386426064,False
1745386430072, BTCUSDT, 3546914633, 93400.0, 0.45091,1745386430071,False
1745386430073, BTCUSDT, 3546914634, 93400.0, 3.80482,1745386430072,False
1745386430079, BTCUSDT, 3546914635, 93400.0, 3.07801,1745386430077,False
1745386449535, BTCUSDT, 3546914780, 93413.26, 0.25894,1745386449534,False
1745386449669, BTCUSDT, 3546914815, 93421.41, 0.3494,1745386449668,False
1745386449706, BTCUSDT, 3546914820, 93423.74, 0.33675,1745386449706,False
1745386449706, BTCUSDT, 3546914830, 93426.73, 0.26093,1745386449706,False
1745386449753, BTCUSDT, 3546914859, 93434.07, 0.21398,1745386449752,False
1745386450263, BTCUSDT, 3546914865, 93434.32, 0.5,1745386450262,True
1745386452484, BTCUSDT, 3546914872, 93434.33, 0.20357,1745386452484,False
1745386453653, BTCUSDT, 3546914876, 93434.33, 0.23923,1745386453653,False
1745386462655, BTCUSDT, 3546914912, 93434.33, 0.66575,1745386462655,False
1745386475336, BTCUSDT, 3546914943, 93434.33, 0.37104,1745386475335,False
1745386475336, BTCUSDT, 3546914947, 93434.67, 0.48558,1745386475335,False
1745386509773, BTCUSDT, 3546915093, 93459.16, 0.2184,1745386509773,True
1745386509773, BTCUSDT, 3546915094, 93459.16, 0.18947,1745386509773,True
1745386509773, BTCUSDT, 3546915095, 93459.16, 0.17747,1745386509773,True
1745386509775, BTCUSDT, 3546915096, 93459.16, 1.03765,1745386509774,True
1745386509776, BTCUSDT, 3546915105, 93457.9, 0.19745,1745386509775,True
1745386509776, BTCUSDT, 3546915106, 93457.9, 0.48616,1745386509775,True
1745386520819, BTCUSDT, 3546915166, 93446.17, 0.93433,1745386520819,True
1745386536518, BTCUSDT, 3546915210, 93446.17, 0.194,1745386536518,True
1745386536519, BTCUSDT, 3546915212, 93446.17, 0.25084,1745386536518,True
1745386542825, BTCUSDT, 3546915289, 93428.57, 0.17673,1745386542824,True
1745386542825, BTCUSDT, 3546915290, 93428.57, 0.17673,1745386542825,True
1745386542826, BTCUSDT, 3546915291, 93428.57, 0.23682,1745386542825,True
1745386554613, BTCUSDT, 3546915369, 93415.09, 0.21586,1745386554613,True
1745386561329, BTCUSDT, 3546915387, 93415.09, 0.22353,1745386561329,True
1745386568219, BTCUSDT, 3546915402, 93415.09, 0.1712,1745386568218,True
1745386568286, BTCUSDT, 3546915403, 93415.09, 0.36602,1745386568285,True
1745386568294, BTCUSDT, 3546915409, 93414.34, 0.35017,1745386568293,True
1745386577277, BTCUSDT, 3546915530, 93392.0, 0.24227,1745386577276,True
1745386577505, BTCUSDT, 3546915533, 93392.0, 2.92192,1745386577503,True
1745386577505, BTCUSDT, 3546915548, 93391.29, 0.23973,1745386577503,True
1745386577505, BTCUSDT, 3546915597, 93377.42, 0.2064,1745386577503,True
1745386579264, BTCUSDT, 3546915603, 93380.97, 0.1857,1745386579263,False
1745386579264, BTCUSDT, 3546915604, 93380.97, 0.24913,1745386579263,False
1745386579265, BTCUSDT, 3546915608, 93383.1, 0.21967,1745386579264,False
1745386579328, BTCUSDT, 3546915612, 93383.1, 0.57825,1745386579327,False
1745386584313, BTCUSDT, 3546915647, 93392.0, 0.3262,1745386584312,True
1745386584315, BTCUSDT, 3546915648, 93392.0, 0.68429,1745386584313,True
1745386584315, BTCUSDT, 3546915649, 93392.0, 0.17086,1745386584314,True
1745386584316, BTCUSDT, 3546915651, 93392.0, 0.73985,1745386584314,True
1745386597547, BTCUSDT, 3546915756, 93372.01, 0.57324,1745386597547,False
1745386597553, BTCUSDT, 3546915757, 93372.01, 0.22812,1745386597553,False
1745386597553, BTCUSDT, 3546915758, 93372.01, 0.24468,1745386597553,False
1745386660903, BTCUSDT, 3546916068, 93370.02, 0.3466,1745386660903,False
1745386660904, BTCUSDT, 3546916069, 93370.02, 0.73732,1745386660903,False
1745386660905, BTCUSDT, 3546916079, 93372.01, 0.1894,1745386660904,False
1745386660908, BTCUSDT, 3546916096, 93374.5, 0.3851,1745386660906,False
1745386662966, BTCUSDT, 3546916149, 93379.35, 0.2184,1745386662965,True
1745386662966, BTCUSDT, 3546916150, 93379.35, 0.35612,1745386662966,True
1745386663932, BTCUSDT, 3546916172, 93370.38, 1.90387,1745386663932,True
1745386665828, BTCUSDT, 3546916178, 93370.38, 0.20828,1745386665826,True
1745386665828, BTCUSDT, 3546916192, 93369.9, 0.48242,1745386665826,True
1745386665828, BTCUSDT, 3546916193, 93369.9, 0.16186,1745386665827,True
1745386674280, BTCUSDT, 3546916338, 93351.29, 0.31238,1745386674279,False
1745386676486, BTCUSDT, 3546916349, 93351.28, 0.18548,1745386676486,True
1745386687246, BTCUSDT, 3546916391, 93351.29, 0.47564,1745386687246,False
1745386687399, BTCUSDT, 3546916394, 93351.29, 0.4274,1745386687398,False
1745386687399, BTCUSDT, 3546916396, 93351.29, 0.25047,1745386687399,False
1745386687399, BTCUSDT, 3546916397, 93351.29, 0.32076,1745386687399,False
1745386689057, BTCUSDT, 3546916411, 93351.29, 0.18593,1745386689056,False
1745386705228, BTCUSDT, 3546916508, 93365.15, 3.45037,1745386705227,True
1745386706621, BTCUSDT, 3546916542, 93359.52, 0.22223,1745386706620,True
1745386706621, BTCUSDT, 3546916544, 93359.52, 1.64104,1745386706620,True
1745386711485, BTCUSDT, 3546916659, 93337.46, 0.21413,1745386711484,True
1745386711485, BTCUSDT, 3546916660, 93337.45, 0.28539,1745386711484,True
1745386711485, BTCUSDT, 3546916661, 93337.26, 0.70681,1745386711484,True
1745386711875, BTCUSDT, 3546916672, 93336.22, 1.20557,1745386711874,False
1745386714259, BTCUSDT, 3546916679, 93336.22, 1.00216,1745386714259,False
1745386714260, BTCUSDT, 3546916680, 93336.22, 1.73584,1745386714259,False
1745386714261, BTCUSDT, 3546916681, 93336.22, 1.76071,1745386714259,False
1745386723110, BTCUSDT, 3546916772, 93354.18, 0.25708,1745386723110,False
1745386725328, BTCUSDT, 3546916803, 93360.0, 0.16416,1745386725327,False
1745386725374, BTCUSDT, 3546916812, 93360.0, 0.22548,1745386725373,False
1745386725420, BTCUSDT, 3546916848, 93360.0, 0.25076,1745386725419,False
1745386725420, BTCUSDT, 3546916854, 93360.29, 0.51616,1745386725419,False
1745386731874, BTCUSDT, 3546916919, 93374.99, 0.50011,1745386731873,True
1745386738446, BTCUSDT, 3546917001, 93364.25, 0.83177,1745386738446,False
1745386741097, BTCUSDT, 3546917020, 93367.09, 0.27297,1745386741097,True
1745386746485, BTCUSDT, 3546917098, 93368.09, 0.17248,1745386746485,True
1745386749876, BTCUSDT, 3546917109, 93368.09, 1.52355,1745386749876,True
1745386757348, BTCUSDT, 3546917145, 93364.69, 0.37891,1745386757347,False
1745386762200, BTCUSDT, 3546917184, 93369.48, 1.82801,1745386762199,True
1745386762200, BTCUSDT, 3546917186, 93369.16, 0.31973,1745386762199,True
1745386762200, BTCUSDT, 3546917187, 93369.15, 0.35208,1745386762199,True
1745386762895, BTCUSDT, 3546917209, 93364.52, 0.23286,1745386762894,True
1745386763800, BTCUSDT, 3546917230, 93358.55, 0.17865,1745386763800,True
1745386767600, BTCUSDT, 3546917262, 93354.44, 0.18646,1745386767599,True
1745386781485, BTCUSDT, 3546917336, 93341.98, 0.16484,1745386781484,True
1745386784886, BTCUSDT, 3546917349, 93341.98, 0.17,1745386784885,True
1745386790765, BTCUSDT, 3546917368, 93341.98, 0.53566,1745386790764,True
1745386805154, BTCUSDT, 3546917418, 93340.49, 0.25453,1745386805154,False
1745386812694, BTCUSDT, 3546917504, 93354.63, 0.25213,1745386812694,True
1745386822913, BTCUSDT, 3546917566, 93351.64, 1.4985,1745386822913,True
1745386828707, BTCUSDT, 3546917616, 93340.49, 0.73467,1745386828707,False
1745386833542, BTCUSDT, 3546917639, 93340.49, 1.33806,1745386833542,False
1745386835759, BTCUSDT, 3546917651, 93340.48, 2.24915,1745386835758,True
1745386841544, BTCUSDT, 3546917680, 93340.48, 0.25857,1745386841544,True
1745386845227, BTCUSDT, 3546917696, 93340.48, 0.20926,1745386845225,True
1745386845227, BTCUSDT, 3546917697, 93340.48, 0.23817,1745386845225,True
1745386845227, BTCUSDT, 3546917698, 93340.48, 0.36747,1745386845225,True
1745386845228, BTCUSDT, 3546917699, 93340.48, 0.55016,1745386845225,True
1745386845295, BTCUSDT, 3546917727, 93334.39, 0.2046,1745386845294,True
1745386845379, BTCUSDT, 3546917758, 93330.21, 0.29132,1745386845378,True
1745386847136, BTCUSDT, 3546917829, 93312.22, 1.07123,1745386847136,False
1745386851419, BTCUSDT, 3546917853, 93312.21, 0.4,1745386851419,True
1745386858393, BTCUSDT, 3546917880, 93312.22, 0.21651,1745386858392,False
1745386858395, BTCUSDT, 3546917887, 93312.22, 0.1639,1745386858394,False
1745386858396, BTCUSDT, 3546917889, 93312.22, 0.16751,1745386858395,False
1745386863471, BTCUSDT, 3546917977, 93336.73, 0.182,1745386863470,True
1745386863472, BTCUSDT, 3546917979, 93336.73, 0.36064,1745386863471,True
1745386871540, BTCUSDT, 3546918025, 93327.57, 0.5891,1745386871539,True
1745386888235, BTCUSDT, 3546918192, 93304.34, 0.17122,1745386888235,True
1745386888687, BTCUSDT, 3546918221, 93300.0, 0.31972,1745386888686,True
1745386898014, BTCUSDT, 3546918327, 93287.98, 0.71682,1745386898012,False
1745386901422, BTCUSDT, 3546918382, 93304.35, 0.18178,1745386901422,False
1745386914142, BTCUSDT, 3546918479, 93320.42, 2.8285,1745386914141,True
1745386914142, BTCUSDT, 3546918481, 93320.42, 0.88417,1745386914141,True
1745386914143, BTCUSDT, 3546918482, 93320.42, 0.86586,1745386914142,True
1745386914145, BTCUSDT, 3546918483, 93320.42, 0.22767,1745386914143,True
1745386914145, BTCUSDT, 3546918484, 93320.42, 0.31268,1745386914143,True
1745386914146, BTCUSDT, 3546918494, 93317.09, 0.2178,1745386914143,True
1745386921318, BTCUSDT, 3546918551, 93307.27, 0.5885,1745386921317,False
1745386921318, BTCUSDT, 3546918552, 93307.27, 0.1819,1745386921317,False
1745386921319, BTCUSDT, 3546918557, 93307.27, 0.1712,1745386921319,False
1745386921320, BTCUSDT, 3546918558, 93307.27, 0.1647,1745386921319,False
1745386931907, BTCUSDT, 3546918669, 93336.23, 0.93507,1745386931906,False
1745386952026, BTCUSDT, 3546918731, 93336.22, 0.2002,1745386952025,True
1745386962698, BTCUSDT, 3546918763, 93336.22, 0.88537,1745386962690,True
1745386964836, BTCUSDT, 3546918782, 93333.48, 0.24813,1745386964835,True
1745386966694, BTCUSDT, 3546918830, 93321.44, 0.4674,1745386966685,True
1745386971105, BTCUSDT, 3546918918, 93306.7, 0.52352,1745386971104,True
1745386971105, BTCUSDT, 3546918919, 93306.7, 0.18352,1745386971104,True
1745386975808, BTCUSDT, 3546919023, 93292.0, 0.16078,1745386975807,True
1745386985110, BTCUSDT, 3546919047, 93292.01, 1.0719,1745386985110,False
1745386987795, BTCUSDT, 3546919053, 93292.0, 0.91652,1745386987794,True
1745386987795, BTCUSDT, 3546919060, 93291.47, 0.20955,1745386987794,True
1745386987795, BTCUSDT, 3546919083, 93286.07, 0.34105,1745386987794,True
1745386987795, BTCUSDT, 3546919085, 93286.05, 0.70726,1745386987794,True
1745386987795, BTCUSDT, 3546919105, 93282.9, 0.21413,1745386987794,True
1745386987795, BTCUSDT, 3546919107, 93282.72, 0.21413,1745386987794,True
1745387003244, BTCUSDT, 3546919170, 93280.8, 0.5351,1745387003243,False
1745387003248, BTCUSDT, 3546919171, 93280.8, 0.2182,1745387003246,False
1745387003248, BTCUSDT, 3546919172, 93280.8, 0.23856,1745387003246,False
1745387003576, BTCUSDT, 3546919210, 93286.4, 0.75491,1745387003575,False
1745387033307, BTCUSDT, 3546919396, 93329.51, 0.50175,1745387033306,True
1745387042317, BTCUSDT, 3546919422, 93329.51, 0.33877,1745387042317,True
1745387054034, BTCUSDT, 3546919455, 93329.51, 0.36351,1745387054033,True
1745387059367, BTCUSDT, 3546919471, 93329.51, 0.78533,1745387059366,True
1745387059566, BTCUSDT, 3546919521, 93312.99, 0.29873,1745387059566,False
1745387064299, BTCUSDT, 3546919554, 93325.66, 0.36,1745387064299,False
1745387068458, BTCUSDT, 3546919564, 93325.66, 0.94875,1745387068458,False
1745387091538, BTCUSDT, 3546919636, 93329.51, 0.17111,1745387091537,False
1745387132341, BTCUSDT, 3546919760, 93329.51, 0.22948,1745387132340,False
1745387132342, BTCUSDT, 3546919761, 93329.51, 0.2477,1745387132341,False
1745387132346, BTCUSDT, 3546919768, 93329.54, 0.2648,1745387132345,False
1745387132347, BTCUSDT, 3546919771, 93329.54, 0.25921,1745387132346,False
1745387132390, BTCUSDT, 3546919783, 93330.0, 0.39964,1745387132389,False
1745387132393, BTCUSDT, 3546919784, 93330.0, 0.24594,1745387132392,False
1745387132396, BTCUSDT, 3546919785, 93330.0, 0.20933,1745387132395,False
1745387132398, BTCUSDT, 3546919786, 93330.0, 0.30072,1745387132398,False
1745387133001, BTCUSDT, 3546919865, 93349.8, 0.57473,1745387132999,False
1745387133001, BTCUSDT, 3546919866, 93349.81, 1.60724,1745387132999,False
1745387133001, BTCUSDT, 3546919867, 93349.82, 0.3207,1745387132999,False
1745387133001, BTCUSDT, 3546919878, 93352.83, 0.80366,1745387132999,False
1745387133002, BTCUSDT, 3546919891, 93356.24, 0.32,1745387133000,False
1745387138485, BTCUSDT, 3546919970, 93370.94, 0.18651,1745387138485,True
1745387148487, BTCUSDT, 3546919996, 93370.94, 0.18246,1745387148486,True
1745387156635, BTCUSDT, 3546920011, 93370.94, 0.68769,1745387156634,True
1745387160547, BTCUSDT, 3546920038, 93376.0, 0.29776,1745387160546,False
1745387162495, BTCUSDT, 3546920041, 93375.99, 0.20254,1745387162495,True
1745387163209, BTCUSDT, 3546920043, 93375.99, 0.17476,1745387163208,True
1745387163209, BTCUSDT, 3546920045, 93374.93, 0.46688,1745387163208,True
1745387163209, BTCUSDT, 3546920046, 93374.93, 0.1716,1745387163208,True
1745387163251, BTCUSDT, 3546920053, 93370.94, 0.2182,1745387163250,True
1745387164680, BTCUSDT, 3546920105, 93356.0, 0.22273,1745387164679,True
1745387172910, BTCUSDT, 3546920173, 93344.97, 0.20003,1745387172905,True
1745387173218, BTCUSDT, 3546920207, 93333.33, 0.53748,1745387173217,True
1745387173517, BTCUSDT, 3546920225, 93329.6, 0.26896,1745387173516,True
1745387173517, BTCUSDT, 3546920229, 93329.5, 0.3768,1745387173516,True
1745387178227, BTCUSDT, 3546920295, 93313.79, 0.16431,1745387178226,True
1745387182488, BTCUSDT, 3546920349, 93304.34, 0.20259,1745387182487,True
1745387188065, BTCUSDT, 3546920377, 93304.35, 0.2184,1745387188065,False
1745387188595, BTCUSDT, 3546920455, 93333.2, 0.27088,1745387188595,False
1745387190973, BTCUSDT, 3546920462, 93333.19, 0.2,1745387190972,True
1745387191697, BTCUSDT, 3546920465, 93333.19, 0.20751,1745387191697,True
1745387196441, BTCUSDT, 3546920492, 93331.83, 0.2184,1745387196441,True
1745387199945, BTCUSDT, 3546920511, 93329.6, 0.21925,1745387199945,True
1745387229471, BTCUSDT, 3546920659, 93349.99, 0.20308,1745387229471,True
1745387240511, BTCUSDT, 3546920699, 93350.0, 0.28077,1745387240511,False
1745387240512, BTCUSDT, 3546920700, 93350.0, 0.45121,1745387240511,False
1745387240512, BTCUSDT, 3546920702, 93350.0, 0.30503,1745387240512,False
1745387247497, BTCUSDT, 3546920823, 93380.95, 0.2,1745387247497,True
1745387251709, BTCUSDT, 3546920841, 93380.95, 0.41582,1745387251708,True
1745387252978, BTCUSDT, 3546920869, 93371.97, 0.21847,1745387252977,True
1745387253434, BTCUSDT, 3546920871, 93371.97, 0.25121,1745387253429,True
1745387253484, BTCUSDT, 3546920910, 93360.78, 0.21631,1745387253450,True
1745387253485, BTCUSDT, 3546920916, 93360.78, 0.21503,1745387253451,True
1745387253674, BTCUSDT, 3546920943, 93356.04, 0.25107,1745387253561,True
1745387263955, BTCUSDT, 3546921009, 93350.0, 0.9838,1745387263954,True
1745387272873, BTCUSDT, 3546921025, 93350.01, 0.3777,1745387272872,False
1745387275419, BTCUSDT, 3546921055, 93357.95, 0.46893,1745387275419,False
1745387276709, BTCUSDT, 3546921102, 93376.03, 0.56719,1745387276708,True
1745387333660, BTCUSDT, 3546921421, 93410.22, 0.31706,1745387333659,False
1745387333660, BTCUSDT, 3546921422, 93410.22, 0.31574,1745387333659,False
1745387333660, BTCUSDT, 3546921423, 93410.22, 1.13638,1745387333659,False
1745387333661, BTCUSDT, 3546921425, 93410.22, 0.18412,1745387333659,False
1745387333662, BTCUSDT, 3546921444, 93415.04, 0.41119,1745387333660,False
1745387333662, BTCUSDT, 3546921445, 93415.04, 0.29509,1745387333660,False
1745387333668, BTCUSDT, 3546921485, 93428.58, 0.26234,1745387333662,False
1745387333672, BTCUSDT, 3546921514, 93436.64, 0.495,1745387333663,False
1745387333672, BTCUSDT, 3546921519, 93437.51, 1.25818,1745387333663,False
1745387333672, BTCUSDT, 3546921524, 93438.74, 0.8036,1745387333663,False
1745387333672, BTCUSDT, 3546921540, 93442.63, 0.30426,1745387333663,False
1745387333672, BTCUSDT, 3546921541, 93442.91, 0.17727,1745387333663,False
1745387333674, BTCUSDT, 3546921543, 93442.91, 1.66577,1745387333664,False
1745387333674, BTCUSDT, 3546921544, 93442.92, 0.1742,1745387333664,False
1745387333674, BTCUSDT, 3546921545, 93442.92, 0.6294,1745387333664,False
1745387333674, BTCUSDT, 3546921548, 93443.63, 0.8036,1745387333664,False
1745387333705, BTCUSDT, 3546921580, 93449.79, 0.28125,1745387333677,False
1745387333823, BTCUSDT, 3546921629, 93468.15, 0.31811,1745387333730,False
1745387333916, BTCUSDT, 3546921675, 93488.89, 0.495,1745387333788,False
1745387333916, BTCUSDT, 3546921678, 93490.41, 0.70565,1745387333788,False
1745387334089, BTCUSDT, 3546921716, 93498.21, 0.17,1745387333951,True
1745387334227, BTCUSDT, 3546921731, 93494.71, 0.34567,1745387334138,True
1745387334227, BTCUSDT, 3546921732, 93494.71, 0.34567,1745387334138,True
1745387334227, BTCUSDT, 3546921733, 93494.71, 0.34567,1745387334138,True
1745387334228, BTCUSDT, 3546921734, 93494.71, 0.34567,1745387334138,True
1745387334234, BTCUSDT, 3546921741, 93494.69, 0.53529,1745387334146,True
1745387334234, BTCUSDT, 3546921744, 93490.39, 0.21413,1745387334146,True
1745387334283, BTCUSDT, 3546921760, 93488.07, 0.21625,1745387334226,True
1745387334292, BTCUSDT, 3546921776, 93481.72, 0.18562,1745387334236,True
1745387334292, BTCUSDT, 3546921780, 93478.36, 0.68448,1745387334236,True
1745387334292, BTCUSDT, 3546921781, 93478.22, 0.19975,1745387334236,True
1745387334292, BTCUSDT, 3546921787, 93475.25, 0.66841,1745387334236,True
1745387334361, BTCUSDT, 3546921797, 93474.56, 0.24993,1745387334337,True
1745387334361, BTCUSDT, 3546921798, 93474.48, 0.20934,1745387334337,True
1745387337876, BTCUSDT, 3546921906, 93473.74, 0.19128,1745387337875,False
1745387345092, BTCUSDT, 3546922004, 93473.73, 0.25062,1745387345091,True
1745387389718, BTCUSDT, 3546922251, 93481.7, 5.64472,1745387389717,False
1745387389718, BTCUSDT, 3546922267, 93485.05, 0.21291,1745387389717,False
1745387389718, BTCUSDT, 3546922273, 93487.69, 0.70567,1745387389717,False
1745387389718, BTCUSDT, 3546922279, 93490.39, 0.38061,1745387389717,False
1745387389718, BTCUSDT, 3546922281, 93490.75, 0.42826,1745387389717,False
1745387389718, BTCUSDT, 3546922283, 93491.05, 0.27446,1745387389717,False
1745387391743, BTCUSDT, 3546922291, 93484.15, 0.32386,1745387391743,True
1745387402109, BTCUSDT, 3546922339, 93484.16, 0.17347,1745387402109,False
1745387407112, BTCUSDT, 3546922365, 93484.15, 0.36444,1745387407109,True
1745387407160, BTCUSDT, 3546922375, 93481.69, 0.41102,1745387407160,True
1745387408178, BTCUSDT, 3546922439, 93464.94, 0.19354,1745387408178,False
1745387410044, BTCUSDT, 3546922448, 93464.93, 0.17526,1745387410043,True
1745387411858, BTCUSDT, 3546922454, 93464.94, 2.0,1745387411858,False
1745387420418, BTCUSDT, 3546922474, 93464.94, 0.31196,1745387420417,False
1745387432515, BTCUSDT, 3546922516, 93464.94, 0.35036,1745387432515,False
1745387435472, BTCUSDT, 3546922532, 93464.94, 0.24315,1745387435471,False
1745387439774, BTCUSDT, 3546922581, 93458.27, 1.34123,1745387439774,False
1745387447875, BTCUSDT, 3546922603, 93458.27, 0.26545,1745387447873,False
1745387447876, BTCUSDT, 3546922607, 93458.27, 0.63591,1745387447874,False
1745387447876, BTCUSDT, 3546922621, 93461.84, 0.706,1745387447874,False
1745387447878, BTCUSDT, 3546922634, 93466.27, 0.99946,1745387447875,False
1745387458926, BTCUSDT, 3546922750, 93492.31, 0.226,1745387458924,True
1745387458926, BTCUSDT, 3546922751, 93492.31, 0.32385,1745387458924,True
1745387458926, BTCUSDT, 3546922752, 93492.31, 0.32343,1745387458924,True
1745387458926, BTCUSDT, 3546922753, 93492.31, 0.88457,1745387458924,True
1745387458926, BTCUSDT, 3546922754, 93492.31, 0.60278,1745387458924,True
1745387458927, BTCUSDT, 3546922755, 93492.31, 0.57046,1745387458924,True
1745387458927, BTCUSDT, 3546922759, 93491.87, 0.41447,1745387458924,True
1745387458927, BTCUSDT, 3546922760, 93491.87, 0.50133,1745387458924,True
1745387458928, BTCUSDT, 3546922766, 93491.87, 0.4075,1745387458925,True
1745387459863, BTCUSDT, 3546922840, 93481.57, 2.22615,1745387459862,False
1745387459866, BTCUSDT, 3546922873, 93491.94, 0.32091,1745387459863,False
1745387459866, BTCUSDT, 3546922876, 93493.42, 0.7057,1745387459863,False
1745387459866, BTCUSDT, 3546922882, 93494.42, 0.57182,1745387459863,False
1745387459867, BTCUSDT, 3546922884, 93494.42, 0.22545,1745387459863,False
1745387459867, BTCUSDT, 3546922888, 93495.67, 0.80227,1745387459863,False
1745387459869, BTCUSDT, 3546922900, 93499.99, 0.19265,1745387459864,False
1745387459869, BTCUSDT, 3546922901, 93500.0, 0.19782,1745387459864,False
1745387459869, BTCUSDT, 3546922905, 93500.48, 0.80227,1745387459864,False
1745387459869, BTCUSDT, 3546922911, 93501.29, 0.80227,1745387459864,False
1745387459869, BTCUSDT, 3546922919, 93502.85, 0.29235,1745387459864,False
1745387459869, BTCUSDT, 3546922920, 93502.86, 0.495,1745387459864,False
1745387459869, BTCUSDT, 3546922924, 93503.87, 0.42788,1745387459864,False
1745387459873, BTCUSDT, 3546922942, 93509.22, 0.80227,1745387459865,False
1745387459873, BTCUSDT, 3546922963, 93513.09, 1.13674,1745387459865,False
1745387459875, BTCUSDT, 3546922968, 93514.42, 0.31074,1745387459866,False
1745387459875, BTCUSDT, 3546922969, 93514.45, 0.30678,1745387459866,False
1745387459875, BTCUSDT, 3546922971, 93514.94, 0.60211,1745387459866,False
1745387459875, BTCUSDT, 3546922992, 93519.74, 0.45934,1745387459866,False
1745387459888, BTCUSDT, 3546923008, 93522.09, 0.26652,1745387459872,False
1745387460001, BTCUSDT, 3546923037, 93523.81, 0.17454,1745387459965,False
1745387460093, BTCUSDT, 3546923067, 93531.48, 0.73906,1745387460073,False
1745387460093, BTCUSDT, 3546923068, 93531.48, 0.53769,1745387460074,False
1745387460139, BTCUSDT, 3546923104, 93540.84, 0.20088,1745387460132,False
1745387464034, BTCUSDT, 3546923134, 93540.83, 0.1705,1745387464022,True
1745387464037, BTCUSDT, 3546923135, 93540.83, 0.22606,1745387464025,True
1745387464287, BTCUSDT, 3546923138, 93540.83, 0.17238,1745387464286,True
1745387464289, BTCUSDT, 3546923142, 93540.83, 0.1619,1745387464289,True
1745387464472, BTCUSDT, 3546923151, 93538.35, 0.43845,1745387464471,True
1745387472533, BTCUSDT, 3546923242, 93514.11, 0.31164,1745387472533,True
1745387477374, BTCUSDT, 3546923263, 93514.12, 0.2184,1745387477373,False
1745387477374, BTCUSDT, 3546923264, 93514.12, 0.24579,1745387477373,False
1745387491529, BTCUSDT, 3546923370, 93514.11, 0.1819,1745387491529,True
1745387491529, BTCUSDT, 3546923371, 93514.11, 0.22604,1745387491529,True
1745387491530, BTCUSDT, 3546923374, 93514.11, 0.4301,1745387491529,True
1745387491530, BTCUSDT, 3546923384, 93512.82, 0.18908,1745387491530,True
1745387491757, BTCUSDT, 3546923431, 93500.27, 1.11141,1745387491756,False
1745387491758, BTCUSDT, 3546923432, 93500.27, 0.26299,1745387491756,False
1745387491758, BTCUSDT, 3546923433, 93500.27, 0.55836,1745387491756,False
1745387491758, BTCUSDT, 3546923434, 93500.27, 0.32812,1745387491756,False
1745387491758, BTCUSDT, 3546923462, 93507.29, 0.7056,1745387491756,False
1745387491758, BTCUSDT, 3546923463, 93507.35, 0.24857,1745387491756,False
1745387491767, BTCUSDT, 3546923497, 93523.77, 0.27908,1745387491760,False
1745387502084, BTCUSDT, 3546923611, 93544.68, 0.3,1745387502083,False
1745387504487, BTCUSDT, 3546923625, 93544.68, 0.2,1745387504487,False
1745387541385, BTCUSDT, 3546923784, 93544.67, 0.3336,1745387541381,True
1745387541387, BTCUSDT, 3546923788, 93544.67, 0.25522,1745387541381,True
1745387541441, BTCUSDT, 3546923821, 93535.19, 0.19113,1745387541431,True
1745387543523, BTCUSDT, 3546923840, 93530.87, 0.20331,1745387543522,True
1745387551254, BTCUSDT, 3546923940, 93538.02, 0.16098,1745387551254,False
1745387569399, BTCUSDT, 3546924032, 93532.72, 0.2563,1745387569399,False
1745387598758, BTCUSDT, 3546924167, 93532.72, 0.26728,1745387598757,False
1745387615603, BTCUSDT, 3546924247, 93532.71, 0.26573,1745387615602,True
1745387617703, BTCUSDT, 3546924285, 93523.8, 0.16588,1745387617703,True
1745387632300, BTCUSDT, 3546924333, 93523.81, 3.6116,1745387632299,False
1745387634509, BTCUSDT, 3546924342, 93523.81, 0.1638,1745387634509,False
1745387636670, BTCUSDT, 3546924397, 93542.07, 0.20351,1745387636670,False
1745387638934, BTCUSDT, 3546924436, 93550.0, 0.20318,1745387638933,False
1745387638936, BTCUSDT, 3546924439, 93550.0, 0.18533,1745387638935,False
1745387638937, BTCUSDT, 3546924440, 93550.0, 0.38203,1745387638936,False
1745387639034, BTCUSDT, 3546924452, 93554.03, 0.1619,1745387639033,False
1745387642238, BTCUSDT, 3546924504, 93564.08, 0.17052,1745387642237,True
1745387642238, BTCUSDT, 3546924505, 93564.07, 0.70541,1745387642237,True
1745387642546, BTCUSDT, 3546924551, 93548.09, 0.23652,1745387642545,True
1745387644352, BTCUSDT, 3546924572, 93543.74, 0.9433,1745387644352,False
1745387644353, BTCUSDT, 3546924574, 93543.74, 0.47334,1745387644352,False
1745387644692, BTCUSDT, 3546924593, 93554.76, 0.21439,1745387644692,False
1745387647584, BTCUSDT, 3546924637, 93550.0, 3.00489,1745387647584,False
1745387648190, BTCUSDT, 3546924640, 93549.99, 4.46199,1745387648190,True
1745387648190, BTCUSDT, 3546924643, 93549.7, 0.24118,1745387648190,True
1745387648190, BTCUSDT, 3546924646, 93548.0, 0.26963,1745387648190,True
1745387652140, BTCUSDT, 3546924664, 93547.99, 0.23983,1745387652139,True
1745387652140, BTCUSDT, 3546924680, 93542.29, 0.23202,1745387652139,True
1745387652140, BTCUSDT, 3546924687, 93540.04, 0.39392,1745387652139,True
1745387652443, BTCUSDT, 3546924691, 93540.03, 0.17379,1745387652442,True
1745387655832, BTCUSDT, 3546924735, 93525.6, 3.80063,1745387655832,True
1745387666537, BTCUSDT, 3546924798, 93524.51, 1.2546,1745387666537,True
1745387694572, BTCUSDT, 3546924923, 93524.51, 2.0149,1745387694571,True
1745387694572, BTCUSDT, 3546924941, 93521.26, 0.1724,1745387694571,True
1745387702685, BTCUSDT, 3546925011, 93510.0, 0.34753,1745387702684,True
1745387738623, BTCUSDT, 3546925150, 93493.86, 1.06551,1745387738622,True
1745387738623, BTCUSDT, 3546925151, 93493.86, 0.21277,1745387738622,True
1745387738627, BTCUSDT, 3546925166, 93491.48, 0.18867,1745387738626,True
1745387739417, BTCUSDT, 3546925195, 93483.06, 0.50051,1745387739416,False
1745387743195, BTCUSDT, 3546925216, 93480.0, 0.62012,1745387743195,True
1745387745813, BTCUSDT, 3546925225, 93480.01, 0.16136,1745387745812,False
1745387745848, BTCUSDT, 3546925240, 93481.87, 0.16589,1745387745847,True
1745387774080, BTCUSDT, 3546925336, 93483.06, 1.06971,1745387774080,False
1745387774679, BTCUSDT, 3546925337, 93483.06, 0.49499,1745387774679,False
1745387785113, BTCUSDT, 3546925389, 93483.05, 0.2184,1745387785113,True
1745387785117, BTCUSDT, 3546925392, 93483.05, 0.33276,1745387785116,True
1745387786456, BTCUSDT, 3546925413, 93478.27, 0.19238,1745387786455,False
1745387786563, BTCUSDT, 3546925414, 93478.27, 0.2184,1745387786562,False
1745387794485, BTCUSDT, 3546925450, 93483.05, 0.16836,1745387794485,True
1745387800748, BTCUSDT, 3546925468, 93483.05, 0.27232,1745387800748,True
1745387824020, BTCUSDT, 3546925539, 93483.06, 0.59931,1745387824020,False
1745387824021, BTCUSDT, 3546925544, 93483.06, 0.26811,1745387824020,False
1745387824022, BTCUSDT, 3546925547, 93483.06, 0.22068,1745387824021,False
1745387824040, BTCUSDT, 3546925594, 93495.5, 0.46261,1745387824031,False
1745387824127, BTCUSDT, 3546925641, 93510.68, 0.31917,1745387824110,False
1745387825634, BTCUSDT, 3546925662, 93510.68, 1.83635,1745387825633,True
1745387825638, BTCUSDT, 3546925664, 93510.68, 0.182,1745387825636,True
1745387825639, BTCUSDT, 3546925665, 93510.68, 0.27772,1745387825637,True
1745387825640, BTCUSDT, 3546925666, 93510.68, 0.27772,1745387825637,True
1745387825641, BTCUSDT, 3546925668, 93510.68, 0.6221,1745387825638,True
1745387825641, BTCUSDT, 3546925669, 93510.68, 0.2094,1745387825638,True
1745387828430, BTCUSDT, 3546925691, 93506.0, 1.38573,1745387828429,False
1745387828432, BTCUSDT, 3546925696, 93506.0, 0.24618,1745387828430,False
1745387834892, BTCUSDT, 3546925757, 93521.73, 0.51907,1745387834891,True
1745387839669, BTCUSDT, 3546925809, 93507.77, 0.27867,1745387839668,True
1745387840151, BTCUSDT, 3546925818, 93505.99, 0.26296,1745387840150,True
1745387840800, BTCUSDT, 3546925839, 93498.01, 0.51001,1745387840799,True
1745387843189, BTCUSDT, 3546925847, 93498.01, 0.17609,1745387843188,True
1745387843215, BTCUSDT, 3546925865, 93488.48, 0.19734,1745387843213,False
1745387846145, BTCUSDT, 3546925906, 93481.46, 0.29167,1745387846145,False
1745387850240, BTCUSDT, 3546925942, 93478.66, 0.42654,1745387850239,False
1745387850240, BTCUSDT, 3546925944, 93478.66, 0.4191,1745387850239,False
1745387850241, BTCUSDT, 3546925946, 93478.66, 0.28676,1745387850240,False
1745387850490, BTCUSDT, 3546925989, 93494.82, 0.23964,1745387850489,False
1745387854586, BTCUSDT, 3546926043, 93508.89, 3.46766,1745387854585,True
1745387861974, BTCUSDT, 3546926070, 93508.89, 1.30881,1745387861973,True
1745387863316, BTCUSDT, 3546926083, 93507.65, 0.1972,1745387863315,True
1745387863384, BTCUSDT, 3546926108, 93496.83, 0.48462,1745387863383,False
1745387893483, BTCUSDT, 3546926205, 93502.0, 0.18727,1745387893482,False
1745387898483, BTCUSDT, 3546926219, 93502.0, 0.18028,1745387898482,False
1745387902406, BTCUSDT, 3546926232, 93501.99, 0.1682,1745387902405,True
1745387902406, BTCUSDT, 3546926238, 93500.22, 0.25024,1745387902405,True
1745387902406, BTCUSDT, 3546926240, 93500.01, 0.70589,1745387902405,True
1745387902409, BTCUSDT, 3546926242, 93499.99, 0.25058,1745387902409,True
1745387907828, BTCUSDT, 3546926315, 93485.77, 0.49951,1745387907827,True
1745387918483, BTCUSDT, 3546926356, 93485.78, 0.17352,1745387918482,False
1745387920997, BTCUSDT, 3546926367, 93485.77, 0.66753,1745387920991,True
1745387920999, BTCUSDT, 3546926369, 93485.77, 1.30979,1745387920992,True
1745387921005, BTCUSDT, 3546926378, 93484.74, 0.56292,1745387920995,True
1745387927118, BTCUSDT, 3546926417, 93480.69, 5.31132,1745387927116,True
1745387927118, BTCUSDT, 3546926432, 93478.27, 0.52173,1745387927116,True
1745387927118, BTCUSDT, 3546926437, 93478.11, 0.70588,1745387927116,True
1745387927118, BTCUSDT, 3546926460, 93474.89, 0.53529,1745387927116,True
1745387927118, BTCUSDT, 3546926461, 93474.88, 0.25,1745387927116,True
1745387927118, BTCUSDT, 3546926492, 93468.92, 0.63729,1745387927116,True
1745387927118, BTCUSDT, 3546926493, 93468.91, 0.495,1745387927116,True
1745387927118, BTCUSDT, 3546926506, 93466.06, 0.21413,1745387927116,True
1745387927118, BTCUSDT, 3546926513, 93465.45, 1.0,1745387927116,True
1745387927118, BTCUSDT, 3546926519, 93464.57, 2.23102,1745387927116,True
1745387927118, BTCUSDT, 3546926520, 93464.56, 1.71601,1745387927116,True
1745387927118, BTCUSDT, 3546926521, 93464.53, 0.32082,1745387927116,True
1745387927118, BTCUSDT, 3546926531, 93462.65, 0.80205,1745387927116,True
1745387927118, BTCUSDT, 3546926536, 93460.94, 0.21413,1745387927116,True
1745387927118, BTCUSDT, 3546926537, 93460.93, 0.74942,1745387927116,True
1745387927118, BTCUSDT, 3546926538, 93460.92, 0.80205,1745387927116,True
1745387927118, BTCUSDT, 3546926539, 93460.91, 0.80205,1745387927116,True
1745387927118, BTCUSDT, 3546926544, 93459.81, 2.18015,1745387927116,True
1745387927118, BTCUSDT, 3546926545, 93459.8, 1.47595,1745387927116,True
1745387927118, BTCUSDT, 3546926547, 93459.25, 1.5,1745387927116,True
1745387927118, BTCUSDT, 3546926551, 93458.26, 0.4976,1745387927116,True
1745387927118, BTCUSDT, 3546926561, 93457.12, 0.42776,1745387927116,True
1745387927118, BTCUSDT, 3546926562, 93457.06, 0.26735,1745387927116,True
1745387927118, BTCUSDT, 3546926564, 93456.7, 0.29459,1745387927116,True
1745387927118, BTCUSDT, 3546926567, 93456.15, 1.3493,1745387927116,True
1745387940381, BTCUSDT, 3546926641, 93458.36, 0.53329,1745387940380,True
1745387943636, BTCUSDT, 3546926655, 93458.37, 0.20257,1745387943635,False
1745387943817, BTCUSDT, 3546926702, 93481.28, 0.19823,1745387943816,False
1745387948039, BTCUSDT, 3546926717, 93481.45, 0.30639,1745387948039,False
1745387957848, BTCUSDT, 3546926754, 93481.44, 0.90603,1745387957846,True
1745387957848, BTCUSDT, 3546926757, 93481.35, 0.70603,1745387957846,True
1745387964466, BTCUSDT, 3546926791, 93478.42, 0.30608,1745387964465,True
1745387975886, BTCUSDT, 3546926820, 93478.43, 0.25754,1745387975885,False
1745387980566, BTCUSDT, 3546926839, 93478.42, 0.24485,1745387980566,True
1745387998799, BTCUSDT, 3546926873, 93478.42, 0.495,1745387998798,True
1745388021078, BTCUSDT, 3546926975, 93485.77, 0.41156,1745388021076,True
1745388022501, BTCUSDT, 3546927002, 93478.43, 0.3585,1745388022501,False
1745388034753, BTCUSDT, 3546927055, 93478.42, 0.2,1745388034752,True
1745388034753, BTCUSDT, 3546927056, 93478.42, 0.17697,1745388034752,True
1745388034753, BTCUSDT, 3546927057, 93478.42, 0.27944,1745388034752,True
1745388061756, BTCUSDT, 3546927208, 93465.1, 0.32099,1745388061755,False
1745388065921, BTCUSDT, 3546927222, 93465.09, 1.20743,1745388065920,True
1745388068193, BTCUSDT, 3546927320, 93440.0, 0.62431,1745388068192,True
1745388068193, BTCUSDT, 3546927328, 93438.07, 0.70636,1745388068192,True
1745388068193, BTCUSDT, 3546927343, 93434.78, 0.24495,1745388068192,True
1745388068193, BTCUSDT, 3546927356, 93429.09, 0.30005,1745388068192,True
1745388068193, BTCUSDT, 3546927357, 93429.08, 0.25,1745388068192,True
1745388068193, BTCUSDT, 3546927359, 93428.9, 0.4128,1745388068192,True
1745388070231, BTCUSDT, 3546927368, 93428.91, 0.26379,1745388070230,False
1745388083463, BTCUSDT, 3546927438, 93433.85, 0.24881,1745388083462,False
1745388084970, TAOUSDT, 33853857, 334.0, 53.3518,1745388084969,False
1745388088541, BTCUSDT, 3546927472, 93441.0, 0.18062,1745388088539,False
1745388093031, BTCUSDT, 3546927556, 93453.94, 0.24267,1745388093031,True
1745388093394, BTCUSDT, 3546927580, 93442.21, 0.5,1745388093393,True
1745388115143, BTCUSDT, 3546927725, 93428.42, 0.25006,1745388115142,True
1745388115487, BTCUSDT, 3546927749, 93421.78, 0.18518,1745388115483,True
1745388117985, BTCUSDT, 3546927773, 93420.01, 0.19805,1745388117984,False
1745388134687, BTCUSDT, 3546927849, 93428.91, 0.43937,1745388134686,True
1745388141403, BTCUSDT, 3546927906, 93420.01, 0.2029,1745388141403,False
1745388141751, BTCUSDT, 3546927922, 93427.7, 1.52529,1745388141750,False
1745388142532, BTCUSDT, 3546927970, 93440.82, 0.23096,1745388142532,False
1745388143349, BTCUSDT, 3546927975, 93440.81, 0.41173,1745388143349,True
1745388157356, BTCUSDT, 3546928042, 93440.82, 0.35997,1745388157356,False
1745388161395, BTCUSDT, 3546928062, 93440.82, 0.22582,1745388161395,False
1745388161395, BTCUSDT, 3546928063, 93440.82, 0.51341,1745388161395,False
1745388161453, BTCUSDT, 3546928095, 93450.0, 0.3518,1745388161452,False
1745388182609, BTCUSDT, 3546928215, 93476.08, 0.31303,1745388182609,False
1745388185670, BTCUSDT, 3546928299, 93491.04, 1.2,1745388185669,True
1745388202507, BTCUSDT, 3546928407, 93494.18, 0.16941,1745388202507,False
1745388205159, BTCUSDT, 3546928411, 93494.18, 0.38696,1745388205159,False
1745388208110, BTCUSDT, 3546928455, 93500.0, 0.44062,1745388208110,False
1745388231287, BTCUSDT, 3546928615, 93516.03, 0.19054,1745388231286,True
1745388234812, BTCUSDT, 3546928676, 93507.52, 1.14618,1745388234812,False
1745388236073, BTCUSDT, 3546928680, 93507.51, 2.04708,1745388236072,True
1745388236073, BTCUSDT, 3546928686, 93507.4, 0.25006,1745388236072,True
1745388236073, BTCUSDT, 3546928690, 93506.77, 0.17331,1745388236072,True
1745388236073, BTCUSDT, 3546928699, 93502.02, 0.31916,1745388236072,True
1745388236537, BTCUSDT, 3546928701, 93502.03, 11.37298,1745388236535,False
1745388236537, BTCUSDT, 3546928711, 93507.48, 0.86456,1745388236535,False
1745388236537, BTCUSDT, 3546928713, 93507.52, 1.50288,1745388236535,False
1745388236537, BTCUSDT, 3546928721, 93510.52, 0.70557,1745388236535,False
1745388236537, BTCUSDT, 3546928723, 93511.26, 0.42826,1745388236535,False
1745388236537, BTCUSDT, 3546928727, 93512.62, 1.61831,1745388236535,False
1745388236537, BTCUSDT, 3546928728, 93512.77, 0.80232,1745388236535,False
1745388236537, BTCUSDT, 3546928734, 93515.9, 2.67956,1745388236535,False
1745388236537, BTCUSDT, 3546928735, 93516.0, 0.2712,1745388236535,False
1745388236537, BTCUSDT, 3546928736, 93516.04, 0.69754,1745388236535,False
1745388236537, BTCUSDT, 3546928739, 93516.84, 0.48893,1745388236535,False
1745388236537, BTCUSDT, 3546928740, 93516.85, 0.80232,1745388236535,False
1745388236537, BTCUSDT, 3546928752, 93518.48, 0.80232,1745388236535,False
1745388236537, BTCUSDT, 3546928757, 93520.71, 0.21413,1745388236535,False
1745388236537, BTCUSDT, 3546928759, 93520.77, 0.21413,1745388236535,False
1745388236537, BTCUSDT, 3546928767, 93521.55, 0.71705,1745388236535,False
1745388236537, BTCUSDT, 3546928785, 93524.4, 1.5,1745388236535,False
1745388236537, BTCUSDT, 3546928788, 93524.67, 0.21413,1745388236535,False
1745388236537, BTCUSDT, 3546928789, 93524.73, 0.21413,1745388236535,False
1745388236537, BTCUSDT, 3546928796, 93526.34, 1.10586,1745388236535,False
1745388236537, BTCUSDT, 3546928797, 93526.35, 0.2831,1745388236535,False
1745388241343, BTCUSDT, 3546928817, 93526.1, 2.0,1745388241342,True
1745388254001, BTCUSDT, 3546928843, 93526.1, 0.65696,1745388254001,True
1745388254005, BTCUSDT, 3546928871, 93521.71, 0.16442,1745388254002,True
1745388254005, BTCUSDT, 3546928875, 93521.71, 0.17558,1745388254003,True
1745388254008, BTCUSDT, 3546928883, 93518.98, 0.59488,1745388254004,True
1745388254039, BTCUSDT, 3546928888, 93516.75, 0.16668,1745388254029,True
1745388260186, BTCUSDT, 3546928950, 93504.52, 0.32332,1745388260185,False
1745388260241, BTCUSDT, 3546928951, 93504.52, 0.88691,1745388260240,False
1745388260241, BTCUSDT, 3546928952, 93504.52, 0.68532,1745388260240,False
1745388260241, BTCUSDT, 3546928953, 93504.52, 0.17342,1745388260240,False
1745388260242, BTCUSDT, 3546928954, 93504.52, 0.42123,1745388260240,False
1745388260243, BTCUSDT, 3546928972, 93510.87, 0.70563,1745388260241,False
1745388260243, BTCUSDT, 3546928982, 93516.04, 0.2523,1745388260241,False
1745388260252, BTCUSDT, 3546929041, 93531.18, 0.33574,1745388260245,False
1745388260252, BTCUSDT, 3546929045, 93531.8, 0.80232,1745388260245,False
1745388260273, BTCUSDT, 3546929066, 93534.26, 0.32,1745388260255,False
1745388262555, BTCUSDT, 3546929115, 93540.43, 0.60343,1745388262554,False
1745388264963, BTCUSDT, 3546929173, 93559.34, 0.39653,1745388264962,False
1745388265250, BTCUSDT, 3546929175, 93559.34, 0.31992,1745388265249,False
1745388266141, BTCUSDT, 3546929222, 93571.43, 0.56395,1745388266140,False
1745388269446, BTCUSDT, 3546929241, 93571.42, 4.22726,1745388269445,True
1745388269515, BTCUSDT, 3546929247, 93571.42, 0.20016,1745388269514,True
1745388269818, BTCUSDT, 3546929256, 93569.58, 0.31419,1745388269817,True
1745388271319, BTCUSDT, 3546929269, 93562.79, 1.15797,1745388271318,True
1745388271319, BTCUSDT, 3546929284, 93559.33, 0.19165,1745388271318,True
1745388271319, BTCUSDT, 3546929288, 93557.93, 0.61344,1745388271318,True
1745388271319, BTCUSDT, 3546929289, 93557.92, 0.70527,1745388271318,True
1745388271319, BTCUSDT, 3546929293, 93556.11, 0.18023,1745388271318,True
1745388271319, BTCUSDT, 3546929295, 93555.98, 0.64107,1745388271318,True
1745388271319, BTCUSDT, 3546929301, 93553.55, 0.18636,1745388271318,True
1745388311848, BTCUSDT, 3546929615, 93547.22, 0.27272,1745388311847,True
1745388311849, BTCUSDT, 3546929616, 93547.22, 0.18024,1745388311849,True
1745388311851, BTCUSDT, 3546929617, 93547.22, 0.27098,1745388311851,True
1745388312558, BTCUSDT, 3546929643, 93539.26, 0.22278,1745388312557,True
1745388312722, BTCUSDT, 3546929659, 93533.41, 0.22878,1745388312721,False
1745388320073, BTCUSDT, 3546929701, 93533.41, 0.21381,1745388320073,False
1745388321644, BTCUSDT, 3546929707, 93533.41, 1.49702,1745388321644,False
1745388322534, BTCUSDT, 3546929712, 93533.41, 0.30393,1745388322534,False
1745388331081, BTCUSDT, 3546929734, 93533.41, 0.1638,1745388331080,False
1745388332645, BTCUSDT, 3546929765, 93540.85, 0.48418,1745388332645,False
1745388334825, BTCUSDT, 3546929777, 93540.85, 0.93316,1745388334824,False
1745388334825, BTCUSDT, 3546929786, 93544.7, 0.22464,1745388334824,False
1745388334825, BTCUSDT, 3546929799, 93547.83, 0.21419,1745388334824,False
1745388334825, BTCUSDT, 3546929804, 93549.64, 0.49898,1745388334824,False
1745388334825, BTCUSDT, 3546929807, 93550.19, 0.21419,1745388334824,False
1745388334825, BTCUSDT, 3546929808, 93550.21, 0.49506,1745388334824,False
1745388334825, BTCUSDT, 3546929812, 93551.88, 0.21413,1745388334824,False
1745388338583, BTCUSDT, 3546929833, 93552.8, 0.9821,1745388338583,True
1745388349752, BTCUSDT, 3546929993, 93583.21, 0.16028,1745388349751,False
1745388353094, BTCUSDT, 3546930006, 93583.2, 0.2184,1745388353090,True
1745388353162, BTCUSDT, 3546930007, 93583.2, 0.31728,1745388353155,True
1745388353176, BTCUSDT, 3546930027, 93576.26, 0.52242,1745388353165,True
1745388353305, BTCUSDT, 3546930045, 93571.42, 0.49346,1745388353304,True
1745388361851, BTCUSDT, 3546930101, 93568.21, 0.50502,1745388361851,False
1745388379232, BTCUSDT, 3546930175, 93571.3, 0.74761,1745388379232,False
1745388379234, BTCUSDT, 3546930176, 93571.3, 1.47624,1745388379233,False
1745388379234, BTCUSDT, 3546930190, 93575.75, 0.31342,1745388379233,False
1745388379235, BTCUSDT, 3546930191, 93575.75, 0.2,1745388379233,False
1745388379237, BTCUSDT, 3546930192, 93575.75, 0.19172,1745388379234,False
1745388382492, BTCUSDT, 3546930260, 93589.86, 0.21193,1745388382492,False
1745388383082, BTCUSDT, 3546930263, 93589.85, 0.9409,1745388383082,True
1745388393275, BTCUSDT, 3546930305, 93589.86, 1.8975,1745388393274,False
1745388397597, BTCUSDT, 3546930359, 93599.04, 0.24974,1745388397597,False
1745388410257, BTCUSDT, 3546930423, 93599.04, 0.24115,1745388410257,False
1745388410962, BTCUSDT, 3546930434, 93600.0, 1.11397,1745388410962,False
1745388410967, BTCUSDT, 3546930436, 93600.0, 0.30413,1745388410967,False
1745388410968, BTCUSDT, 3546930437, 93600.0, 0.65515,1745388410967,False
1745388411094, BTCUSDT, 3546930490, 93608.7, 0.19755,1745388411093,False
1745388420733, BTCUSDT, 3546930593, 93619.04, 1.57611,1745388420732,True
1745388433234, BTCUSDT, 3546930668, 93608.11, 0.87388,1745388433233,False
1745388433239, BTCUSDT, 3546930696, 93619.05, 0.32,1745388433235,False
1745388433268, BTCUSDT, 3546930699, 93619.05, 0.62062,1745388433258,False
1745388434143, BTCUSDT, 3546930709, 93619.05, 1.06815,1745388434142,False
1745388434145, BTCUSDT, 3546930710, 93619.05, 0.26449,1745388434145,False
1745388437091, BTCUSDT, 3546930726, 93615.78, 0.50712,1745388437090,True
1745388439160, BTCUSDT, 3546930765, 93607.99, 0.21562,1745388439159,True
1745388441800, BTCUSDT, 3546930802, 93600.31, 0.4756,1745388441799,True
1745388448163, BTCUSDT, 3546930865, 93619.04, 0.33334,1745388448162,False
1745388448164, BTCUSDT, 3546930886, 93623.54, 0.21278,1745388448163,False
1745388448164, BTCUSDT, 3546930912, 93628.41, 0.495,1745388448163,False
1745388448173, BTCUSDT, 3546930937, 93635.47, 0.36837,1745388448169,False
1745388451248, BTCUSDT, 3546931101, 93659.92, 0.48048,1745388451243,False
1745388451253, BTCUSDT, 3546931133, 93666.0, 0.36726,1745388451245,False
1745388451253, BTCUSDT, 3546931145, 93666.67, 0.29692,1745388451245,False
1745388451253, BTCUSDT, 3546931249, 93678.61, 0.2957,1745388451245,False
1745388451253, BTCUSDT, 3546931250, 93678.61, 0.1993,1745388451245,False
1745388459375, BTCUSDT, 3546931404, 93674.9, 0.24553,1745388459375,False
1745388460592, BTCUSDT, 3546931413, 93674.9, 0.41872,1745388460592,False
1745388460924, BTCUSDT, 3546931421, 93674.9, 0.2605,1745388460923,False
1745388465914, BTCUSDT, 3546931461, 93678.9, 0.49554,1745388465914,True
1745388468032, BTCUSDT, 3546931488, 93675.17, 0.31306,1745388468031,True
1745388468032, BTCUSDT, 3546931489, 93675.17, 0.39133,1745388468032,True
1745388468032, BTCUSDT, 3546931492, 93674.89, 0.32699,1745388468032,True
1745388468037, BTCUSDT, 3546931514, 93667.45, 0.25495,1745388468033,True
1745388468037, BTCUSDT, 3546931515, 93667.45, 0.38081,1745388468033,True
1745388470171, BTCUSDT, 3546931553, 93658.47, 0.25024,1745388470165,True
1745388470206, BTCUSDT, 3546931574, 93650.68, 0.1632,1745388470185,True
1745388470213, BTCUSDT, 3546931575, 93650.68, 0.24505,1745388470188,True
1745388471926, BTCUSDT, 3546931622, 93641.13, 0.19108,1745388471924,True
1745388475071, BTCUSDT, 3546931693, 93622.54, 0.5,1745388475071,False
1745388475117, BTCUSDT, 3546931694, 93622.54, 0.18003,1745388475116,False
1745388478616, BTCUSDT, 3546931754, 93605.68, 0.46024,1745388478615,True
1745388480723, BTCUSDT, 3546931794, 93600.0, 0.18601,1745388480723,True
1745388483012, BTCUSDT, 3546931820, 93600.01, 0.2002,1745388483012,False
1745388484401, BTCUSDT, 3546931831, 93600.01, 0.61661,1745388484400,False
1745388484458, BTCUSDT, 3546931833, 93600.02, 0.18148,1745388484456,False
1745388485501, BTCUSDT, 3546931872, 93610.64, 0.21141,1745388485500,False
1745388487150, BTCUSDT, 3546931922, 93628.46, 0.49952,1745388487150,False
1745388492769, BTCUSDT, 3546931940, 93628.46, 0.22595,1745388492768,False
1745388493483, BTCUSDT, 3546931988, 93643.12, 0.17187,1745388493483,False
1745388497399, BTCUSDT, 3546932044, 93642.01, 0.45753,1745388497398,True
1745388497563, BTCUSDT, 3546932063, 93640.0, 0.1712,1745388497546,False
1745388497791, BTCUSDT, 3546932071, 93644.48, 0.31609,1745388497790,True
1745388499971, BTCUSDT, 3546932080, 93644.49, 0.30236,1745388499970,False
1745388502529, BTCUSDT, 3546932107, 93652.87, 0.25635,1745388502529,False
1745388510000, BTCUSDT, 3546932177, 93647.63, 0.2,1745388509999,True
1745388510182, BTCUSDT, 3546932179, 93647.64, 1.0,1745388510181,False
1745388513120, BTCUSDT, 3546932191, 93647.63, 0.17984,1745388513120,True
1745388513483, BTCUSDT, 3546932195, 93647.64, 0.1918,1745388513483,False
1745388514572, BTCUSDT, 3546932200, 93647.63, 0.2,1745388514571,True
1745388518058, BTCUSDT, 3546932210, 93647.64, 0.1727,1745388518057,False
1745388518659, BTCUSDT, 3546932213, 93647.63, 0.2,1745388518658,True
1745388522418, BTCUSDT, 3546932235, 93647.63, 0.2,1745388522418,True
1745388526117, BTCUSDT, 3546932249, 93647.63, 0.2,1745388526117,True
1745388528409, BTCUSDT, 3546932259, 93647.63, 0.2,1745388528409,True
1745388528483, BTCUSDT, 3546932262, 93647.64, 0.19297,1745388528482,False
1745388530297, BTCUSDT, 3546932270, 93647.63, 0.2,1745388530296,True
1745388534046, BTCUSDT, 3546932291, 93647.63, 0.30205,1745388534046,True
1745388534464, BTCUSDT, 3546932293, 93647.64, 0.20448,1745388534449,False
1745388534464, BTCUSDT, 3546932294, 93647.64, 0.20448,1745388534449,False
1745388538204, BTCUSDT, 3546932316, 93647.65, 0.92072,1745388538204,False
1745388538205, BTCUSDT, 3546932317, 93647.65, 0.21738,1745388538204,False
1745388540216, BTCUSDT, 3546932337, 93652.16, 0.2,1745388540216,True
1745388544219, BTCUSDT, 3546932346, 93652.16, 0.2,1745388544218,True
1745388545552, BTCUSDT, 3546932356, 93652.16, 0.2535,1745388545552,True
1745388549222, BTCUSDT, 3546932368, 93652.16, 0.2,1745388549221,True
1745388553461, BTCUSDT, 3546932391, 93652.16, 0.2,1745388553460,True
1745388553482, BTCUSDT, 3546932392, 93652.17, 0.16342,1745388553482,False
1745388557091, BTCUSDT, 3546932409, 93652.16, 0.2,1745388557090,True
1745388558483, BTCUSDT, 3546932415, 93652.17, 0.20026,1745388558483,False
1745388560425, BTCUSDT, 3546932425, 93652.16, 0.2,1745388560424,True
1745388562534, BTCUSDT, 3546932432, 93652.17, 0.27855,1745388562534,False
1745388569944, BTCUSDT, 3546932465, 93654.99, 0.2,1745388569944,True
1745388573304, BTCUSDT, 3546932518, 93673.72, 0.2,1745388573304,True
1745388573483, BTCUSDT, 3546932519, 93673.73, 0.16258,1745388573482,False
1745388575292, BTCUSDT, 3546932528, 93673.73, 0.32026,1745388575292,False
1745388576193, BTCUSDT, 3546932538, 93675.99, 0.2,1745388576192,True
1745388577609, BTCUSDT, 3546932627, 93688.0, 0.2297,1745388577608,False
1745388577613, BTCUSDT, 3546932629, 93688.0, 0.1708,1745388577613,False
1745388577615, BTCUSDT, 3546932634, 93688.0, 0.30316,1745388577614,False
1745388577777, BTCUSDT, 3546932761, 93700.0, 1.61059,1745388577776,False
1745388577778, BTCUSDT, 3546932849, 93712.81, 0.21413,1745388577776,False
1745388577778, BTCUSDT, 3546932870, 93714.29, 0.22671,1745388577776,False
1745388577870, BTCUSDT, 3546932931, 93720.01, 0.32,1745388577869,False
1745388578068, BTCUSDT, 3546932936, 93720.01, 0.32,1745388578068,False
1745388579310, BTCUSDT, 3546932947, 93720.0, 0.2,1745388579309,True
1745388583609, BTCUSDT, 3546933034, 93724.64, 0.2,1745388583608,True
1745388585390, BTCUSDT, 3546933045, 93724.64, 0.44966,1745388585389,True
1745388585392, BTCUSDT, 3546933047, 93724.64, 0.17364,1745388585392,True
1745388587243, BTCUSDT, 3546933062, 93720.0, 0.2,1745388587242,True
1745388590529, BTCUSDT, 3546933077, 93720.01, 0.2,1745388590528,True
1745388593580, BTCUSDT, 3546933089, 93720.0, 0.2,1745388593580,True
1745388595018, BTCUSDT, 3546933095, 93720.0, 0.82318,1745388595017,True
1745388595018, BTCUSDT, 3546933100, 93719.5, 0.70406,1745388595017,True
1745388595019, BTCUSDT, 3546933107, 93717.0, 0.53141,1745388595018,True
1745388595055, BTCUSDT, 3546933136, 93709.36, 0.52227,1745388595043,True
1745388599380, BTCUSDT, 3546933189, 93696.84, 0.22054,1745388599379,True
1745388599382, BTCUSDT, 3546933191, 93696.84, 0.41082,1745388599381,True
1745388600366, BTCUSDT, 3546933229, 93685.23, 0.23286,1745388600366,True
1745388600368, BTCUSDT, 3546933231, 93685.23, 0.25167,1745388600368,True
1745388600368, BTCUSDT, 3546933232, 93685.23, 0.35598,1745388600368,True
1745388603552, BTCUSDT, 3546933302, 93667.59, 0.25128,1745388603551,True
1745388603663, BTCUSDT, 3546933324, 93656.73, 0.37354,1745388603662,True
1745388603825, BTCUSDT, 3546933339, 93652.17, 2.97926,1745388603825,False
1745388622424, BTCUSDT, 3546933524, 93693.33, 0.1682,1745388622424,False
1745388622567, BTCUSDT, 3546933525, 93693.33, 0.22969,1745388622567,False
1745388626207, BTCUSDT, 3546933548, 93694.59, 0.21,1745388626206,True
1745388633676, BTCUSDT, 3546933638, 93712.88, 0.19286,1745388633676,True
1745388633784, BTCUSDT, 3546933650, 93707.19, 0.18699,1745388633784,True
1745388634508, BTCUSDT, 3546933677, 93694.6, 0.19531,1745388634508,False
1745388635489, BTCUSDT, 3546933691, 93693.33, 0.21494,1745388635489,True
1745388637976, BTCUSDT, 3546933724, 93680.0, 0.3504,1745388637975,True
1745388643483, BTCUSDT, 3546933766, 93675.86, 0.16127,1745388643483,False
1745388644040, BTCUSDT, 3546933769, 93675.85, 0.25368,1745388644040,True
1745388649481, BTCUSDT, 3546933808, 93667.62, 0.21044,1745388649480,False
1745388658483, BTCUSDT, 3546933837, 93667.62, 0.1612,1745388658482,False
1745388661513, BTCUSDT, 3546933848, 93667.61, 0.20988,1745388661513,True
1745388663492, BTCUSDT, 3546933851, 93667.62, 0.1821,1745388663491,False
1745388663497, BTCUSDT, 3546933852, 93667.62, 0.19861,1745388663496,False
1745388666063, BTCUSDT, 3546933874, 93675.85, 0.30813,1745388666056,True
1745388666065, BTCUSDT, 3546933875, 93675.85, 0.62934,1745388666057,True
1745388666088, BTCUSDT, 3546933878, 93675.85, 0.37567,1745388666078,True
1745388672693, BTCUSDT, 3546933922, 93667.61, 0.2184,1745388672693,True
1745388672694, BTCUSDT, 3546933923, 93667.61, 0.63892,1745388672694,True
1745388672694, BTCUSDT, 3546933926, 93667.59, 0.26479,1745388672694,True
1745388672694, BTCUSDT, 3546933929, 93667.59, 1.87396,1745388672694,True
1745388672695, BTCUSDT, 3546933930, 93667.59, 0.642,1745388672694,True
1745388672695, BTCUSDT, 3546933932, 93667.59, 2.12453,1745388672694,True
1745388672695, BTCUSDT, 3546933933, 93667.53, 0.20697,1745388672694,True
1745388675880, BTCUSDT, 3546934011, 93648.01, 0.34597,1745388675880,False
1745388682510, BTCUSDT, 3546934031, 93648.01, 0.31472,1745388682510,False
1745388684696, BTCUSDT, 3546934036, 93648.0, 0.22157,1745388684695,True
1745388689281, BTCUSDT, 3546934046, 93648.01, 0.2184,1745388689281,False
1745388689281, BTCUSDT, 3546934047, 93648.01, 1.14665,1745388689281,False
1745388690412, BTCUSDT, 3546934067, 93652.18, 0.72146,1745388690411,False
1745388708322, BTCUSDT, 3546934197, 93673.61, 0.22275,1745388708321,False
1745388742549, BTCUSDT, 3546934419, 93695.66, 0.22652,1745388742549,False
1745388747291, BTCUSDT, 3546934486, 93711.39, 0.59224,1745388747290,False
1745388754448, BTCUSDT, 3546934520, 93714.28, 0.5567,1745388754448,True
1745388754449, BTCUSDT, 3546934521, 93714.28, 2.64884,1745388754448,True
1745388754449, BTCUSDT, 3546934522, 93714.28, 4.712,1745388754448,True
1745388754450, BTCUSDT, 3546934523, 93714.27, 0.81071,1745388754449,True
1745388754483, BTCUSDT, 3546934566, 93701.33, 0.2843,1745388754473,True
1745388754483, BTCUSDT, 3546934568, 93701.3, 0.29873,1745388754473,True
1745388754483, BTCUSDT, 3546934569, 93701.3, 0.17097,1745388754473,True
1745388754483, BTCUSDT, 3546934570, 93701.12, 0.18771,1745388754473,True
1745388777239, BTCUSDT, 3546934677, 93693.39, 0.17329,1745388777239,True
1745388779560, BTCUSDT, 3546934684, 93693.39, 5.31837,1745388779558,True
1745388779560, BTCUSDT, 3546934687, 93693.34, 0.34949,1745388779558,True
1745388779560, BTCUSDT, 3546934688, 93693.33, 0.70444,1745388779558,True
1745388779560, BTCUSDT, 3546934690, 93693.2, 0.20456,1745388779558,True
1745388779560, BTCUSDT, 3546934696, 93692.46, 0.19281,1745388779558,True
1745388779560, BTCUSDT, 3546934712, 93684.4, 0.18148,1745388779558,True
1745388779560, BTCUSDT, 3546934741, 93676.72, 1.02942,1745388779558,True
1745388779560, BTCUSDT, 3546934743, 93676.7, 0.22124,1745388779558,True
1745388796436, BTCUSDT, 3546934881, 93704.13, 1.0,1745388796435,True
1745388802555, BTCUSDT, 3546934928, 93714.29, 0.19733,1745388802554,False
1745388814495, BTCUSDT, 3546934962, 93714.28, 2.0,1745388814494,True
1745388829729, BTCUSDT, 3546935088, 93715.49, 0.2,1745388829729,True
1745388829805, BTCUSDT, 3546935089, 93715.5, 0.32558,1745388829804,False
1745388838997, BTCUSDT, 3546935142, 93724.5, 0.18827,1745388838993,False
1745388853998, BTCUSDT, 3546935247, 93729.44, 0.21539,1745388853991,False
1745388854390, BTCUSDT, 3546935418, 93748.72, 0.1702,1745388854386,False
1745388854395, BTCUSDT, 3546935431, 93750.0, 0.4824,1745388854388,False
1745388858193, BTCUSDT, 3546935626, 93760.89, 0.1747,1745388858182,True
1745388858197, BTCUSDT, 3546935628, 93760.89, 0.44413,1745388858184,True
1745388858197, BTCUSDT, 3546935645, 93752.98, 0.18818,1745388858184,True
1745388858298, BTCUSDT, 3546935647, 93752.98, 0.7071,1745388858257,True
1745388862502, BTCUSDT, 3546935703, 93747.44, 0.1948,1745388862501,False
1745388862780, BTCUSDT, 3546935704, 93747.44, 0.6988,1745388862780,False
1745388870488, BTCUSDT, 3546935728, 93747.44, 0.17421,1745388870487,False
1745388879343, BTCUSDT, 3546935780, 93758.79, 0.77728,1745388879337,True
1745388879478, BTCUSDT, 3546935809, 93747.89, 0.36769,1745388879477,True
1745388879480, BTCUSDT, 3546935814, 93747.28, 0.44137,1745388879479,True
1745388882033, BTCUSDT, 3546935885, 93732.96, 0.54508,1745388882033,False
1745388883538, BTCUSDT, 3546935892, 93732.96, 0.56474,1745388883538,False
1745388891409, BTCUSDT, 3546935922, 93732.96, 0.6661,1745388891409,False
1745388898206, BTCUSDT, 3546935945, 93732.95, 0.31986,1745388898205,True
1745388898212, BTCUSDT, 3546935956, 93729.43, 0.1873,1745388898211,True
1745388898213, BTCUSDT, 3546935957, 93729.43, 0.69662,1745388898211,True
1745388899572, BTCUSDT, 3546936000, 93720.0, 0.32783,1745388899572,True
1745388902566, BTCUSDT, 3546936009, 93720.01, 0.24266,1745388902565,False
1745388903180, BTCUSDT, 3546936011, 93720.0, 0.20604,1745388903178,True
1745388903180, BTCUSDT, 3546936012, 93720.0, 0.5885,1745388903178,True
1745388903180, BTCUSDT, 3546936013, 93720.0, 0.22406,1745388903179,True
1745388903181, BTCUSDT, 3546936016, 93719.13, 0.28512,1745388903179,True
1745388903186, BTCUSDT, 3546936017, 93719.13, 0.41932,1745388903183,True
1745388914169, BTCUSDT, 3546936091, 93714.29, 0.26676,1745388914169,False
1745388916541, BTCUSDT, 3546936115, 93714.0, 0.78738,1745388916540,True
1745388921601, BTCUSDT, 3546936219, 93697.79, 0.1736,1745388921601,True
1745388922512, BTCUSDT, 3546936234, 93703.61, 0.27284,1745388922511,False
1745388929229, BTCUSDT, 3546936279, 93710.28, 0.21884,1745388929229,False
1745388936506, BTCUSDT, 3546936327, 93702.88, 1.0,1745388936505,True
1745388937760, BTCUSDT, 3546936331, 93702.89, 0.26266,1745388937759,False
1745388962287, BTCUSDT, 3546936430, 93695.84, 0.97801,1745388962286,True
1745388976040, BTCUSDT, 3546936612, 93666.0, 0.19656,1745388976036,True
1745388981774, BTCUSDT, 3546936658, 93660.38, 0.29003,1745388981774,False
1745388982556, BTCUSDT, 3546936661, 93660.38, 0.19606,1745388982556,False
1745389001209, BTCUSDT, 3546936722, 93660.38, 0.2002,1745389001209,False
1745389011167, BTCUSDT, 3546936752, 93666.95, 1.38786,1745389011166,False
1745389011168, BTCUSDT, 3546936755, 93666.95, 0.19884,1745389011167,False
1745389016181, BTCUSDT, 3546936781, 93673.72, 1.0,1745389016181,True
1745389017751, BTCUSDT, 3546936793, 93670.66, 0.32027,1745389017751,False
1745389022718, BTCUSDT, 3546936813, 93667.86, 0.2184,1745389022717,True
1745389022720, BTCUSDT, 3546936814, 93667.86, 0.6419,1745389022719,True
1745389023922, BTCUSDT, 3546936832, 93660.38, 0.26513,1745389023921,False
1745389023951, BTCUSDT, 3546936833, 93660.38, 0.1831,1745389023951,False
1745389032260, BTCUSDT, 3546936881, 93666.64, 0.22911,1745389032259,False
1745389042566, BTCUSDT, 3546936932, 93660.38, 0.20051,1745389042566,False
1745389070050, BTCUSDT, 3546937062, 93674.31, 0.64913,1745389070050,False
1745389078966, BTCUSDT, 3546937078, 93674.31, 2.09235,1745389078965,False
1745389094091, BTCUSDT, 3546937174, 93688.28, 0.22353,1745389094091,True
1745389102536, BTCUSDT, 3546937234, 93674.31, 0.27728,1745389102536,False
1745389107244, BTCUSDT, 3546937246, 93674.39, 0.4822,1745389107244,True
1745389107619, BTCUSDT, 3546937248, 93674.39, 1.0,1745389107619,True
1745389113124, BTCUSDT, 3546937264, 93674.39, 0.9503,1745389113123,True
1745389140391, BTCUSDT, 3546937481, 93674.31, 0.19401,1745389140389,False
1745389140392, BTCUSDT, 3546937482, 93674.31, 0.37436,1745389140389,False
1745389152138, BTCUSDT, 3546937523, 93676.54, 0.23844,1745389152137,False
1745389155656, BTCUSDT, 3546937578, 93684.93, 0.55368,1745389155655,True
1745389158086, BTCUSDT, 3546937612, 93674.3, 0.86965,1745389158086,True
1745389162562, BTCUSDT, 3546937665, 93665.61, 0.32424,1745389162561,False
1745389177335, BTCUSDT, 3546937845, 93648.95, 0.48135,1745389177334,True
1745389182695, BTCUSDT, 3546937854, 93649.93, 0.3802,1745389182695,True
1745389189487, BTCUSDT, 3546937934, 93639.8, 0.2037,1745389189486,False
1745389200114, BTCUSDT, 3546937974, 93639.79, 0.16571,1745389200090,True
1745389201524, BTCUSDT, 3546937995, 93635.91, 0.16915,1745389201523,True
1745389201524, BTCUSDT, 3546938002, 93634.9, 0.24971,1745389201523,True
1745389201524, BTCUSDT, 3546938004, 93634.8, 0.51533,1745389201523,True
1745389202262, BTCUSDT, 3546938008, 93634.8, 0.63207,1745389202261,True
1745389202263, BTCUSDT, 3546938034, 93629.38, 0.64058,1745389202262,True
1745389202774, BTCUSDT, 3546938076, 93627.6, 0.16395,1745389202773,False
1745389204487, BTCUSDT, 3546938104, 93636.28, 0.18875,1745389204486,False
1745389205737, BTCUSDT, 3546938108, 93636.27, 0.91808,1745389205736,True
1745389205738, BTCUSDT, 3546938109, 93636.27, 0.25039,1745389205737,True
1745389222560, BTCUSDT, 3546938242, 93613.65, 0.21954,1745389222559,False
1745389230140, BTCUSDT, 3546938274, 93613.65, 0.17412,1745389230140,False
1745389230144, BTCUSDT, 3546938275, 93613.65, 0.18779,1745389230143,False
1745389234771, BTCUSDT, 3546938294, 93613.65, 1.23832,1745389234770,False
1745389236600, BTCUSDT, 3546938329, 93624.09, 0.5,1745389236600,True
1745389250223, BTCUSDT, 3546938386, 93624.1, 2.4852,1745389250222,False
1745389250223, BTCUSDT, 3546938387, 93624.11, 0.22746,1745389250222,False
1745389250223, BTCUSDT, 3546938389, 93624.31, 0.2639,1745389250222,False
1745389251817, BTCUSDT, 3546938404, 93628.97, 0.37214,1745389251817,True
1745389268951, BTCUSDT, 3546938528, 93650.64, 0.39691,1745389268951,True
1745389270545, BTCUSDT, 3546938532, 93650.64, 1.16431,1745389270544,True
1745389273058, BTCUSDT, 3546938568, 93641.83, 0.49493,1745389273058,True
1745389273281, BTCUSDT, 3546938571, 93641.83, 0.20634,1745389273280,True
1745389273281, BTCUSDT, 3546938584, 93637.38, 0.1766,1745389273280,True
1745389274615, BTCUSDT, 3546938589, 93637.39, 1.08446,1745389274614,False
1745389279233, BTCUSDT, 3546938598, 93637.39, 0.2387,1745389279232,False
1745389279236, BTCUSDT, 3546938600, 93637.38, 0.321,1745389279234,True
1745389282505, BTCUSDT, 3546938676, 93619.05, 0.22398,1745389282504,False
1745389291481, BTCUSDT, 3546938716, 93624.1, 0.62339,1745389291481,False
1745389292060, BTCUSDT, 3546938749, 93633.69, 0.24806,1745389292059,False
1745389323184, BTCUSDT, 3546938893, 93645.41, 0.20821,1745389323184,False
1745389329123, BTCUSDT, 3546938900, 93645.41, 0.20221,1745389329123,False
1745389338229, BTCUSDT, 3546938951, 93652.17, 0.43285,1745389338228,True
1745389342535, BTCUSDT, 3546938965, 93652.18, 0.25063,1745389342535,False
1745389349990, BTCUSDT, 3546938986, 93652.17, 0.48,1745389349990,True
1745389368677, BTCUSDT, 3546939139, 93673.64, 0.16258,1745389368676,False
1745389396730, BTCUSDT, 3546939305, 93691.9, 1.0,1745389396729,False
1745389397195, BTCUSDT, 3546939306, 93691.9, 2.0,1745389397194,False
1745389401126, BTCUSDT, 3546939394, 93714.29, 0.37913,1745389401125,False
1745389402230, BTCUSDT, 3546939450, 93732.95, 0.20466,1745389402230,True
1745389402496, BTCUSDT, 3546939451, 93732.96, 0.25063,1745389402496,False
1745389405144, BTCUSDT, 3546939463, 93735.52, 1.16778,1745389405143,False
1745389405144, BTCUSDT, 3546939467, 93735.65, 0.21616,1745389405143,False
1745389405144, BTCUSDT, 3546939488, 93743.16, 0.34071,1745389405143,False
1745389407950, BTCUSDT, 3546939536, 93758.63, 0.16699,1745389407949,False
1745389407950, BTCUSDT, 3546939562, 93764.05, 0.21419,1745389407949,False
1745389407950, BTCUSDT, 3546939564, 93764.1, 0.21413,1745389407949,False
1745389407950, BTCUSDT, 3546939597, 93768.04, 0.53529,1745389407949,False
1745389407950, BTCUSDT, 3546939598, 93768.05, 0.31847,1745389407949,False
1745389409026, BTCUSDT, 3546939611, 93768.05, 0.31263,1745389409025,False
1745389410877, BTCUSDT, 3546939685, 93775.74, 0.17068,1745389410876,True
1745389414607, BTCUSDT, 3546939739, 93760.03, 0.2402,1745389414604,False
1745389414607, BTCUSDT, 3546939741, 93760.03, 0.3779,1745389414604,False
1745389416446, BTCUSDT, 3546939789, 93770.93, 0.17464,1745389416445,False
1745389418580, BTCUSDT, 3546939797, 93770.92, 0.16965,1745389418580,True
1745389419970, BTCUSDT, 3546939799, 93770.93, 0.27695,1745389419969,False
1745389425591, BTCUSDT, 3546939826, 93770.93, 2.0,1745389425591,False
1745389427073, BTCUSDT, 3546940009, 93795.44, 0.863,1745389427072,False
1745389427966, BTCUSDT, 3546940015, 93795.44, 0.65754,1745389427965,False
1745389428017, BTCUSDT, 3546940016, 93795.44, 0.17893,1745389428016,False
1745389428030, BTCUSDT, 3546940057, 93799.99, 0.32,1745389428029,False
1745389428031, BTCUSDT, 3546940064, 93800.0, 0.28081,1745389428029,False
1745389428031, BTCUSDT, 3546940069, 93800.0, 1.01187,1745389428029,False
1745389428031, BTCUSDT, 3546940070, 93800.0, 2.26017,1745389428029,False
1745389428032, BTCUSDT, 3546940081, 93800.0, 0.90202,1745389428030,False
1745389428033, BTCUSDT, 3546940082, 93800.0, 1.36679,1745389428030,False
1745389428034, BTCUSDT, 3546940087, 93800.0, 0.25765,1745389428031,False
1745389428136, BTCUSDT, 3546940145, 93807.48, 2.0,1745389428135,False
1745389429293, BTCUSDT, 3546940169, 93807.48, 0.21137,1745389429292,False
1745389440599, BTCUSDT, 3546940311, 93809.52, 0.3375,1745389440599,True
1745389442203, BTCUSDT, 3546940336, 93809.52, 0.2184,1745389442202,True
1745389442205, BTCUSDT, 3546940338, 93809.52, 0.17143,1745389442205,True
1745389456711, BTCUSDT, 3546940469, 93803.62, 0.1931,1745389456710,True
1745389459230, BTCUSDT, 3546940491, 93803.62, 0.3115,1745389459229,True
1745389461653, BTCUSDT, 3546940512, 93803.63, 0.81476,1745389461653,False
1745389462504, BTCUSDT, 3546940521, 93803.63, 0.26033,1745389462504,False
1745389464067, BTCUSDT, 3546940530, 93803.63, 0.30349,1745389464066,False
1745389467851, BTCUSDT, 3546940578, 93809.53, 0.44756,1745389467848,False
1745389467851, BTCUSDT, 3546940636, 93815.97, 0.23994,1745389467848,False
1745389467851, BTCUSDT, 3546940679, 93820.9, 0.42826,1745389467848,False
1745389467851, BTCUSDT, 3546940706, 93824.79, 0.53529,1745389467848,False
1745389467851, BTCUSDT, 3546940707, 93824.8, 0.21413,1745389467848,False
1745389467851, BTCUSDT, 3546940708, 93824.85, 0.21413,1745389467848,False
1745389467851, BTCUSDT, 3546940710, 93824.94, 0.785,1745389467848,False
1745389467851, BTCUSDT, 3546940745, 93828.29, 1.71601,1745389467848,False
1745389467851, BTCUSDT, 3546940746, 93828.32, 0.495,1745389467848,False
1745389467851, BTCUSDT, 3546940756, 93829.33, 0.84864,1745389467848,False
1745389467851, BTCUSDT, 3546940757, 93829.34, 0.21413,1745389467848,False
1745389467851, BTCUSDT, 3546940758, 93829.36, 0.80094,1745389467848,False
1745389467851, BTCUSDT, 3546940761, 93829.82, 0.1901,1745389467848,False
1745389471410, BTCUSDT, 3546940827, 93828.0, 4.13586,1745389471409,False
1745389472643, BTCUSDT, 3546940838, 93827.99, 0.22551,1745389472642,True
1745389473323, BTCUSDT, 3546940848, 93823.31, 0.83222,1745389473322,False
1745389483055, BTCUSDT, 3546940907, 93823.3, 0.37531,1745389483054,True
1745389483055, BTCUSDT, 3546940908, 93823.3, 0.51741,1745389483054,True
1745389483055, BTCUSDT, 3546940915, 93822.19, 0.24227,1745389483054,True
1745389493273, BTCUSDT, 3546940992, 93809.53, 0.2184,1745389493272,False
1745389501916, BTCUSDT, 3546941105, 93834.01, 0.22558,1745389501914,False
1745389501916, BTCUSDT, 3546941107, 93834.03, 0.53535,1745389501914,False
1745389501916, BTCUSDT, 3546941170, 93839.15, 0.96213,1745389501914,False
1745389501916, BTCUSDT, 3546941187, 93840.3, 0.42826,1745389501914,False
1745389501916, BTCUSDT, 3546941197, 93841.44, 1.71601,1745389501914,False
1745389501916, BTCUSDT, 3546941209, 93843.41, 0.18205,1745389501914,False
1745389501916, BTCUSDT, 3546941219, 93844.21, 0.84979,1745389501914,False
1745389501916, BTCUSDT, 3546941220, 93844.22, 0.8047,1745389501914,False
1745389501916, BTCUSDT, 3546941221, 93844.28, 0.42826,1745389501914,False
1745389501916, BTCUSDT, 3546941227, 93845.06, 0.52974,1745389501914,False
1745389503424, BTCUSDT, 3546941265, 93839.66, 0.17464,1745389503418,False
1745389503424, BTCUSDT, 3546941267, 93839.66, 0.18907,1745389503418,False
1745389504032, BTCUSDT, 3546941307, 93846.82, 0.35882,1745389504031,False
1745389504034, BTCUSDT, 3546941335, 93850.0, 0.44487,1745389504032,False
1745389504034, BTCUSDT, 3546941336, 93850.0, 0.37593,1745389504032,False
1745389504034, BTCUSDT, 3546941337, 93850.0, 0.37593,1745389504033,False
1745389504034, BTCUSDT, 3546941338, 93850.0, 0.48657,1745389504033,False
1745389504035, BTCUSDT, 3546941339, 93850.0, 0.57131,1745389504033,False
1745389504036, BTCUSDT, 3546941371, 93854.0, 0.5,1745389504034,False
1745389504037, BTCUSDT, 3546941396, 93857.15, 0.16084,1745389504034,False
1745389504037, BTCUSDT, 3546941442, 93862.27, 0.16,1745389504034,False
1745389504037, BTCUSDT, 3546941455, 93863.54, 0.80103,1745389504034,False
1745389504062, BTCUSDT, 3546941460, 93863.62, 0.16,1745389504051,False
1745389504063, BTCUSDT, 3546941462, 93863.62, 0.32,1745389504051,False
1745389504210, BTCUSDT, 3546941476, 93863.53, 0.16,1745389504210,False
1745389504210, BTCUSDT, 3546941477, 93863.53, 0.32,1745389504210,False
1745389504390, BTCUSDT, 3546941485, 93863.61, 0.24972,1745389504390,False
1745389505498, BTCUSDT, 3546941509, 93856.89, 3.92237,1745389505497,False
1745389513707, BTCUSDT, 3546941642, 93846.81, 0.2189,1745389513706,True
1745389513707, BTCUSDT, 3546941643, 93846.81, 0.16945,1745389513706,True
1745389514662, BTCUSDT, 3546941675, 93839.66, 0.3,1745389514662,False
1745389517301, BTCUSDT, 3546941681, 93839.66, 0.1708,1745389517300,False
1745389517302, BTCUSDT, 3546941682, 93839.66, 0.2184,1745389517301,False
1745389528055, BTCUSDT, 3546941798, 93852.18, 0.20437,1745389528055,True
1745389530217, BTCUSDT, 3546941845, 93842.14, 0.21431,1745389530217,False
1745389539971, BTCUSDT, 3546941935, 93841.93, 0.42711,1745389539970,False
1745389542862, BTCUSDT, 3546941958, 93850.31, 2.873,1745389542861,False
1745389542862, BTCUSDT, 3546941980, 93855.09, 0.71771,1745389542861,False
1745389551142, TAOUSDT, 33854847, 336.1, 89.0059,1745389551141,False
1745389551142, TAOUSDT, 33854848, 336.2, 48.7448,1745389551141,False
1745389554483, BTCUSDT, 3546942037, 93859.99, 0.17107,1745389554483,True
1745389559483, BTCUSDT, 3546942052, 93859.99, 0.18274,1745389559483,True
1745389563891, BTCUSDT, 3546942074, 93859.99, 0.17138,1745389563890,True
1745389564349, BTCUSDT, 3546942083, 93857.29, 0.27422,1745389564348,True
1745389564421, BTCUSDT, 3546942084, 93857.29, 0.64077,1745389564420,True
1745389569483, BTCUSDT, 3546942132, 93852.4, 0.18267,1745389569483,True
1745389569903, ARUSDT, 68588087, 6.51, 4389.07,1745389569903,False
1745389581427, BTCUSDT, 3546942174, 93852.41, 0.45909,1745389581427,False
1745389591927, BTCUSDT, 3546942212, 93852.41, 3.4096,1745389591926,False
1745389596968, BTCUSDT, 3546942241, 93852.4, 0.16,1745389596967,True
1745389604932, TAOUSDT, 33854928, 336.7, 46.3926,1745389604931,False
1745389604932, TAOUSDT, 33854929, 336.8, 56.7913,1745389604931,False
1745389604932, TAOUSDT, 33854930, 336.9, 64.0552,1745389604931,False
1745389604932, TAOUSDT, 33854931, 337.0, 59.2281,1745389604931,False
1745389605924, BTCUSDT, 3546942298, 93852.41, 0.62946,1745389605922,False
1745389605924, BTCUSDT, 3546942308, 93853.76, 0.70323,1745389605922,False
1745389612285, BTCUSDT, 3546942362, 93860.0, 0.59949,1745389612284,False
1745389621035, BTCUSDT, 3546942401, 93860.0, 0.50074,1745389621034,False
1745389622508, BTCUSDT, 3546942434, 93857.29, 0.30672,1745389622507,True
1745389622540, BTCUSDT, 3546942449, 93852.4, 0.192,1745389622540,True
1745389628186, BTCUSDT, 3546942514, 93852.4, 1.07378,1745389628186,True
1745389628197, BTCUSDT, 3546942515, 93852.4, 0.59984,1745389628196,True
1745389628197, BTCUSDT, 3546942516, 93852.4, 0.59984,1745389628196,True
1745389628197, BTCUSDT, 3546942517, 93852.4, 0.45935,1745389628197,True
1745389629799, BTCUSDT, 3546942591, 93839.65, 0.19599,1745389629799,True
1745389629800, BTCUSDT, 3546942592, 93839.65, 0.58221,1745389629799,True
1745389629800, BTCUSDT, 3546942593, 93839.65, 0.31128,1745389629799,True
1745389629800, BTCUSDT, 3546942594, 93839.65, 0.27168,1745389629799,True
1745389640062, BTCUSDT, 3546942703, 93826.05, 0.2985,1745389640061,True
1745389640530, BTCUSDT, 3546942707, 93826.05, 2.0,1745389640530,True
1745389644763, BTCUSDT, 3546942723, 93826.05, 0.1996,1745389644762,True
1745389647612, BTCUSDT, 3546942746, 93823.9, 0.24321,1745389647611,True
1745389647615, BTCUSDT, 3546942747, 93823.9, 0.41061,1745389647614,True
1745389649655, BTCUSDT, 3546942796, 93811.37, 0.16,1745389649654,True
1745389649667, BTCUSDT, 3546942799, 93811.37, 0.23877,1745389649666,True
1745389652659, BTCUSDT, 3546942839, 93803.85, 0.16,1745389652659,True
1745389652970, BTCUSDT, 3546942843, 93803.85, 0.16,1745389652969,True
1745389654310, BTCUSDT, 3546942878, 93800.0, 0.16,1745389654310,True
1745389657239, BTCUSDT, 3546942974, 93775.83, 0.24003,1745389657238,True
1745389657239, BTCUSDT, 3546942996, 93768.99, 0.32527,1745389657238,True
1745389677526, BTCUSDT, 3546943073, 93768.99, 0.16507,1745389677525,False
1745389681313, BTCUSDT, 3546943095, 93768.99, 0.2002,1745389681313,False
1745389681403, BTCUSDT, 3546943120, 93779.53, 0.24546,1745389681403,False
1745389681403, BTCUSDT, 3546943126, 93780.8, 0.30014,1745389681403,False
1745389689622, BTCUSDT, 3546943163, 93780.79, 0.2002,1745389689621,True
1745389689622, BTCUSDT, 3546943164, 93780.79, 0.29546,1745389689622,True
1745389709548, BTCUSDT, 3546943269, 93766.55, 1.0,1745389709548,True
1745389709918, BTCUSDT, 3546943271, 93766.55, 1.0,1745389709918,True
1745389710026, BTCUSDT, 3546943273, 93766.55, 1.0,1745389710025,True
1745389716922, BTCUSDT, 3546943301, 93766.55, 0.5785,1745389716921,True
1745389734871, BTCUSDT, 3546943347, 93766.55, 5.0,1745389734870,True
1745389755931, BTCUSDT, 3546943410, 93766.55, 0.73554,1745389755930,True
1745389761402, BTCUSDT, 3546943580, 93729.6, 0.22908,1745389761402,True
1745389767914, BTCUSDT, 3546943611, 93729.61, 0.182,1745389767914,False
1745389770916, BTCUSDT, 3546943646, 93740.73, 0.50586,1745389770916,False
1745389780825, BTCUSDT, 3546943695, 93744.45, 0.22139,1745389780824,True
1745389788322, BTCUSDT, 3546943730, 93744.45, 0.64507,1745389788321,True
1745389799740, BTCUSDT, 3546943766, 93744.45, 0.182,1745389799740,True
1745389800883, BTCUSDT, 3546943787, 93740.73, 5.0,1745389800882,False
1745389802482, BTCUSDT, 3546943806, 93740.73, 0.16111,1745389802481,False
1745389810091, BTCUSDT, 3546943841, 93740.72, 2.08943,1745389810091,True
1745389812482, BTCUSDT, 3546943854, 93740.51, 0.16492,1745389812481,False
1745389819448, BTCUSDT, 3546943954, 93719.46, 1.53096,1745389819448,False
1745389824307, BTCUSDT, 3546943994, 93730.72, 1.32017,1745389824306,True
1745389833032, BTCUSDT, 3546944054, 93725.57, 0.34653,1745389833030,True
1745389841254, BTCUSDT, 3546944143, 93725.39, 0.51603,1745389841253,False
1745389844566, BTCUSDT, 3546944156, 93728.04, 1.60022,1745389844566,True
1745389844876, BTCUSDT, 3546944158, 93728.04, 0.85029,1745389844869,True
1745389844877, BTCUSDT, 3546944159, 93728.04, 0.1782,1745389844869,True
1745389844878, BTCUSDT, 3546944160, 93728.04, 0.25202,1745389844869,True
1745389844882, BTCUSDT, 3546944161, 93728.04, 0.59682,1745389844870,True
1745389860669, BTCUSDT, 3546944336, 93712.74, 0.21419,1745389860668,False
1745389864320, BTCUSDT, 3546944354, 93714.23, 0.1815,1745389864319,False
1745389864326, BTCUSDT, 3546944358, 93714.29, 0.27531,1745389864325,False
1745389864863, BTCUSDT, 3546944378, 93722.97, 0.44962,1745389864862,True
1745389873284, BTCUSDT, 3546944447, 93718.83, 0.19417,1745389873283,True
1745389881861, BTCUSDT, 3546944658, 93672.78, 5.81096,1745389881860,False
1745389881861, BTCUSDT, 3546944660, 93672.91, 0.19227,1745389881860,False
1745389881861, BTCUSDT, 3546944663, 93673.71, 0.53529,1745389881860,False
1745389881861, BTCUSDT, 3546944668, 93676.63, 0.21431,1745389881860,False
1745389881861, BTCUSDT, 3546944669, 93676.81, 0.21431,1745389881860,False
1745389881861, BTCUSDT, 3546944672, 93679.07, 0.49518,1745389881860,False
1745389881861, BTCUSDT, 3546944674, 93679.91, 0.16835,1745389881860,False
1745389881861, BTCUSDT, 3546944676, 93680.01, 0.30704,1745389881860,False
1745389881861, BTCUSDT, 3546944677, 93680.54, 0.495,1745389881860,False
1745389881861, BTCUSDT, 3546944678, 93680.58, 1.71601,1745389881860,False
1745389881861, BTCUSDT, 3546944679, 93680.59, 0.32495,1745389881860,False
1745389881861, BTCUSDT, 3546944680, 93681.22, 0.495,1745389881860,False
1745389881861, BTCUSDT, 3546944681, 93682.2, 0.21413,1745389881860,False
1745389881861, BTCUSDT, 3546944682, 93682.29, 0.21413,1745389881860,False
1745389881861, BTCUSDT, 3546944689, 93685.84, 0.4697,1745389881860,False
1745389881861, BTCUSDT, 3546944690, 93685.87, 0.21209,1745389881860,False
1745389881861, BTCUSDT, 3546944694, 93688.73, 0.96355,1745389881860,False
1745389881861, BTCUSDT, 3546944696, 93689.41, 0.32495,1745389881860,False
1745389881861, BTCUSDT, 3546944701, 93692.01, 0.495,1745389881860,False
1745389881861, BTCUSDT, 3546944710, 93695.64, 1.39362,1745389881860,False
1745389881941, BTCUSDT, 3546944712, 93675.99, 0.82122,1745389881940,False
1745389892651, BTCUSDT, 3546944803, 93695.78, 0.2,1745389892650,False
1745389895482, BTCUSDT, 3546944812, 93695.77, 0.16043,1745389895482,True
1745389895645, BTCUSDT, 3546944815, 93695.78, 0.68328,1745389895644,False
1745389896776, BTCUSDT, 3546944850, 93705.53, 1.09489,1745389896775,False
1745389896776, BTCUSDT, 3546944851, 93705.54, 0.25346,1745389896775,False
1745389905483, BTCUSDT, 3546944888, 93714.37, 0.17317,1745389905482,True
1745389909798, BTCUSDT, 3546944907, 93714.37, 1.68631,1745389909797,True
1745389924494, BTCUSDT, 3546944966, 93703.56, 3.27797,1745389924493,False
1745389924494, BTCUSDT, 3546944971, 93703.83, 0.26007,1745389924493,False
1745389926576, BTCUSDT, 3546945001, 93714.37, 0.2759,1745389926575,False
1745389927879, BTCUSDT, 3546945018, 93719.03, 1.0,1745389927878,True
1745389931236, BTCUSDT, 3546945031, 93719.04, 0.4,1745389931235,False
1745389939393, BTCUSDT, 3546945053, 93719.04, 0.16135,1745389939392,False
1745389945117, BTCUSDT, 3546945198, 93749.14, 0.21479,1745389945116,False
1745389945482, BTCUSDT, 3546945220, 93752.74, 0.16204,1745389945481,True
1745389952069, BTCUSDT, 3546945256, 93759.37, 1.21401,1745389952068,False
1745389952642, BTCUSDT, 3546945271, 93761.91, 0.20905,1745389952641,False
1745389955482, BTCUSDT, 3546945286, 93764.85, 0.17273,1745389955481,True
1745389955705, BTCUSDT, 3546945287, 93764.85, 1.07644,1745389955704,True
1745389959477, BTCUSDT, 3546945362, 93762.17, 0.24639,1745389959476,False
1745389970482, BTCUSDT, 3546945432, 93769.99, 0.16681,1745389970481,True
1745389991301, BTCUSDT, 3546945481, 93770.0, 0.3802,1745389991300,False
1745389991303, BTCUSDT, 3546945482, 93770.0, 0.58085,1745389991302,False
1745390003946, BTCUSDT, 3546945600, 93784.82, 0.90329,1745390003945,False
1745390024861, BTCUSDT, 3546945657, 93784.82, 0.62129,1745390024861,False
1745390024861, BTCUSDT, 3546945658, 93784.83, 1.02266,1745390024861,False
1745390024865, BTCUSDT, 3546945659, 93784.83, 0.4312,1745390024865,False
1745390024866, BTCUSDT, 3546945660, 93784.83, 0.2218,1745390024865,False
1745390025128, BTCUSDT, 3546945662, 93784.83, 0.4812,1745390025127,False
1745390025128, BTCUSDT, 3546945664, 93784.83, 0.2634,1745390025127,False
1745390025128, BTCUSDT, 3546945665, 93784.83, 0.5662,1745390025127,False
1745390025129, BTCUSDT, 3546945668, 93784.83, 0.72785,1745390025128,False
1745390025129, BTCUSDT, 3546945671, 93784.83, 1.91155,1745390025128,False
1745390025129, BTCUSDT, 3546945673, 93784.83, 0.9552,1745390025128,False
1745390025820, BTCUSDT, 3546945718, 93800.0, 0.26929,1745390025819,False
1745390034697, BTCUSDT, 3546945799, 93815.99, 0.31983,1745390034696,True
1745390034700, BTCUSDT, 3546945800, 93815.99, 0.31983,1745390034699,True
1745390034703, BTCUSDT, 3546945801, 93815.99, 0.31983,1745390034703,True
1745390034706, BTCUSDT, 3546945802, 93815.99, 0.31983,1745390034705,True
1745390035698, BTCUSDT, 3546945808, 93815.99, 0.31983,1745390035698,True
1745390035701, BTCUSDT, 3546945809, 93815.99, 0.31983,1745390035701,True
1745390035704, BTCUSDT, 3546945810, 93815.99, 0.31983,1745390035704,True
1745390036695, BTCUSDT, 3546945814, 93815.99, 0.31983,1745390036694,True
1745390036710, BTCUSDT, 3546945815, 93815.99, 0.31983,1745390036710,True
1745390036713, BTCUSDT, 3546945816, 93815.99, 0.31983,1745390036713,True
1745390037694, BTCUSDT, 3546945817, 93815.99, 0.31983,1745390037694,True
1745390037697, BTCUSDT, 3546945818, 93815.99, 0.31983,1745390037697,True
1745390038695, BTCUSDT, 3546945824, 93815.99, 0.31983,1745390038694,True
1745390039694, BTCUSDT, 3546945826, 93815.99, 0.31983,1745390039693,True
1745390040129, BTCUSDT, 3546945829, 93816.0, 0.62637,1745390040128,False
1745390040695, BTCUSDT, 3546945873, 93822.79, 0.31983,1745390040694,True
1745390041694, BTCUSDT, 3546945879, 93822.79, 0.31983,1745390041693,True
1745390042694, BTCUSDT, 3546945884, 93822.79, 0.30114,1745390042694,True
1745390047935, BTCUSDT, 3546945905, 93822.79, 0.16,1745390047934,True
1745390068146, BTCUSDT, 3546946007, 93815.99, 0.76393,1745390068145,True
1745390068146, BTCUSDT, 3546946026, 93810.56, 0.70338,1745390068145,True
1745390085764, BTCUSDT, 3546946203, 93782.18, 0.18595,1745390085764,False
1745390090427, BTCUSDT, 3546946253, 93770.02, 0.52011,1745390090426,False
1745390097426, BTCUSDT, 3546946277, 93770.01, 0.73487,1745390097425,True
1745390119830, BTCUSDT, 3546946440, 93770.02, 0.22673,1745390119829,False
1745390119832, BTCUSDT, 3546946441, 93770.02, 0.18172,1745390119831,False
1745390144717, BTCUSDT, 3546946574, 93761.92, 0.29382,1745390144717,False
1745390149403, BTCUSDT, 3546946603, 93761.92, 0.45133,1745390149402,False
1745390178444, BTCUSDT, 3546946698, 93765.45, 1.2,1745390178443,True
1745390180531, BTCUSDT, 3546946771, 93750.0, 0.551,1745390180529,True
1745390206990, TAOUSDT, 33855568, 334.4, 284.1307,1745390206978,True
1745390206998, BTCUSDT, 3546946998, 93710.0, 0.1612,1745390206982,True
1745390206998, BTCUSDT, 3546946999, 93710.0, 0.9512,1745390206982,True
1745390207412, BTCUSDT, 3546947003, 93710.0, 8.40528,1745390207412,True
1745390219372, BTCUSDT, 3546947110, 93694.95, 1.0,1745390219371,True
1745390224167, BTCUSDT, 3546947125, 93694.95, 0.18296,1745390224166,True
1745390248566, BTCUSDT, 3546947340, 93663.73, 1.17,1745390248566,True
1745390255426, BTCUSDT, 3546947372, 93663.74, 0.22369,1745390255426,False
1745390255427, BTCUSDT, 3546947373, 93663.74, 0.2002,1745390255427,False
1745390258059, BTCUSDT, 3546947400, 93669.83, 0.8487,1745390258059,False
1745390260495, BTCUSDT, 3546947419, 93672.13, 0.20003,1745390260494,False
1745390269917, BTCUSDT, 3546947468, 93675.22, 1.0,1745390269916,True
1745390279158, BTCUSDT, 3546947513, 93673.65, 1.5,1745390279157,True
1745390290485, BTCUSDT, 3546947570, 93673.66, 0.16436,1745390290485,False
1745390294429, BTCUSDT, 3546947588, 93673.65, 0.9,1745390294428,True
1745390294712, BTCUSDT, 3546947591, 93673.65, 0.9,1745390294711,True
1745390294897, BTCUSDT, 3546947593, 93673.65, 0.9,1745390294896,True
1745390299131, BTCUSDT, 3546947615, 93673.65, 0.20979,1745390299130,True
1745390300339, BTCUSDT, 3546947630, 93673.66, 0.1845,1745390300338,False
1745390300358, BTCUSDT, 3546947631, 93673.65, 1.7946,1745390300357,True
1745390300358, BTCUSDT, 3546947640, 93673.18, 0.28549,1745390300357,True
1745390300358, BTCUSDT, 3546947641, 93673.17, 0.70441,1745390300357,True
1745390310341, BTCUSDT, 3546947702, 93669.81, 0.2184,1745390310341,True
1745390310485, BTCUSDT, 3546947703, 93669.82, 0.18375,1745390310485,False
1745390319662, BTCUSDT, 3546947775, 93655.77, 1.0,1745390319662,True
1745390321451, BTCUSDT, 3546947804, 93652.28, 0.22088,1745390321450,False
1745390329334, BTCUSDT, 3546947898, 93673.66, 0.5,1745390329334,False
1745390351387, BTCUSDT, 3546948048, 93652.39, 0.21465,1745390351387,True
1745390359113, BTCUSDT, 3546948079, 93652.4, 0.33339,1745390359112,False
1745390385788, BTCUSDT, 3546948180, 93652.39, 1.28688,1745390385787,True
1745390385788, BTCUSDT, 3546948181, 93652.39, 0.41674,1745390385787,True
1745390385789, BTCUSDT, 3546948215, 93646.56, 0.66532,1745390385788,True
1745390385789, BTCUSDT, 3546948227, 93643.85, 0.19198,1745390385788,True
1745390385793, BTCUSDT, 3546948247, 93638.61, 0.495,1745390385790,True
1745390385795, BTCUSDT, 3546948266, 93634.72, 0.79982,1745390385791,True
1745390386237, BTCUSDT, 3546948361, 93626.38, 0.18996,1745390386237,True
1745390386888, BTCUSDT, 3546948366, 93626.39, 0.44685,1745390386887,False
1745390389103, BTCUSDT, 3546948383, 93628.64, 0.19315,1745390389103,False
1745390401079, BTCUSDT, 3546948484, 93640.0, 0.42716,1745390401078,False
1745390408166, BTCUSDT, 3546948510, 93639.99, 0.22584,1745390408165,True
1745390415405, BTCUSDT, 3546948534, 93639.99, 2.30523,1745390415404,True
1745390415405, BTCUSDT, 3546948537, 93639.24, 0.21937,1745390415404,True
1745390415405, BTCUSDT, 3546948538, 93639.23, 0.70644,1745390415404,True
1745390415405, BTCUSDT, 3546948545, 93635.63, 0.68013,1745390415404,True
1745390415405, BTCUSDT, 3546948552, 93634.57, 0.21648,1745390415404,True
1745390415405, BTCUSDT, 3546948556, 93633.74, 0.37506,1745390415404,True
1745390415405, BTCUSDT, 3546948563, 93632.14, 0.21419,1745390415404,True
1745390415405, BTCUSDT, 3546948564, 93632.13, 1.71601,1745390415404,True
1745390417979, BTCUSDT, 3546948577, 93630.53, 0.25604,1745390417978,True
1745390422906, BTCUSDT, 3546948596, 93630.54, 0.30445,1745390422905,False
1745390422906, BTCUSDT, 3546948621, 93642.9, 0.29343,1745390422905,False
1745390422966, BTCUSDT, 3546948625, 93642.9, 0.7163,1745390422965,False
1745390422966, BTCUSDT, 3546948626, 93642.9, 0.17434,1745390422965,False
1745390424254, BTCUSDT, 3546948662, 93648.85, 3.89129,1745390424253,True
1745390424254, BTCUSDT, 3546948665, 93647.83, 0.24863,1745390424253,True
1745390424254, BTCUSDT, 3546948674, 93643.62, 0.32438,1745390424253,True
1745390424254, BTCUSDT, 3546948675, 93643.61, 0.19968,1745390424253,True
1745390424254, BTCUSDT, 3546948677, 93642.89, 0.60536,1745390424253,True
1745390424254, BTCUSDT, 3546948682, 93640.58, 0.21413,1745390424253,True
1745390424254, BTCUSDT, 3546948683, 93640.2, 0.21413,1745390424253,True
1745390424254, BTCUSDT, 3546948684, 93640.09, 1.71693,1745390424253,True
1745390424254, BTCUSDT, 3546948685, 93640.08, 0.822,1745390424253,True
1745390424254, BTCUSDT, 3546948686, 93640.07, 0.80093,1745390424253,True
1745390424254, BTCUSDT, 3546948698, 93637.01, 0.80093,1745390424253,True
1745390424254, BTCUSDT, 3546948699, 93636.8, 0.21413,1745390424253,True
1745390424254, BTCUSDT, 3546948701, 93636.44, 0.21413,1745390424253,True
1745390424254, BTCUSDT, 3546948707, 93635.45, 0.80093,1745390424253,True
1745390424254, BTCUSDT, 3546948712, 93633.62, 0.82321,1745390424253,True
1745390424254, BTCUSDT, 3546948713, 93633.61, 1.71601,1745390424253,True
1745390424254, BTCUSDT, 3546948716, 93633.27, 0.80093,1745390424253,True
1745390424254, BTCUSDT, 3546948718, 93632.71, 0.21413,1745390424253,True
1745390424254, BTCUSDT, 3546948719, 93632.45, 0.21413,1745390424253,True
1745390424254, BTCUSDT, 3546948727, 93630.69, 0.80093,1745390424253,True
1745390424254, BTCUSDT, 3546948729, 93630.55, 1.601,1745390424253,True
1745390424254, BTCUSDT, 3546948730, 93630.53, 0.46559,1745390424253,True
1745390428731, ARUSDT, 68588411, 6.55, 2728.86,1745390428730,False
1745390434764, BTCUSDT, 3546948793, 93643.73, 0.2,1745390434764,True
1745390439312, BTCUSDT, 3546948813, 93643.74, 0.25821,1745390439311,False
1745390441744, BTCUSDT, 3546948856, 93652.4, 0.84212,1745390441744,False
1745390454199, BTCUSDT, 3546948941, 93660.0, 1.80399,1745390454198,False
1745390454199, BTCUSDT, 3546948945, 93660.14, 0.18898,1745390454198,False
1745390456352, BTCUSDT, 3546948956, 93660.14, 0.21149,1745390456351,False
1745390460113, BTCUSDT, 3546948989, 93667.61, 0.6534,1745390460112,True
1745390460114, BTCUSDT, 3546948990, 93667.61, 1.46017,1745390460112,True
1745390463052, BTCUSDT, 3546949033, 93660.16, 2.6051,1745390463051,False
1745390466302, BTCUSDT, 3546949049, 93660.15, 0.1871,1745390466301,True
1745390474324, BTCUSDT, 3546949112, 93651.09, 0.17992,1745390474324,True
1745390477627, BTCUSDT, 3546949125, 93651.09, 0.65683,1745390477627,True
1745390480857, BTCUSDT, 3546949180, 93640.01, 0.6251,1745390480857,False
1745390484915, BTCUSDT, 3546949199, 93640.0, 0.55385,1745390484909,True
1745390484971, BTCUSDT, 3546949227, 93630.53, 0.24699,1745390484943,True
1745390489521, BTCUSDT, 3546949259, 93627.34, 0.23184,1745390489520,True
1745390495146, BTCUSDT, 3546949278, 93627.34, 0.18692,1745390495145,True
1745390532691, BTCUSDT, 3546949439, 93644.89, 1.22488,1745390532688,True
1745390532692, BTCUSDT, 3546949442, 93644.89, 0.1764,1745390532689,True
1745390532692, BTCUSDT, 3546949443, 93644.89, 0.16032,1745390532689,True
1745390535521, BTCUSDT, 3546949491, 93629.55, 0.47402,1745390535520,True
1745390540835, BTCUSDT, 3546949513, 93629.55, 0.2245,1745390540834,True
1745390562424, BTCUSDT, 3546949612, 93629.56, 0.54,1745390562423,False
1745390566125, BTCUSDT, 3546949625, 93629.55, 1.615,1745390566124,True
1745390566125, BTCUSDT, 3546949645, 93627.21, 0.21812,1745390566124,True
1745390566125, BTCUSDT, 3546949648, 93626.88, 0.70476,1745390566124,True
1745390566125, BTCUSDT, 3546949672, 93620.15, 0.19173,1745390566124,True
1745390566233, BTCUSDT, 3546949675, 93620.15, 0.17358,1745390566231,True
1745390567587, BTCUSDT, 3546949731, 93608.69, 0.41315,1745390567586,True
1745390568706, BTCUSDT, 3546949775, 93600.0, 0.18582,1745390568705,True
1745390568769, BTCUSDT, 3546949795, 93597.88, 0.3491,1745390568769,False
1745390572582, BTCUSDT, 3546949808, 93597.88, 0.2184,1745390572581,False
1745390572583, BTCUSDT, 3546949809, 93597.88, 0.2027,1745390572582,False
1745390572911, BTCUSDT, 3546949816, 93600.01, 0.20721,1745390572911,False
1745390591839, BTCUSDT, 3546949942, 93618.13, 0.34178,1745390591839,False
1745390591841, BTCUSDT, 3546949944, 93618.13, 0.31207,1745390591840,False
1745390613863, BTCUSDT, 3546950084, 93634.89, 0.4538,1745390613862,False
1745390613863, BTCUSDT, 3546950085, 93634.89, 0.20567,1745390613863,False
1745390613869, BTCUSDT, 3546950109, 93634.89, 0.29715,1745390613868,False
1745390613869, BTCUSDT, 3546950113, 93634.89, 0.3146,1745390613868,False
1745390613870, BTCUSDT, 3546950115, 93634.89, 0.20221,1745390613870,False
1745390613871, BTCUSDT, 3546950123, 93634.89, 0.27849,1745390613871,False
1745390613872, BTCUSDT, 3546950127, 93634.89, 0.93701,1745390613871,False
1745390613874, BTCUSDT, 3546950130, 93634.89, 0.1875,1745390613872,False
1745390613874, BTCUSDT, 3546950134, 93635.0, 0.20236,1745390613872,False
1745390613874, BTCUSDT, 3546950135, 93635.0, 1.79788,1745390613872,False
1745390620877, BTCUSDT, 3546950272, 93672.08, 0.29555,1745390620876,True
1745390620999, BTCUSDT, 3546950294, 93664.58, 0.26735,1745390620998,True
1745390634031, BTCUSDT, 3546950376, 93652.03, 0.22964,1745390634030,True
1745390646451, BTCUSDT, 3546950425, 93652.03, 0.21162,1745390646451,True
1745390669733, BTCUSDT, 3546950572, 93638.85, 0.29313,1745390669732,True
1745390669742, BTCUSDT, 3546950597, 93633.19, 0.21362,1745390669740,True
1745390678301, BTCUSDT, 3546950726, 93631.52, 0.5,1745390678301,True
1745390682696, BTCUSDT, 3546950764, 93639.98, 2.0,1745390682696,True
1745390688844, BTCUSDT, 3546950815, 93636.12, 0.21342,1745390688843,True
1745390691517, BTCUSDT, 3546950846, 93632.93, 0.33657,1745390691516,True
1745390701145, BTCUSDT, 3546950898, 93631.52, 0.2184,1745390701144,True
1745390701148, BTCUSDT, 3546950899, 93631.52, 0.16724,1745390701147,True
1745390705227, BTCUSDT, 3546950955, 93621.72, 0.29352,1745390705226,True
1745390710056, BTCUSDT, 3546950984, 93629.42, 0.22351,1745390710055,False
1745390720215, BTCUSDT, 3546951047, 93631.12, 2.26968,1745390720214,False
1745390728609, BTCUSDT, 3546951098, 93631.11, 0.2817,1745390728609,True
1745390752936, BTCUSDT, 3546951227, 93621.79, 0.2184,1745390752935,False
1745390752980, BTCUSDT, 3546951233, 93621.79, 0.2175,1745390752979,False
1745390766399, BTCUSDT, 3546951378, 93643.33, 0.18621,1745390766398,False
1745390770113, BTCUSDT, 3546951411, 93650.0, 0.32474,1745390770113,True
1745390804559, BTCUSDT, 3546951646, 93660.72, 0.61965,1745390804559,False
1745390824101, BTCUSDT, 3546951766, 93671.08, 0.2327,1745390824100,False
1745390824864, BTCUSDT, 3546951770, 93671.08, 0.49962,1745390824863,False
1745390830214, BTCUSDT, 3546951783, 93671.08, 0.4,1745390830214,False
1745390853815, BTCUSDT, 3546951914, 93679.23, 0.35924,1745390853814,False
1745390856746, BTCUSDT, 3546952006, 93699.98, 0.39198,1745390856746,False
1745390856747, BTCUSDT, 3546952007, 93699.98, 0.95771,1745390856746,False
1745390856747, BTCUSDT, 3546952008, 93699.98, 0.59564,1745390856747,False
1745390856747, BTCUSDT, 3546952010, 93700.0, 0.3662,1745390856747,False
1745390857220, BTCUSDT, 3546952012, 93699.99, 10.0,1745390857219,True
1745390857715, BTCUSDT, 3546952015, 93699.99, 0.2732,1745390857715,True
1745390859079, BTCUSDT, 3546952025, 93699.97, 0.50024,1745390859078,True
1745390860092, BTCUSDT, 3546952038, 93691.85, 0.16156,1745390860091,True
1745390885789, BTCUSDT, 3546952152, 93694.08, 0.56984,1745390885788,False
1745390885789, BTCUSDT, 3546952161, 93696.42, 0.18609,1745390885788,False
1745390886493, BTCUSDT, 3546952165, 93696.42, 0.24092,1745390886493,False
1745390887443, BTCUSDT, 3546952182, 93700.0, 1.02298,1745390887443,False
1745390890536, BTCUSDT, 3546952192, 93700.0, 1.71359,1745390890536,False
1745390893636, BTCUSDT, 3546952232, 93709.82, 0.24177,1745390893635,False
1745390965742, BTCUSDT, 3546952484, 93714.28, 0.29183,1745390965741,True
1745390965742, BTCUSDT, 3546952485, 93714.28, 0.66408,1745390965741,True
1745390965742, BTCUSDT, 3546952488, 93714.25, 0.23939,1745390965741,True
1745390966817, BTCUSDT, 3546952527, 93701.06, 0.64903,1745390966816,True
1745390972506, BTCUSDT, 3546952572, 93691.87, 0.99072,1745390972506,False
1745390983260, BTCUSDT, 3546952604, 93691.87, 0.51605,1745390983259,False
1745390983633, BTCUSDT, 3546952609, 93691.86, 0.3,1745390983632,True
1745390984895, BTCUSDT, 3546952615, 93691.87, 0.21346,1745390984895,False
1745390987432, BTCUSDT, 3546952625, 93691.87, 0.61,1745390987431,False
1745390988487, BTCUSDT, 3546952628, 93691.86, 0.1784,1745390988487,True
1745391006027, BTCUSDT, 3546952695, 93691.86, 0.72757,1745391006026,True
1745391006028, BTCUSDT, 3546952702, 93690.09, 0.70446,1745391006027,True
1745391008487, BTCUSDT, 3546952752, 93680.0, 0.17843,1745391008487,True
1745391009727, BTCUSDT, 3546952787, 93674.65, 0.25006,1745391009726,True
1745391011880, BTCUSDT, 3546952800, 93673.39, 3.01982,1745391011879,False
1745391045386, BTCUSDT, 3546953016, 93663.67, 0.41025,1745391045385,True
1745391048066, BTCUSDT, 3546953032, 93663.54, 0.25652,1745391048066,True
1745391055373, BTCUSDT, 3546953172, 93641.66, 0.23537,1745391055372,True
1745391055375, BTCUSDT, 3546953174, 93640.64, 0.31513,1745391055374,True
1745391073926, BTCUSDT, 3546953373, 93610.01, 0.31141,1745391073924,True
1745391081228, BTCUSDT, 3546953424, 93601.84, 0.21153,1745391081224,False
1745391081228, BTCUSDT, 3546953425, 93601.84, 0.2184,1745391081224,False
1745391081289, BTCUSDT, 3546953448, 93605.38, 0.61594,1745391081288,False
1745391082459, BTCUSDT, 3546953496, 93624.01, 1.00703,1745391082459,True
1745391085029, BTCUSDT, 3546953527, 93622.32, 0.2184,1745391085029,True
1745391085033, BTCUSDT, 3546953535, 93621.02, 0.16141,1745391085033,True
1745391101000, BTCUSDT, 3546953650, 93605.15, 1.0,1745391101000,True
1745391114102, BTCUSDT, 3546953703, 93605.15, 2.0,1745391114101,True
1745391123972, BTCUSDT, 3546953746, 93605.15, 0.90548,1745391123971,True
1745391123973, BTCUSDT, 3546953768, 93601.6, 0.1902,1745391123972,True
1745391131359, BTCUSDT, 3546953805, 93600.47, 0.2002,1745391131358,False
1745391131361, BTCUSDT, 3546953807, 93600.47, 0.30595,1745391131361,False
1745391131365, BTCUSDT, 3546953813, 93600.47, 0.26481,1745391131364,False
1745391138415, BTCUSDT, 3546953846, 93605.15, 0.20257,1745391138414,False
1745391150714, BTCUSDT, 3546953935, 93599.99, 0.24787,1745391150713,True
1745391150714, BTCUSDT, 3546953936, 93599.99, 0.22658,1745391150713,True
1745391150716, BTCUSDT, 3546953938, 93599.99, 0.51231,1745391150715,True
1745391164751, BTCUSDT, 3546954088, 93592.89, 0.2678,1745391164743,False
1745391174263, BTCUSDT, 3546954124, 93594.86, 0.2184,1745391174262,False
1745391174264, BTCUSDT, 3546954126, 93594.86, 0.18742,1745391174263,False
1745391174266, BTCUSDT, 3546954129, 93594.86, 0.18452,1745391174265,False
1745391180686, BTCUSDT, 3546954194, 93608.63, 0.2184,1745391180686,True
1745391181495, BTCUSDT, 3546954214, 93598.21, 0.20852,1745391181494,True
1745391199686, BTCUSDT, 3546954315, 93588.73, 0.28053,1745391199686,True
1745391205523, BTCUSDT, 3546954337, 93588.73, 0.2,1745391205523,True
1745391221224, BTCUSDT, 3546954389, 93588.74, 5.20439,1745391221222,False
1745391221224, BTCUSDT, 3546954395, 93589.95, 0.47027,1745391221222,False
1745391221224, BTCUSDT, 3546954396, 93589.96, 0.70503,1745391221222,False
1745391221224, BTCUSDT, 3546954404, 93592.49, 0.21419,1745391221222,False
1745391221224, BTCUSDT, 3546954410, 93593.98, 0.21419,1745391221222,False
1745391221224, BTCUSDT, 3546954416, 93596.55, 0.21413,1745391221222,False
1745391221224, BTCUSDT, 3546954417, 93597.06, 0.75038,1745391221222,False
1745391228322, BTCUSDT, 3546954443, 93594.75, 0.22439,1745391228316,False
1745391228541, BTCUSDT, 3546954446, 93594.75, 0.29971,1745391228540,False
1745391228643, BTCUSDT, 3546954448, 93594.74, 0.2,1745391228642,True
1745391241328, BTCUSDT, 3546954503, 93604.09, 1.0,1745391241327,True
1745391241845, BTCUSDT, 3546954509, 93604.1, 5.07135,1745391241844,False
1745391241845, BTCUSDT, 3546954513, 93604.88, 0.19111,1745391241844,False
1745391241845, BTCUSDT, 3546954523, 93609.98, 0.79505,1745391241844,False
1745391241845, BTCUSDT, 3546954524, 93609.99, 0.4285,1745391241844,False
1745391241845, BTCUSDT, 3546954525, 93610.0, 1.64179,1745391241844,False
1745391241845, BTCUSDT, 3546954531, 93612.23, 0.70481,1745391241844,False
1745391241845, BTCUSDT, 3546954536, 93614.54, 0.26683,1745391241844,False
1745391241845, BTCUSDT, 3546954539, 93615.52, 0.21413,1745391241844,False
1745391241845, BTCUSDT, 3546954540, 93615.56, 0.16721,1745391241844,False
1745391252869, BTCUSDT, 3546954587, 93615.55, 0.20847,1745391252867,True
1745391252869, BTCUSDT, 3546954588, 93615.55, 0.22481,1745391252867,True
1745391255038, BTCUSDT, 3546954639, 93596.83, 0.1994,1745391255038,True
1745391274347, BTCUSDT, 3546954719, 93596.83, 0.26603,1745391274347,True
1745391295908, BTCUSDT, 3546954791, 93596.83, 0.989,1745391295908,True
1745391312703, BTCUSDT, 3546954858, 93596.84, 0.28575,1745391312702,False
1745391316981, BTCUSDT, 3546954872, 93596.83, 0.45933,1745391316980,True
1745391316985, BTCUSDT, 3546954911, 93588.59, 0.19192,1745391316982,True
1745391322632, BTCUSDT, 3546955141, 93572.44, 1.7708,1745391322631,True
1745391333273, BTCUSDT, 3546955255, 93592.49, 0.17679,1745391333273,False
1745391353568, BTCUSDT, 3546955349, 93596.99, 1.0,1745391353567,True
1745391374650, BTCUSDT, 3546955426, 93596.52, 0.66717,1745391374650,True
1745391377184, BTCUSDT, 3546955436, 93596.52, 0.17118,1745391377184,True
1745391386061, BTCUSDT, 3546955484, 93596.52, 0.54453,1745391386060,True
1745391397442, BTCUSDT, 3546955538, 93596.53, 0.23233,1745391397442,False
1745391397444, BTCUSDT, 3546955539, 93596.53, 0.56125,1745391397443,False
1745391397444, BTCUSDT, 3546955545, 93597.0, 0.1898,1745391397443,False
1745391397541, BTCUSDT, 3546955569, 93606.19, 0.23699,1745391397540,False
1745391406790, BTCUSDT, 3546955684, 93630.15, 0.177,1745391406790,False
1745391422486, BTCUSDT, 3546955763, 93625.46, 0.19875,1745391422486,False
1745391423189, BTCUSDT, 3546955766, 93625.46, 9.78366,1745391423188,False
1745391429216, BTCUSDT, 3546955779, 93625.45, 0.97638,1745391429216,True
1745391429444, BTCUSDT, 3546955781, 93625.45, 1.39164,1745391429443,True
1745391432496, BTCUSDT, 3546955790, 93625.46, 0.17642,1745391432495,False
1745391433832, BTCUSDT, 3546955793, 93625.46, 2.02166,1745391433831,False
1745391433832, BTCUSDT, 3546955797, 93626.33, 0.23137,1745391433831,False
1745391433832, BTCUSDT, 3546955813, 93633.52, 0.96454,1745391433831,False
1745391433832, BTCUSDT, 3546955814, 93633.53, 1.71607,1745391433831,False
1745391433832, BTCUSDT, 3546955815, 93633.54, 0.70465,1745391433831,False
1745391433832, BTCUSDT, 3546955816, 93634.2, 0.21413,1745391433831,False
1745391433832, BTCUSDT, 3546955818, 93634.33, 0.21413,1745391433831,False
1745391433832, BTCUSDT, 3546955834, 93638.01, 0.21413,1745391433831,False
1745391433832, BTCUSDT, 3546955836, 93638.13, 0.21413,1745391433831,False
1745391433832, BTCUSDT, 3546955852, 93640.02, 0.78843,1745391433831,False
1745391433832, BTCUSDT, 3546955853, 93640.03, 1.71601,1745391433831,False
1745391436307, BTCUSDT, 3546955937, 93660.0, 0.23923,1745391436305,False
1745391442494, BTCUSDT, 3546955991, 93674.15, 0.19939,1745391442494,False
1745391457485, BTCUSDT, 3546956046, 93674.15, 0.17676,1745391457485,False
1745391472093, BTCUSDT, 3546956101, 93674.15, 2.33162,1745391472092,False
1745391472093, BTCUSDT, 3546956102, 93674.15, 0.86692,1745391472092,False
1745391479351, BTCUSDT, 3546956202, 93697.86, 0.21918,1745391479351,True
1745391487485, BTCUSDT, 3546956239, 93700.0, 0.17883,1745391487485,False
1745391492493, BTCUSDT, 3546956258, 93700.0, 0.18549,1745391492493,False
1745391497252, BTCUSDT, 3546956280, 93699.99, 2.0,1745391497251,True
1745391502789, BTCUSDT, 3546956312, 93700.0, 0.53055,1745391502788,False
1745391512756, BTCUSDT, 3546956443, 93700.92, 1.1918,1745391512746,False
1745391540726, BTCUSDT, 3546956539, 93703.13, 0.19169,1745391540725,True
1745391540726, BTCUSDT, 3546956540, 93703.13, 1.4407,1745391540725,True
1745391540726, BTCUSDT, 3546956545, 93700.91, 0.28947,1745391540725,True
1745391540761, BTCUSDT, 3546956575, 93695.0, 0.21576,1745391540750,True
1745391541212, BTCUSDT, 3546956596, 93691.86, 1.07224,1745391541211,True
1745391541212, BTCUSDT, 3546956597, 93691.86, 1.29643,1745391541212,True
1745391541215, BTCUSDT, 3546956600, 93691.86, 0.18757,1745391541214,True
1745391541215, BTCUSDT, 3546956601, 93691.86, 0.2272,1745391541214,True
1745391541215, BTCUSDT, 3546956604, 93691.86, 0.29932,1745391541214,True
1745391541215, BTCUSDT, 3546956607, 93691.86, 0.41506,1745391541214,True
1745391541215, BTCUSDT, 3546956609, 93691.86, 0.937,1745391541214,True
1745391541215, BTCUSDT, 3546956611, 93691.86, 0.1733,1745391541214,True
1745391541215, BTCUSDT, 3546956615, 93691.86, 0.25506,1745391541215,True
1745391545922, BTCUSDT, 3546956679, 93675.13, 0.46392,1745391545921,False
1745391546112, BTCUSDT, 3546956681, 93675.13, 0.31778,1745391546112,False
1745391551987, BTCUSDT, 3546956780, 93660.82, 0.2135,1745391551986,False
1745391562878, BTCUSDT, 3546956814, 93660.81, 0.69436,1745391562877,True
1745391580320, BTCUSDT, 3546956875, 93660.81, 0.22158,1745391580319,True
1745391581008, BTCUSDT, 3546956882, 93660.81, 0.26759,1745391581007,True
1745391587249, BTCUSDT, 3546956977, 93640.01, 1.08316,1745391587248,False
1745391592194, BTCUSDT, 3546956987, 93640.0, 0.18,1745391592194,True
1745391597359, BTCUSDT, 3546957030, 93632.49, 0.16812,1745391597359,True
1745391602491, BTCUSDT, 3546957135, 93640.0, 0.30846,1745391602490,False
1745391622763, BTCUSDT, 3546957444, 93698.37, 0.54125,1745391622762,False
1745391625216, BTCUSDT, 3546957451, 93698.37, 0.57299,1745391625215,False
1745391627551, BTCUSDT, 3546957465, 93699.99, 0.42986,1745391627550,True
1745391634388, BTCUSDT, 3546957516, 93691.32, 0.4267,1745391634385,False
1745391634388, BTCUSDT, 3546957518, 93691.32, 0.28128,1745391634385,False
1745391635273, BTCUSDT, 3546957544, 93700.0, 0.90627,1745391635273,False
1745391645624, BTCUSDT, 3546957606, 93704.0, 0.2022,1745391645623,False
1745391645624, BTCUSDT, 3546957630, 93710.3, 0.23244,1745391645623,False
1745391645624, BTCUSDT, 3546957631, 93710.55, 0.46653,1745391645623,False
1745391647762, BTCUSDT, 3546957642, 93710.55, 0.50642,1745391647762,False
1745391651869, BTCUSDT, 3546957665, 93710.54, 0.27794,1745391651867,True
1745391651870, BTCUSDT, 3546957666, 93710.54, 0.6223,1745391651868,True
1745391656214, BTCUSDT, 3546957727, 93693.1, 0.60684,1745391656213,True
1745391656214, BTCUSDT, 3546957731, 93692.24, 0.20471,1745391656213,True
1745391656214, BTCUSDT, 3546957736, 93691.0, 0.36998,1745391656213,True
1745391660771, BTCUSDT, 3546957760, 93689.85, 5.25623,1745391660770,True
1745391660771, BTCUSDT, 3546957774, 93688.02, 0.43362,1745391660770,True
1745391660771, BTCUSDT, 3546957775, 93688.01, 1.60042,1745391660770,True
1745391660771, BTCUSDT, 3546957776, 93688.0, 0.97173,1745391660770,True
1745391676438, BTCUSDT, 3546957842, 93688.0, 0.73767,1745391676438,True
1745391676440, BTCUSDT, 3546957843, 93688.0, 0.21869,1745391676439,True
1745391676446, BTCUSDT, 3546957852, 93688.0, 0.18341,1745391676445,True
1745391676452, BTCUSDT, 3546957855, 93688.0, 2.61994,1745391676451,True
1745391678048, BTCUSDT, 3546957902, 93674.71, 0.18199,1745391678046,True
1745391682566, BTCUSDT, 3546957962, 93662.82, 0.29029,1745391682565,False
1745391690664, BTCUSDT, 3546957986, 93668.85, 1.26813,1745391690663,False
1745391695624, BTCUSDT, 3546958033, 93685.17, 0.43257,1745391695624,False
1745391709128, BTCUSDT, 3546958153, 93695.33, 0.5,1745391709128,False
1745391710696, BTCUSDT, 3546958157, 93695.32, 0.32022,1745391710696,True
1745391710699, BTCUSDT, 3546958158, 93695.32, 0.32022,1745391710699,True
1745391711697, BTCUSDT, 3546958163, 93695.32, 0.32022,1745391711696,True
1745391711700, BTCUSDT, 3546958164, 93695.32, 0.32022,1745391711699,True
1745391711703, BTCUSDT, 3546958165, 93695.32, 0.31679,1745391711702,True
1745391711706, BTCUSDT, 3546958166, 93695.32, 0.32022,1745391711706,True
1745391712694, BTCUSDT, 3546958168, 93695.32, 0.32022,1745391712694,True
1745391712697, BTCUSDT, 3546958169, 93695.32, 0.32022,1745391712697,True
1745391716311, ARUSDT, 68588806, 6.48, 3202.57,1745391716310,True
1745391716311, ARUSDT, 68588807, 6.47, 5657.07,1745391716310,True
1745391716311, ARUSDT, 68588808, 6.46, 3576.03,1745391716310,True
1745391728527, BTCUSDT, 3546958258, 93695.33, 5.81363,1745391728526,False
1745391728527, BTCUSDT, 3546958263, 93696.13, 0.248,1745391728526,False
1745391728527, BTCUSDT, 3546958266, 93698.89, 0.23304,1745391728526,False
1745391728527, BTCUSDT, 3546958267, 93698.9, 0.70421,1745391728526,False
1745391728527, BTCUSDT, 3546958278, 93703.85, 0.27823,1745391728526,False
1745391728527, BTCUSDT, 3546958280, 93704.27, 0.21413,1745391728526,False
1745391728527, BTCUSDT, 3546958281, 93704.42, 0.21413,1745391728526,False
1745391735587, BTCUSDT, 3546958349, 93707.16, 0.59054,1745391735586,True
1745391741878, BTCUSDT, 3546958375, 93707.18, 0.18146,1745391741877,False
1745391742548, BTCUSDT, 3546958393, 93712.72, 0.3833,1745391742548,False
1745391744383, BTCUSDT, 3546958399, 93712.71, 0.26142,1745391744382,True
1745391751155, BTCUSDT, 3546958423, 93712.73, 0.58479,1745391751153,False
1745391751155, BTCUSDT, 3546958455, 93721.97, 0.4285,1745391751153,False
1745391751155, BTCUSDT, 3546958456, 93721.98, 1.27785,1745391751153,False
1745391751155, BTCUSDT, 3546958457, 93721.99, 1.71607,1745391751153,False
1745391751155, BTCUSDT, 3546958458, 93722.0, 0.53535,1745391751153,False
1745391751155, BTCUSDT, 3546958459, 93722.11, 0.495,1745391751153,False
1745391751155, BTCUSDT, 3546958475, 93725.57, 0.70395,1745391751153,False
1745391751155, BTCUSDT, 3546958481, 93726.48, 0.18903,1745391751153,False
1745391751155, BTCUSDT, 3546958483, 93726.73, 0.76552,1745391751153,False
1745391751155, BTCUSDT, 3546958494, 93728.37, 0.42826,1745391751153,False
1745391751155, BTCUSDT, 3546958495, 93728.38, 1.71601,1745391751153,False
1745391751155, BTCUSDT, 3546958499, 93730.41, 0.32041,1745391751153,False
1745391751155, BTCUSDT, 3546958501, 93731.07, 0.26701,1745391751153,False
1745391751155, BTCUSDT, 3546958502, 93731.1, 0.80104,1745391751153,False
1745391751155, BTCUSDT, 3546958505, 93731.39, 1.89586,1745391751153,False
1745391751155, BTCUSDT, 3546958506, 93731.7, 0.53529,1745391751153,False
1745391751155, BTCUSDT, 3546958512, 93732.47, 0.495,1745391751153,False
1745391751155, BTCUSDT, 3546958515, 93733.06, 0.80104,1745391751153,False
1745391751155, BTCUSDT, 3546958520, 93734.0, 0.42826,1745391751153,False
1745391751155, BTCUSDT, 3546958521, 93734.01, 1.77361,1745391751153,False
1745391751155, BTCUSDT, 3546958525, 93735.35, 0.80104,1745391751153,False
1745391751155, BTCUSDT, 3546958526, 93735.37, 0.42722,1745391751153,False
1745391751155, BTCUSDT, 3546958531, 93736.2, 1.48564,1745391751153,False
1745391751155, BTCUSDT, 3546958532, 93736.61, 0.3017,1745391751153,False
1745391751155, BTCUSDT, 3546958533, 93737.15, 0.80104,1745391751153,False
1745391751155, BTCUSDT, 3546958537, 93738.11, 0.80104,1745391751153,False
1745391751155, BTCUSDT, 3546958538, 93738.23, 0.80104,1745391751153,False
1745391751174, BTCUSDT, 3546958544, 93740.13, 0.4992,1745391751166,False
1745391751174, BTCUSDT, 3546958546, 93740.13, 0.27126,1745391751166,False
1745391751181, BTCUSDT, 3546958548, 93740.13, 0.24039,1745391751170,False
1745391751181, BTCUSDT, 3546958549, 93740.13, 0.19741,1745391751170,False
1745391751198, BTCUSDT, 3546958555, 93740.13, 0.1708,1745391751180,False
1745391751207, BTCUSDT, 3546958559, 93740.13, 0.16514,1745391751186,False
1745391751223, BTCUSDT, 3546958560, 93740.13, 1.33866,1745391751203,False
1745391754420, BTCUSDT, 3546958621, 93748.65, 0.63695,1745391754420,True
1745391756309, BTCUSDT, 3546958647, 93734.39, 0.19404,1745391756308,True
1745391757171, BTCUSDT, 3546958652, 93734.39, 0.1923,1745391757170,True
1745391757176, BTCUSDT, 3546958654, 93734.39, 0.1619,1745391757176,True
1745391759083, BTCUSDT, 3546958703, 93731.09, 3.73602,1745391759082,False
1745391759083, BTCUSDT, 3546958723, 93736.98, 0.49506,1745391759082,False
1745391759083, BTCUSDT, 3546958729, 93739.93, 0.66813,1745391759082,False
1745391759083, BTCUSDT, 3546958730, 93739.94, 1.71601,1745391759082,False
1745391764870, BTCUSDT, 3546958812, 93735.58, 5.0069,1745391764869,False
1745391764870, BTCUSDT, 3546958815, 93736.66, 0.31583,1745391764869,False
1745391764870, BTCUSDT, 3546958816, 93736.67, 0.70393,1745391764869,False
1745391764870, BTCUSDT, 3546958835, 93746.08, 0.73982,1745391764869,False
1745391772768, BTCUSDT, 3546958876, 93744.79, 0.21336,1745391772768,False
1745391773017, BTCUSDT, 3546958877, 93744.79, 0.17767,1745391773016,False
1745391773379, BTCUSDT, 3546958893, 93749.99, 0.22953,1745391773379,True
1745391774138, BTCUSDT, 3546958905, 93750.0, 0.16182,1745391774137,False
1745391774138, BTCUSDT, 3546958906, 93750.0, 0.25335,1745391774137,False
1745391800174, BTCUSDT, 3546959204, 93799.99, 0.4,1745391800173,True
1745391801731, BTCUSDT, 3546959208, 93799.99, 0.84212,1745391801730,True
1745391802791, BTCUSDT, 3546959214, 93800.0, 0.64488,1745391802790,False
1745391810907, BTCUSDT, 3546959269, 93800.0, 0.39693,1745391810904,False
1745391811932, BTCUSDT, 3546959308, 93800.0, 2.17891,1745391811931,False
1745391818184, BTCUSDT, 3546959384, 93812.33, 0.38502,1745391818182,False
1745391818184, BTCUSDT, 3546959391, 93813.38, 0.49511,1745391818182,False
1745391818184, BTCUSDT, 3546959400, 93814.82, 0.70328,1745391818182,False
1745391818184, BTCUSDT, 3546959424, 93818.39, 0.72461,1745391818182,False
1745391818184, BTCUSDT, 3546959426, 93818.42, 1.71601,1745391818182,False
1745391818184, BTCUSDT, 3546959435, 93821.1, 0.95303,1745391818182,False
1745391818184, BTCUSDT, 3546959452, 93824.31, 0.22199,1745391818182,False
1745391821521, BTCUSDT, 3546959478, 93818.84, 0.76536,1745391821520,True
1745391824055, BTCUSDT, 3546959513, 93809.52, 1.89459,1745391824054,True
1745391824055, BTCUSDT, 3546959516, 93809.3, 0.27475,1745391824054,True
1745391824055, BTCUSDT, 3546959517, 93809.29, 0.23621,1745391824054,True
1745391824055, BTCUSDT, 3546959522, 93807.89, 0.59027,1745391824054,True
1745391826750, BTCUSDT, 3546959598, 93780.0, 0.25656,1745391826750,True
1745391826755, BTCUSDT, 3546959599, 93780.0, 0.23907,1745391826754,True
1745391826820, BTCUSDT, 3546959621, 93772.0, 0.16,1745391826820,True
1745391827614, BTCUSDT, 3546959624, 93772.0, 0.20414,1745391827613,True
1745391830654, BTCUSDT, 3546959660, 93760.82, 3.53416,1745391830653,False
1745391851816, BTCUSDT, 3546959807, 93744.72, 0.56863,1745391851815,True
1745391857329, BTCUSDT, 3546959855, 93740.0, 0.32605,1745391857328,True
1745391857330, BTCUSDT, 3546959871, 93736.02, 0.70393,1745391857328,True
1745391862878, BTCUSDT, 3546960005, 93714.29, 0.2597,1745391862878,False
1745391871021, BTCUSDT, 3546960072, 93699.0, 0.86453,1745391871020,False
1745391881782, BTCUSDT, 3546960132, 93704.85, 0.61133,1745391881781,True
1745391881783, BTCUSDT, 3546960133, 93704.85, 0.39184,1745391881781,True
1745391881785, BTCUSDT, 3546960134, 93704.85, 3.79178,1745391881782,True
1745391881785, BTCUSDT, 3546960142, 93702.98, 0.66792,1745391881782,True
1745391881785, BTCUSDT, 3546960150, 93700.0, 1.11904,1745391881782,True
1745391881786, BTCUSDT, 3546960151, 93700.0, 1.65043,1745391881783,True
1745391881928, BTCUSDT, 3546960179, 93695.65, 0.47198,1745391881927,True
1745391883182, BTCUSDT, 3546960217, 93688.89, 0.16042,1745391883182,False
1745391890286, ARUSDT, 68588907, 6.44, 4131.2,1745391890285,True
1745391897735, BTCUSDT, 3546960325, 93681.66, 1.0,1745391897734,True
1745391918143, BTCUSDT, 3546960573, 93652.17, 2.57634,1745391918143,True
1745391918448, BTCUSDT, 3546960575, 93652.17, 0.2508,1745391918447,True
1745391922867, BTCUSDT, 3546960596, 93650.02, 0.19227,1745391922867,False
1745391930120, BTCUSDT, 3546960723, 93626.95, 0.34001,1745391930119,False
1745391930539, BTCUSDT, 3546960733, 93626.95, 7.65939,1745391930537,False
1745391930539, BTCUSDT, 3546960754, 93634.76, 0.21022,1745391930537,False
1745391930539, BTCUSDT, 3546960756, 93637.59, 0.21026,1745391930537,False
1745391930539, BTCUSDT, 3546960760, 93637.91, 0.80767,1745391930537,False
1745391930539, BTCUSDT, 3546960761, 93637.92, 0.63375,1745391930537,False
1745391930539, BTCUSDT, 3546960763, 93638.55, 0.585,1745391930537,False
1745391930539, BTCUSDT, 3546960768, 93640.01, 1.1301,1745391930537,False
1745391930539, BTCUSDT, 3546960769, 93640.1, 0.30171,1745391930537,False
1745391930539, BTCUSDT, 3546960774, 93642.18, 0.21413,1745391930537,False
1745391930539, BTCUSDT, 3546960775, 93642.19, 0.52109,1745391930537,False
1745391930539, BTCUSDT, 3546960776, 93642.2, 0.53529,1745391930537,False
1745391930539, BTCUSDT, 3546960778, 93642.41, 0.51028,1745391930537,False
1745391930539, BTCUSDT, 3546960781, 93643.11, 0.18037,1745391930537,False
1745391930539, BTCUSDT, 3546960796, 93646.69, 0.21413,1745391930537,False
1745391930539, BTCUSDT, 3546960797, 93646.93, 0.61753,1745391930537,False
1745391930539, BTCUSDT, 3546960802, 93648.28, 0.19608,1745391930537,False
1745391930539, BTCUSDT, 3546960803, 93648.64, 0.80067,1745391930537,False
1745391930831, BTCUSDT, 3546960812, 93650.01, 0.84366,1745391930830,False
1745391951381, BTCUSDT, 3546960968, 93623.95, 0.1708,1745391951377,False
1745391951611, BTCUSDT, 3546960970, 93623.95, 0.24958,1745391951610,False
1745391951625, BTCUSDT, 3546960978, 93623.96, 0.23496,1745391951625,False
1745391951627, BTCUSDT, 3546960979, 93623.96, 0.24169,1745391951627,False
1745391955482, BTCUSDT, 3546961000, 93630.69, 0.18396,1745391955482,True
1745391957399, BTCUSDT, 3546961004, 93630.69, 0.50129,1745391957399,True
1745391960482, BTCUSDT, 3546961016, 93630.69, 0.23028,1745391960482,True
1745391964494, BTCUSDT, 3546961030, 93630.69, 0.224,1745391964493,True
1745391967988, BTCUSDT, 3546961047, 93634.05, 0.313,1745391967988,True
1745391970482, BTCUSDT, 3546961059, 93634.05, 0.16249,1745391970482,True
1745391971968, BTCUSDT, 3546961064, 93634.05, 0.235,1745391971968,True
1745391974736, BTCUSDT, 3546961106, 93647.86, 0.38,1745391974736,True
1745391977706, BTCUSDT, 3546961120, 93647.52, 0.19437,1745391977705,True
1745391977706, BTCUSDT, 3546961144, 93635.51, 0.19174,1745391977705,True
1745391977706, BTCUSDT, 3546961148, 93635.09, 0.18131,1745391977705,True
1745391977706, BTCUSDT, 3546961153, 93633.85, 0.4,1745391977706,True
1745391980483, BTCUSDT, 3546961165, 93632.27, 0.20368,1745391980482,True
1745391982848, BTCUSDT, 3546961175, 93632.28, 0.22349,1745391982847,False
1745391984666, BTCUSDT, 3546961183, 93632.27, 0.21903,1745391984665,True
1745391985483, BTCUSDT, 3546961231, 93619.16, 0.18153,1745391985482,True
1745391998485, BTCUSDT, 3546961301, 93613.43, 0.4,1745391998485,True
1745392001663, BTCUSDT, 3546961424, 93592.21, 0.21413,1745392001662,True
1745392001663, BTCUSDT, 3546961425, 93592.2, 0.21413,1745392001662,True
1745392001663, BTCUSDT, 3546961426, 93592.19, 0.26479,1745392001662,True
1745392012203, BTCUSDT, 3546961512, 93584.03, 0.28206,1745392012203,True
1745392028005, BTCUSDT, 3546961639, 93570.61, 0.16823,1745392028005,False
1745392042307, BTCUSDT, 3546961870, 93553.75, 0.21419,1745392042306,True
1745392042307, BTCUSDT, 3546961871, 93553.74, 0.21413,1745392042306,True
1745392042307, BTCUSDT, 3546961873, 93553.37, 0.70525,1745392042306,True
1745392060468, BTCUSDT, 3546962125, 93524.04, 0.4684,1745392060468,True
1745392063502, BTCUSDT, 3546962141, 93524.04, 0.239,1745392063501,True
1745392065388, BTCUSDT, 3546962155, 93524.04, 0.78589,1745392065387,True
1745392066493, BTCUSDT, 3546962161, 93524.04, 0.431,1745392066492,True
1745392066579, BTCUSDT, 3546962162, 93524.04, 0.23567,1745392066567,True
1745392066681, BTCUSDT, 3546962164, 93524.04, 0.2495,1745392066662,True
1745392092089, BTCUSDT, 3546962295, 93524.04, 0.18796,1745392092089,True
1745392094475, BTCUSDT, 3546962316, 93524.05, 1.00485,1745392094473,False
1745392094475, BTCUSDT, 3546962320, 93525.0, 0.51263,1745392094473,False
1745392100760, BTCUSDT, 3546962389, 93541.97, 0.38207,1745392100759,True
1745392102789, BTCUSDT, 3546962412, 93533.74, 0.19789,1745392102789,False
1745392114499, BTCUSDT, 3546962499, 93545.67, 1.0,1745392114498,True
1745392125673, BTCUSDT, 3546962545, 93545.68, 0.4,1745392125672,False
1745392130418, BTCUSDT, 3546962569, 93545.67, 1.59587,1745392130417,True
1745392156794, BTCUSDT, 3546962824, 93520.88, 0.342,1745392156794,True
1745392159053, BTCUSDT, 3546962829, 93520.88, 0.54546,1745392159046,True
1745392173922, BTCUSDT, 3546962914, 93520.88, 0.18,1745392173921,False
1745392177013, BTCUSDT, 3546962944, 93524.05, 0.255,1745392177012,True
1745392178429, BTCUSDT, 3546962971, 93524.06, 0.35286,1745392178429,False
1745392178430, BTCUSDT, 3546962989, 93532.25, 0.33945,1745392178429,False
1745392178431, BTCUSDT, 3546962990, 93532.25, 0.36602,1745392178429,False
1745392178434, BTCUSDT, 3546963026, 93544.32, 0.495,1745392178431,False
1745392203371, BTCUSDT, 3546963321, 93524.33, 0.229,1745392203370,True
1745392212282, BTCUSDT, 3546963360, 93524.33, 0.20332,1745392212281,True
1745392215297, BTCUSDT, 3546963366, 93524.33, 0.18568,1745392215296,True
1745392217185, BTCUSDT, 3546963372, 93524.34, 1.28754,1745392217184,False
1745392218051, BTCUSDT, 3546963398, 93535.76, 0.18587,1745392218051,True
1745392221045, BTCUSDT, 3546963449, 93549.64, 0.18602,1745392221044,True
1745392226425, BTCUSDT, 3546963506, 93535.2, 0.24622,1745392226425,True
1745392226426, BTCUSDT, 3546963507, 93535.2, 0.31479,1745392226425,True
1745392231834, BTCUSDT, 3546963552, 93524.35, 0.38235,1745392231834,False
1745392240935, BTCUSDT, 3546963598, 93525.71, 0.5,1745392240935,True
1745392243121, BTCUSDT, 3546963604, 93525.71, 0.175,1745392243121,True
1745392243532, BTCUSDT, 3546963606, 93525.71, 0.18621,1745392243531,True
1745392244559, BTCUSDT, 3546963609, 93525.72, 0.28719,1745392244558,False
1745392246311, BTCUSDT, 3546963629, 93535.2, 0.18642,1745392246310,True
1745392249907, BTCUSDT, 3546963638, 93535.2, 3.0,1745392249907,True
1745392251290, BTCUSDT, 3546963641, 93535.2, 0.18659,1745392251290,True
1745392254309, BTCUSDT, 3546963654, 93535.2, 0.20809,1745392254308,True
1745392261052, BTCUSDT, 3546963681, 93535.2, 0.25489,1745392261048,True
1745392261057, BTCUSDT, 3546963682, 93535.2, 0.22545,1745392261051,True
1745392261057, BTCUSDT, 3546963683, 93535.2, 0.35463,1745392261051,True
1745392272224, BTCUSDT, 3546963822, 93524.53, 0.21852,1745392272223,True
1745392277022, BTCUSDT, 3546963938, 93534.89, 1.94227,1745392277022,True
1745392282829, BTCUSDT, 3546963955, 93534.9, 0.18228,1745392282828,False
1745392296615, BTCUSDT, 3546964007, 93534.89, 1.23158,1745392296614,True
1745392298914, BTCUSDT, 3546964086, 93516.76, 0.27709,1745392298914,True
1745392298914, BTCUSDT, 3546964087, 93516.76, 1.3909,1745392298914,True
1745392298914, BTCUSDT, 3546964088, 93516.76, 0.65493,1745392298914,True
1745392315317, BTCUSDT, 3546964225, 93502.0, 0.16371,1745392315316,True
1745392315334, BTCUSDT, 3546964241, 93500.0, 0.33726,1745392315334,True
1745392318928, BTCUSDT, 3546964266, 93500.01, 0.38207,1745392318928,False
1745392322173, BTCUSDT, 3546964277, 93500.0, 0.20074,1745392322172,True
1745392328191, BTCUSDT, 3546964337, 93511.75, 0.16845,1745392328191,False
1745392329666, BTCUSDT, 3546964349, 93511.75, 0.96405,1745392329665,False
1745392329825, BTCUSDT, 3546964368, 93513.76, 0.35509,1745392329822,False
1745392331235, BTCUSDT, 3546964397, 93519.3, 0.31517,1745392331235,False
1745392331305, BTCUSDT, 3546964416, 93526.12, 0.16906,1745392331305,False
1745392339994, BTCUSDT, 3546964457, 93529.64, 0.75296,1745392339993,False
1745392340283, BTCUSDT, 3546964458, 93529.63, 2.0,1745392340283,True
1745392342890, BTCUSDT, 3546964478, 93529.64, 0.18541,1745392342889,False
1745392360496, BTCUSDT, 3546964556, 93533.1, 0.19244,1745392360496,True
1745392370322, BTCUSDT, 3546964625, 93521.26, 0.82877,1745392370321,False
1745392374181, BTCUSDT, 3546964654, 93528.96, 0.51385,1745392374181,False
1745392379025, BTCUSDT, 3546964677, 93529.64, 1.80752,1745392379024,False
1745392379025, BTCUSDT, 3546964680, 93530.0, 0.25776,1745392379024,False
1745392380492, BTCUSDT, 3546964712, 93534.98, 0.20329,1745392380492,True
1745392390485, BTCUSDT, 3546964735, 93534.99, 0.16323,1745392390484,True
1745392394358, BTCUSDT, 3546964748, 93534.99, 6.37958,1745392394356,True
1745392394358, BTCUSDT, 3546964749, 93534.98, 0.24182,1745392394356,True
1745392394358, BTCUSDT, 3546964765, 93529.96, 0.21419,1745392394356,True
1745392394358, BTCUSDT, 3546964769, 93529.52, 0.73268,1745392394356,True
1745392394358, BTCUSDT, 3546964770, 93529.51, 0.21419,1745392394356,True
1745392394358, BTCUSDT, 3546964777, 93527.77, 1.71601,1745392394356,True
1745392394358, BTCUSDT, 3546964780, 93525.7, 0.21413,1745392394356,True
1745392394358, BTCUSDT, 3546964782, 93525.54, 0.21413,1745392394356,True
1745392394358, BTCUSDT, 3546964785, 93524.12, 1.69412,1745392394356,True
1745392394358, BTCUSDT, 3546964786, 93524.11, 0.57529,1745392394356,True
1745392394358, BTCUSDT, 3546964788, 93523.85, 0.80193,1745392394356,True
1745392394358, BTCUSDT, 3546964791, 93523.02, 0.80193,1745392394356,True
1745392394358, BTCUSDT, 3546964796, 93521.74, 0.64123,1745392394356,True
1745392394358, BTCUSDT, 3546964797, 93521.73, 2.14427,1745392394356,True
1745392394358, BTCUSDT, 3546964801, 93521.25, 0.64404,1745392394356,True
1745392394358, BTCUSDT, 3546964813, 93519.33, 1.28986,1745392394356,True
1745392394358, BTCUSDT, 3546964814, 93519.32, 0.73229,1745392394356,True
1745392402583, BTCUSDT, 3546964853, 93515.72, 0.77283,1745392402582,False
1745392402590, BTCUSDT, 3546964854, 93515.72, 0.18915,1745392402590,False
1745392402981, BTCUSDT, 3546964857, 93515.71, 0.24475,1745392402980,True
1745392403209, BTCUSDT, 3546964858, 93515.71, 0.65382,1745392403208,True
1745392420493, BTCUSDT, 3546964972, 93523.7, 0.18878,1745392420492,True
1745392422302, BTCUSDT, 3546964990, 93528.67, 0.28397,1745392422302,True
1745392430697, BTCUSDT, 3546965011, 93528.67, 0.85116,1745392430697,True
1745392430731, TAOUSDT, 33858041, 333.6, 81.4513,1745392430731,True
1745392440920, BTCUSDT, 3546965050, 93528.68, 0.57436,1745392440919,False
1745392445909, BTCUSDT, 3546965063, 93528.67, 1.36367,1745392445908,True
1745392445909, BTCUSDT, 3546965064, 93528.67, 0.1924,1745392445909,True
1745392445909, BTCUSDT, 3546965065, 93528.67, 0.1871,1745392445909,True
1745392445909, BTCUSDT, 3546965067, 93528.67, 0.46473,1745392445909,True
1745392452839, BTCUSDT, 3546965148, 93505.68, 0.19001,1745392452839,True
1745392456247, BTCUSDT, 3546965194, 93500.0, 3.62724,1745392456246,True
1745392462544, BTCUSDT, 3546965261, 93513.16, 0.21912,1745392462544,False
1745392471415, BTCUSDT, 3546965286, 93513.16, 0.21313,1745392471414,False
1745392472237, BTCUSDT, 3546965291, 93513.15, 0.4635,1745392472236,True
1745392489764, BTCUSDT, 3546965355, 93519.68, 0.58249,1745392489763,False
1745392501305, BTCUSDT, 3546965391, 93519.68, 0.16133,1745392501304,False
1745392501305, BTCUSDT, 3546965392, 93519.68, 0.16133,1745392501304,False
1745392501305, BTCUSDT, 3546965393, 93519.68, 0.16133,1745392501304,False
1745392511381, BTCUSDT, 3546965502, 93535.53, 0.17675,1745392511381,False
1745392516143, BTCUSDT, 3546965519, 93535.52, 0.19449,1745392516143,True
1745392522825, BTCUSDT, 3546965550, 93535.53, 0.21849,1745392522825,False
1745392529249, BTCUSDT, 3546965608, 93525.6, 0.24692,1745392529248,True
1745392529249, BTCUSDT, 3546965618, 93524.06, 0.21363,1745392529248,True
1745392530975, BTCUSDT, 3546965629, 93524.06, 0.71406,1745392530975,False
1745392541513, BTCUSDT, 3546965679, 93519.68, 0.5,1745392541513,True
1745392554485, BTCUSDT, 3546965713, 93519.69, 0.17327,1745392554485,False
1745392562875, BTCUSDT, 3546965803, 93503.08, 0.2148,1745392562874,True
1745392564485, BTCUSDT, 3546965809, 93503.08, 0.16296,1745392564485,False
1745392582828, BTCUSDT, 3546965870, 93503.08, 0.19976,1745392582827,False
1745392586734, BTCUSDT, 3546965894, 93503.08, 0.2089,1745392586733,False
1745392586734, BTCUSDT, 3546965895, 93503.08, 0.7164,1745392586733,False
1745392586735, BTCUSDT, 3546965896, 93503.08, 0.33283,1745392586734,False
1745392607002, BTCUSDT, 3546965984, 93511.4, 0.4995,1745392607002,True
1745392616683, BTCUSDT, 3546966013, 93511.4, 0.26687,1745392616682,True
1745392630831, BTCUSDT, 3546966091, 93506.73, 0.1803,1745392630830,False
1745392632985, BTCUSDT, 3546966111, 93511.39, 1.0,1745392632985,True
1745392635369, BTCUSDT, 3546966127, 93511.4, 0.17179,1745392635369,False
1745392636787, BTCUSDT, 3546966132, 93511.39, 0.21863,1745392636787,True
1745392637036, BTCUSDT, 3546966133, 93511.39, 0.21863,1745392637035,True
1745392637289, BTCUSDT, 3546966134, 93511.39, 0.21865,1745392637289,True
1745392640256, BTCUSDT, 3546966147, 93511.39, 1.8956,1745392640256,True
1745392642573, BTCUSDT, 3546966154, 93511.4, 0.19415,1745392642572,False
1745392643225, BTCUSDT, 3546966161, 93511.39, 1.10014,1745392643225,True
1745392657155, BTCUSDT, 3546966268, 93500.0, 0.71848,1745392657154,True
1745392657155, BTCUSDT, 3546966269, 93500.0, 0.21924,1745392657154,True
1745392657155, BTCUSDT, 3546966270, 93500.0, 4.0,1745392657154,True
1745392657155, BTCUSDT, 3546966271, 93500.0, 0.53449,1745392657154,True
1745392657156, BTCUSDT, 3546966276, 93500.0, 0.17427,1745392657155,True
1745392657156, BTCUSDT, 3546966279, 93500.0, 0.2046,1745392657155,True
1745392657156, BTCUSDT, 3546966281, 93500.0, 1.41112,1745392657155,True
1745392664873, BTCUSDT, 3546966347, 93499.52, 0.31904,1745392664872,True
1745392684517, BTCUSDT, 3546966427, 93499.52, 3.26749,1745392684516,True
1745392698713, BTCUSDT, 3546966534, 93490.9, 0.45927,1745392698712,True
1745392702794, BTCUSDT, 3546966556, 93490.91, 0.28092,1745392702793,False
1745392746650, BTCUSDT, 3546966706, 93490.9, 0.21371,1745392746650,True
1745392762884, BTCUSDT, 3546966754, 93490.91, 0.211,1745392762883,False
1745392769752, BTCUSDT, 3546966788, 93490.91, 0.37995,1745392769751,False
1745392769752, BTCUSDT, 3546966791, 93490.91, 0.37995,1745392769751,False
1745392769753, BTCUSDT, 3546966792, 93490.91, 0.80651,1745392769751,False
1745392769760, BTCUSDT, 3546966798, 93491.44, 0.70153,1745392769756,False
1745392769875, BTCUSDT, 3546966837, 93499.0, 0.41686,1745392769874,False
1745392769880, BTCUSDT, 3546966840, 93499.0, 0.401,1745392769879,False
1745392769896, BTCUSDT, 3546966846, 93499.53, 0.19568,1745392769895,False
1745392769896, BTCUSDT, 3546966847, 93499.53, 0.24707,1745392769895,False
1745392769896, BTCUSDT, 3546966854, 93501.0, 0.24618,1745392769895,False
1745392769896, BTCUSDT, 3546966855, 93501.0, 0.76369,1745392769895,False
1745392769903, BTCUSDT, 3546966860, 93501.0, 0.23164,1745392769902,False
1745392775291, BTCUSDT, 3546966936, 93505.29, 0.23869,1745392775290,False
1745392775291, BTCUSDT, 3546966940, 93506.92, 0.37604,1745392775290,False
1745392777444, BTCUSDT, 3546966967, 93506.91, 0.46056,1745392777443,True
1745392777445, BTCUSDT, 3546966971, 93506.81, 0.2466,1745392777443,True
1745392777445, BTCUSDT, 3546966972, 93506.81, 0.32,1745392777443,True
1745392779492, BTCUSDT, 3546967037, 93510.06, 0.2,1745392779492,True
1745392783105, BTCUSDT, 3546967066, 93512.39, 0.1712,1745392783104,False
1745392783186, BTCUSDT, 3546967074, 93512.39, 0.18865,1745392783186,False
1745392783188, BTCUSDT, 3546967075, 93512.39, 0.22965,1745392783188,False
1745392783190, BTCUSDT, 3546967076, 93512.39, 0.24447,1745392783189,False
1745392783191, BTCUSDT, 3546967077, 93512.39, 0.2455,1745392783191,False
1745392783193, BTCUSDT, 3546967078, 93512.39, 0.20589,1745392783192,False
1745392783229, BTCUSDT, 3546967081, 93512.39, 0.23968,1745392783229,False
1745392790382, BTCUSDT, 3546967213, 93540.98, 0.99977,1745392790379,False
1745392790383, BTCUSDT, 3546967215, 93540.98, 0.21355,1745392790379,False
1745392790426, BTCUSDT, 3546967228, 93547.62, 0.56834,1745392790425,False
1745392796429, BTCUSDT, 3546967261, 93549.49, 0.37,1745392796428,True
1745392800060, BTCUSDT, 3546967275, 93549.5, 0.59716,1745392800060,False
1745392800256, BTCUSDT, 3546967276, 93549.5, 0.68701,1745392800252,False
1745392800257, BTCUSDT, 3546967277, 93549.5, 0.17604,1745392800252,False
1745392800257, BTCUSDT, 3546967278, 93549.5, 0.24266,1745392800252,False
1745392800257, BTCUSDT, 3546967279, 93549.5, 1.38805,1745392800252,False
1745392800258, BTCUSDT, 3546967280, 93549.5, 0.66049,1745392800253,False
1745392800260, BTCUSDT, 3546967283, 93549.5, 1.3936,1745392800253,False
1745392800262, BTCUSDT, 3546967313, 93557.59, 0.70528,1745392800254,False
1745392800336, BTCUSDT, 3546967349, 93564.94, 0.2993,1745392800295,False
1745392800354, BTCUSDT, 3546967351, 93564.94, 0.2641,1745392800304,False
1745392800459, BTCUSDT, 3546967379, 93568.61, 0.27741,1745392800393,False
1745392800580, BTCUSDT, 3546967385, 93568.61, 0.4999,1745392800557,False
1745392804372, BTCUSDT, 3546967427, 93571.43, 0.53358,1745392804371,False
1745392811477, BTCUSDT, 3546967534, 93591.99, 0.21369,1745392811476,True
1745392812412, BTCUSDT, 3546967538, 93591.99, 0.534,1745392812411,True
1745392814750, BTCUSDT, 3546967620, 93563.22, 1.19467,1745392814749,False
1745392814752, BTCUSDT, 3546967621, 93563.22, 0.21292,1745392814750,False
1745392814937, BTCUSDT, 3546967628, 93567.17, 0.50308,1745392814937,True
1745392822830, BTCUSDT, 3546967662, 93571.78, 0.23472,1745392822830,False
1745392829041, BTCUSDT, 3546967685, 93571.77, 0.4385,1745392829040,True
1745392829042, BTCUSDT, 3546967686, 93571.77, 0.18304,1745392829041,True
1745392834617, BTCUSDT, 3546967763, 93550.38, 0.3,1745392834616,False
1745392847365, BTCUSDT, 3546967862, 93562.53, 0.16089,1745392847364,False
1745392855727, BTCUSDT, 3546967903, 93562.53, 1.0,1745392855726,False
1745392860990, BTCUSDT, 3546967926, 93562.52, 0.38246,1745392860989,True
1745392860991, BTCUSDT, 3546967929, 93562.52, 0.30857,1745392860990,True
1745392876144, BTCUSDT, 3546968081, 93530.7, 1.0,1745392876143,True
1745392882827, BTCUSDT, 3546968158, 93519.5, 0.22911,1745392882826,False
1745392890921, BTCUSDT, 3546968183, 93519.49, 0.68409,1745392890920,True
1745392897951, BTCUSDT, 3546968249, 93510.37, 2.05368,1745392897950,True
1745392897951, BTCUSDT, 3546968254, 93510.15, 0.28073,1745392897950,True
1745392909016, BTCUSDT, 3546968284, 93509.95, 0.17712,1745392909016,True
1745392914417, BTCUSDT, 3546968316, 93509.96, 0.16681,1745392914416,False
1745392914417, BTCUSDT, 3546968317, 93509.97, 0.31781,1745392914416,False
1745392942793, BTCUSDT, 3546968441, 93510.0, 0.24721,1745392942792,False
1745392949564, BTCUSDT, 3546968463, 93509.99, 0.19606,1745392949564,True
1745392961811, BTCUSDT, 3546968557, 93497.46, 0.2,1745392961811,True
1745392981078, BTCUSDT, 3546968645, 93497.47, 0.24531,1745392981076,False
1745392981078, BTCUSDT, 3546968646, 93497.47, 0.18611,1745392981076,False
1745393001861, BTCUSDT, 3546968721, 93497.47, 0.80395,1745393001860,False
1745393002934, BTCUSDT, 3546968761, 93510.0, 0.26469,1745393002934,False
1745393005424, BTCUSDT, 3546968771, 93510.0, 0.20479,1745393005423,False
1745393005425, BTCUSDT, 3546968772, 93510.0, 3.44865,1745393005424,False
1745393026919, TAOUSDT, 33858526, 331.9, 48.5496,1745393026918,True
1745393026919, TAOUSDT, 33858527, 331.8, 107.6813,1745393026918,True
1745393029292, TAOUSDT, 33858539, 331.7, 53.686,1745393029292,True
1745393029294, TAOUSDT, 33858546, 331.7, 98.2027,1745393029293,True
1745393035195, BTCUSDT, 3546968915, 93519.99, 0.4,1745393035195,True
1745393045449, BTCUSDT, 3546968943, 93519.99, 0.36314,1745393045448,True
1745393062798, BTCUSDT, 3546969063, 93500.06, 0.20612,1745393062797,False
1745393083574, BTCUSDT, 3546969141, 93500.05, 0.23149,1745393083573,True
1745393087018, BTCUSDT, 3546969150, 93500.05, 0.5,1745393087018,True
1745393088640, BTCUSDT, 3546969155, 93500.05, 3.009,1745393088639,True
1745393093073, BTCUSDT, 3546969168, 93500.06, 0.5,1745393093073,False
1745393117737, BTCUSDT, 3546969236, 93500.05, 0.21947,1745393117736,True
1745393135368, BTCUSDT, 3546969303, 93500.05, 0.22535,1745393135368,True
1745393137616, BTCUSDT, 3546969311, 93500.05, 0.94113,1745393137616,True
1745393139321, BTCUSDT, 3546969319, 93500.05, 0.36385,1745393139321,True
1745393139324, BTCUSDT, 3546969320, 93500.05, 0.20652,1745393139323,True
1745393174390, BTCUSDT, 3546969462, 93496.01, 0.2113,1745393174389,False
1745393174390, BTCUSDT, 3546969464, 93496.01, 0.2114,1745393174389,False
1745393181252, BTCUSDT, 3546969516, 93500.06, 0.4821,1745393181251,False
1745393181354, BTCUSDT, 3546969519, 93500.06, 0.19898,1745393181354,False
1745393181355, BTCUSDT, 3546969527, 93500.06, 0.23268,1745393181354,False
1745393200050, BTCUSDT, 3546969617, 93507.43, 0.499,1745393200050,True
1745393203368, BTCUSDT, 3546969623, 93507.43, 0.16041,1745393203368,True
1745393217148, BTCUSDT, 3546969660, 93507.43, 0.36634,1745393217147,True
1745393225488, BTCUSDT, 3546969724, 93498.93, 0.42038,1745393225487,True
1745393225489, BTCUSDT, 3546969725, 93498.93, 0.28541,1745393225488,True
1745393228068, TAOUSDT, 33858752, 330.3, 54.9378,1745393228068,True
1745393229877, TAOUSDT, 33858810, 330.0, 64.1299,1745393229876,True
1745393233878, BTCUSDT, 3546969768, 93496.17, 0.61739,1745393233877,True
1745393240816, BTCUSDT, 3546969826, 93507.44, 0.35466,1745393240815,False
1745393247159, BTCUSDT, 3546969912, 93529.83, 0.23577,1745393247159,True
1745393271514, BTCUSDT, 3546969984, 93529.83, 0.29587,1745393271513,True
1745393271616, BTCUSDT, 3546969986, 93529.83, 0.16629,1745393271615,True
1745393279680, BTCUSDT, 3546970024, 93525.51, 0.61713,1745393279679,True
1745393287475, BTCUSDT, 3546970083, 93520.37, 0.50386,1745393287474,False
1745393298348, BTCUSDT, 3546970134, 93529.83, 0.68662,1745393298348,True
1745393314266, BTCUSDT, 3546970195, 93529.83, 0.30589,1745393314266,True
1745393317211, BTCUSDT, 3546970205, 93529.84, 0.18002,1745393317211,False
1745393328416, BTCUSDT, 3546970237, 93529.84, 0.5,1745393328416,False
1745393345645, BTCUSDT, 3546970301, 93529.84, 0.17892,1745393345645,False
1745393345645, BTCUSDT, 3546970303, 93529.85, 0.23719,1745393345645,False
1745393345645, BTCUSDT, 3546970304, 93529.85, 0.19624,1745393345645,False
1745393360708, BTCUSDT, 3546970389, 93531.48, 1.26822,1745393360708,False
1745393370218, BTCUSDT, 3546970458, 93548.34, 0.27,1745393370217,True
1745393378738, BTCUSDT, 3546970477, 93548.34, 0.3531,1745393378738,True
1745393386034, BTCUSDT, 3546970501, 93546.4, 0.68365,1745393386033,False
1745393395727, BTCUSDT, 3546970529, 93546.39, 0.21484,1745393395726,True
1745393399792, BTCUSDT, 3546970540, 93546.4, 0.18491,1745393399791,False
1745393411078, BTCUSDT, 3546970587, 93546.39, 0.43893,1745393411077,True
1745393414196, BTCUSDT, 3546970608, 93546.4, 0.40038,1745393414196,False
1745393417168, BTCUSDT, 3546970676, 93557.03, 0.53754,1745393417167,False
1745393417168, BTCUSDT, 3546970677, 93557.03, 0.16349,1745393417167,False
1745393450809, BTCUSDT, 3546971004, 93590.41, 0.1759,1745393450809,True
1745393459482, BTCUSDT, 3546971051, 93595.99, 0.16981,1745393459481,True
1745393487533, BTCUSDT, 3546971168, 93596.0, 0.79375,1745393487532,False
1745393488849, BTCUSDT, 3546971220, 93605.35, 0.58571,1745393488848,False
1745393490027, BTCUSDT, 3546971241, 93608.7, 0.33737,1745393490027,False
1745393497058, BTCUSDT, 3546971311, 93619.05, 0.16798,1745393497057,False
1745393497879, BTCUSDT, 3546971339, 93626.0, 0.31191,1745393497878,False
1745393498105, BTCUSDT, 3546971355, 93632.0, 0.3173,1745393498105,False
1745393503449, BTCUSDT, 3546971461, 93650.0, 0.31727,1745393503448,False
1745393508530, BTCUSDT, 3546971482, 93650.0, 0.27316,1745393508529,False
1745393509408, BTCUSDT, 3546971486, 93650.0, 9.43055,1745393509407,False
1745393509408, BTCUSDT, 3546971487, 93650.0, 0.24103,1745393509407,False
1745393510030, BTCUSDT, 3546971535, 93661.92, 0.27587,1745393510029,False
1745393511521, BTCUSDT, 3546971597, 93668.89, 0.40449,1745393511520,True
1745393512520, BTCUSDT, 3546971604, 93668.89, 0.5871,1745393512519,True
1745393514158, BTCUSDT, 3546971613, 93668.89, 0.2605,1745393514157,True
1745393515914, BTCUSDT, 3546971619, 93668.89, 0.2803,1745393515913,True
1745393516595, BTCUSDT, 3546971623, 93668.89, 0.2429,1745393516594,True
1745393516599, BTCUSDT, 3546971625, 93668.89, 0.17105,1745393516597,True
1745393516605, BTCUSDT, 3546971626, 93668.89, 0.18076,1745393516602,True
1745393516671, BTCUSDT, 3546971632, 93666.67, 0.5,1745393516671,False
1745393527074, BTCUSDT, 3546971711, 93668.9, 0.82332,1745393527065,False
1745393527074, BTCUSDT, 3546971712, 93668.9, 0.17836,1745393527065,False
1745393543134, BTCUSDT, 3546971768, 93668.89, 0.34329,1745393543133,True
1745393552227, BTCUSDT, 3546971839, 93657.25, 1.48719,1745393552227,True
1745393557811, BTCUSDT, 3546971905, 93646.04, 0.36153,1745393557810,True
1745393561213, BTCUSDT, 3546971956, 93636.68, 0.18287,1745393561213,False
1745393571879, BTCUSDT, 3546972034, 93646.03, 0.68683,1745393571878,True
1745393606900, BTCUSDT, 3546972188, 93641.36, 2.77002,1745393606898,False
1745393606900, BTCUSDT, 3546972192, 93642.27, 0.33399,1745393606898,False
1745393606900, BTCUSDT, 3546972193, 93642.28, 0.23231,1745393606898,False
1745393606900, BTCUSDT, 3546972199, 93646.04, 0.1912,1745393606898,False
1745393606900, BTCUSDT, 3546972202, 93646.27, 0.70468,1745393606898,False
1745393606900, BTCUSDT, 3546972204, 93647.16, 0.16353,1745393606898,False
1745393606900, BTCUSDT, 3546972216, 93651.33, 0.21413,1745393606898,False
1745393606900, BTCUSDT, 3546972221, 93651.49, 0.95482,1745393606898,False
1745393606900, BTCUSDT, 3546972238, 93654.81, 0.21413,1745393606898,False
1745393606900, BTCUSDT, 3546972239, 93655.38, 1.71601,1745393606898,False
1745393606900, BTCUSDT, 3546972240, 93655.39, 0.21413,1745393606898,False
1745393606900, BTCUSDT, 3546972242, 93655.41, 0.49574,1745393606898,False
1745393606900, BTCUSDT, 3546972247, 93656.79, 0.18258,1745393606898,False
1745393606900, BTCUSDT, 3546972255, 93658.59, 0.21413,1745393606898,False
1745393606900, BTCUSDT, 3546972258, 93659.35, 0.21413,1745393606898,False
1745393606900, BTCUSDT, 3546972261, 93660.91, 1.03124,1745393606898,False
1745393606900, BTCUSDT, 3546972265, 93662.91, 0.21445,1745393606898,False
1745393606900, BTCUSDT, 3546972267, 93663.09, 1.71601,1745393606898,False
1745393606900, BTCUSDT, 3546972268, 93663.11, 0.21413,1745393606898,False
1745393606900, BTCUSDT, 3546972272, 93664.99, 1.5,1745393606898,False
1745393606900, BTCUSDT, 3546972274, 93665.98, 0.32069,1745393606898,False
1745393606900, BTCUSDT, 3546972275, 93666.68, 0.21413,1745393606898,False
1745393606900, BTCUSDT, 3546972276, 93666.88, 0.26724,1745393606898,False
1745393606900, BTCUSDT, 3546972280, 93667.52, 1.45462,1745393606898,False
1745393610356, BTCUSDT, 3546972305, 93667.53, 0.77666,1745393610355,False
1745393610357, BTCUSDT, 3546972306, 93667.53, 2.43615,1745393610356,False
1745393610357, BTCUSDT, 3546972316, 93668.9, 0.22924,1745393610356,False
1745393625026, BTCUSDT, 3546972386, 93670.19, 5.21959,1745393625024,True
1745393625026, BTCUSDT, 3546972398, 93667.53, 0.25441,1745393625024,True
1745393625026, BTCUSDT, 3546972410, 93665.33, 0.21413,1745393625024,True
1745393625026, BTCUSDT, 3546972413, 93664.86, 0.51632,1745393625024,True
1745393625026, BTCUSDT, 3546972414, 93664.85, 0.32,1745393625024,True
1745393625026, BTCUSDT, 3546972421, 93663.02, 0.21413,1745393625024,True
1745393625026, BTCUSDT, 3546972424, 93662.13, 0.53529,1745393625024,True
1745393625026, BTCUSDT, 3546972425, 93662.12, 0.25,1745393625024,True
1745393625026, BTCUSDT, 3546972427, 93661.57, 0.21413,1745393625024,True
1745393625026, BTCUSDT, 3546972431, 93660.06, 0.52999,1745393625024,True
1745393625026, BTCUSDT, 3546972433, 93659.54, 0.32069,1745393625024,True
1745393625026, BTCUSDT, 3546972435, 93659.12, 0.21413,1745393625024,True
1745393625026, BTCUSDT, 3546972442, 93657.98, 0.80174,1745393625024,True
1745393625026, BTCUSDT, 3546972443, 93657.88, 0.2887,1745393625024,True
1745393625026, BTCUSDT, 3546972449, 93655.63, 1.48783,1745393625024,True
1745393625026, BTCUSDT, 3546972450, 93655.61, 0.21413,1745393625024,True
1745393625026, BTCUSDT, 3546972453, 93655.27, 0.80174,1745393625024,True
1745393625026, BTCUSDT, 3546972454, 93655.13, 0.21413,1745393625024,True
1745393625026, BTCUSDT, 3546972457, 93653.59, 0.64038,1745393625024,True
1745393625026, BTCUSDT, 3546972460, 93653.14, 0.44288,1745393625024,True
1745393625361, BTCUSDT, 3546972468, 93665.12, 0.57518,1745393625360,True
1745393625898, BTCUSDT, 3546972471, 93662.13, 1.0,1745393625897,False
1745393663874, BTCUSDT, 3546972742, 93692.0, 1.29293,1745393663873,False
1745393667747, BTCUSDT, 3546972832, 93707.44, 0.40497,1745393667747,False
1745393667976, BTCUSDT, 3546972847, 93711.41, 0.31229,1745393667975,False
1745393667977, BTCUSDT, 3546972856, 93714.29, 0.30603,1745393667976,False
1745393667979, BTCUSDT, 3546972929, 93734.25, 0.26038,1745393667977,False
1745393673187, BTCUSDT, 3546972990, 93739.13, 0.23006,1745393673186,True
1745393673191, BTCUSDT, 3546972995, 93739.13, 0.7164,1745393673188,True
1745393673191, BTCUSDT, 3546972996, 93739.13, 0.2724,1745393673188,True
1745393673193, BTCUSDT, 3546973001, 93739.13, 0.36467,1745393673189,True
1745393673193, BTCUSDT, 3546973003, 93739.13, 0.19999,1745393673190,True
1745393673196, BTCUSDT, 3546973004, 93739.13, 0.17211,1745393673191,True
1745393673233, BTCUSDT, 3546973032, 93734.42, 0.19711,1745393673222,True
1745393676916, TAOUSDT, 33859589, 330.0, 60.33,1745393676916,True
1745393683363, BTCUSDT, 3546973101, 93727.97, 0.99472,1745393683363,False
1745393702044, BTCUSDT, 3546973248, 93742.5, 2.06995,1745393702042,False
1745393702044, BTCUSDT, 3546973283, 93749.99, 0.20879,1745393702042,False
1745393702044, BTCUSDT, 3546973288, 93751.88, 0.49506,1745393702042,False
1745393702044, BTCUSDT, 3546973305, 93755.75, 0.29236,1745393702042,False
1745393702044, BTCUSDT, 3546973306, 93755.78, 0.80174,1745393702042,False
1745393702044, BTCUSDT, 3546973321, 93759.83, 0.70377,1745393702042,False
1745393702044, BTCUSDT, 3546973322, 93759.87, 1.02791,1745393702042,False
1745393702044, BTCUSDT, 3546973323, 93759.91, 0.80174,1745393702042,False
1745393702044, BTCUSDT, 3546973329, 93760.63, 0.21413,1745393702042,False
1745393702044, BTCUSDT, 3546973334, 93761.03, 0.32069,1745393702042,False
1745393702044, BTCUSDT, 3546973338, 93762.34, 0.21413,1745393702042,False
1745393702044, BTCUSDT, 3546973339, 93762.35, 0.495,1745393702042,False
1745393702044, BTCUSDT, 3546973346, 93763.09, 0.80174,1745393702042,False
1745393707362, BTCUSDT, 3546973393, 93757.37, 0.16,1745393707361,False
1745393709917, BTCUSDT, 3546973400, 93757.36, 0.26327,1745393709916,True
1745393709922, BTCUSDT, 3546973401, 93757.36, 0.41812,1745393709921,True
1745393714680, BTCUSDT, 3546973475, 93743.57, 0.26885,1745393714680,True
1745393714681, BTCUSDT, 3546973476, 93743.57, 0.2749,1745393714680,True
1745393714684, BTCUSDT, 3546973478, 93743.57, 0.1745,1745393714683,True
1745393714684, BTCUSDT, 3546973480, 93742.49, 0.1794,1745393714683,True
1745393714708, BTCUSDT, 3546973482, 93742.49, 0.1973,1745393714707,True
1745393731232, BTCUSDT, 3546973570, 93728.14, 0.68653,1745393731232,True
1745393731392, BTCUSDT, 3546973571, 93728.14, 0.38707,1745393731391,True
1745393733019, BTCUSDT, 3546973589, 93725.0, 0.33627,1745393733018,True
1745393734289, BTCUSDT, 3546973594, 93725.01, 0.52191,1745393734288,False
1745393737548, BTCUSDT, 3546973627, 93735.71, 0.2,1745393737548,True
1745393752356, BTCUSDT, 3546973692, 93725.1, 0.17472,1745393752356,True
1745393767893, BTCUSDT, 3546973749, 93725.11, 0.34168,1745393767892,False
1745393775693, BTCUSDT, 3546973782, 93725.1, 0.20119,1745393775693,True
1745393798293, BTCUSDT, 3546974016, 93733.57, 0.52063,1745393798287,False
1745393823430, BTCUSDT, 3546974137, 93737.69, 1.10732,1745393823428,False
1745393823430, BTCUSDT, 3546974189, 93753.25, 0.53378,1745393823428,False
1745393823430, BTCUSDT, 3546974196, 93755.16, 0.21413,1745393823428,False
1745393823430, BTCUSDT, 3546974204, 93756.85, 0.21413,1745393823428,False
1745393823430, BTCUSDT, 3546974205, 93756.86, 0.495,1745393823428,False
1745393823430, BTCUSDT, 3546974216, 93759.09, 0.36838,1745393823428,False
1745393823430, BTCUSDT, 3546974217, 93759.11, 0.21413,1745393823428,False
1745393823430, BTCUSDT, 3546974225, 93761.63, 0.21413,1745393823428,False
1745393823430, BTCUSDT, 3546974226, 93761.64, 0.53529,1745393823428,False
1745393823430, BTCUSDT, 3546974231, 93762.98, 0.80006,1745393823428,False
1745393823430, BTCUSDT, 3546974235, 93763.86, 0.21413,1745393823428,False
1745393823430, BTCUSDT, 3546974240, 93764.23, 0.16,1745393823428,False
1745393823430, BTCUSDT, 3546974242, 93764.39, 0.80006,1745393823428,False
1745393823430, BTCUSDT, 3546974243, 93764.64, 1.8538,1745393823428,False
1745393823430, BTCUSDT, 3546974245, 93765.06, 0.28426,1745393823428,False
1745393823430, BTCUSDT, 3546974249, 93765.88, 0.80006,1745393823428,False
1745393823430, BTCUSDT, 3546974250, 93766.19, 0.21413,1745393823428,False
1745393823430, BTCUSDT, 3546974251, 93766.2, 0.80006,1745393823428,False
1745393823430, BTCUSDT, 3546974252, 93766.28, 0.80006,1745393823428,False
1745393823430, BTCUSDT, 3546974254, 93766.39, 1.71601,1745393823428,False
1745393823430, BTCUSDT, 3546974255, 93766.56, 0.80006,1745393823428,False
1745393823430, BTCUSDT, 3546974256, 93766.67, 0.80006,1745393823428,False
1745393823430, BTCUSDT, 3546974259, 93767.26, 0.32002,1745393823428,False
1745393823430, BTCUSDT, 3546974265, 93769.42, 0.80006,1745393823428,False
1745393823430, BTCUSDT, 3546974268, 93769.74, 0.21413,1745393823428,False
1745393827381, BTCUSDT, 3546974457, 93798.0, 0.27979,1745393827380,False
1745393827516, BTCUSDT, 3546974475, 93799.99, 0.16,1745393827515,True
1745393827521, BTCUSDT, 3546974477, 93799.99, 0.47604,1745393827519,True
1745393827521, BTCUSDT, 3546974478, 93799.99, 0.60203,1745393827519,True
1745393827522, BTCUSDT, 3546974479, 93799.99, 0.6421,1745393827521,True
1745393827522, BTCUSDT, 3546974482, 93798.01, 0.47086,1745393827521,True
1745393831850, BTCUSDT, 3546974514, 93800.0, 2.52062,1745393831849,False
1745393831850, BTCUSDT, 3546974515, 93800.0, 0.36598,1745393831849,False
1745393832232, BTCUSDT, 3546974541, 93807.13, 0.16959,1745393832230,False
1745393832232, BTCUSDT, 3546974562, 93810.0, 0.17365,1745393832230,False
1745393832235, BTCUSDT, 3546974643, 93827.94, 0.43668,1745393832232,False
1745393832235, BTCUSDT, 3546974654, 93829.89, 0.16,1745393832232,False
1745393832235, BTCUSDT, 3546974671, 93833.51, 0.4,1745393832232,False
1745393832323, BTCUSDT, 3546974701, 93835.19, 0.22826,1745393832291,False
1745393832323, BTCUSDT, 3546974702, 93835.19, 0.23531,1745393832291,False
1745393835345, BTCUSDT, 3546974734, 93835.19, 0.46815,1745393835344,False
1745393835345, BTCUSDT, 3546974735, 93835.19, 0.79114,1745393835344,False
1745393835345, BTCUSDT, 3546974736, 93835.19, 0.46987,1745393835344,False
1745393835345, BTCUSDT, 3546974737, 93835.19, 0.74057,1745393835344,False
1745393835345, BTCUSDT, 3546974738, 93835.19, 0.3813,1745393835345,False
1745393835346, BTCUSDT, 3546974757, 93840.0, 1.24867,1745393835345,False
1745393836028, BTCUSDT, 3546974809, 93849.0, 1.52037,1745393836027,False
1745393836029, BTCUSDT, 3546974841, 93855.3, 0.20339,1745393836027,False
1745393836263, BTCUSDT, 3546974860, 93857.14, 0.84366,1745393836262,True
1745393837588, BTCUSDT, 3546974900, 93848.81, 0.53321,1745393837587,False
1745393837588, BTCUSDT, 3546974901, 93848.81, 0.59208,1745393837587,False
1745393837588, BTCUSDT, 3546974902, 93848.81, 0.96197,1745393837587,False
1745393837588, BTCUSDT, 3546974903, 93848.81, 0.96213,1745393837588,False
1745393838074, BTCUSDT, 3546974906, 93848.8, 0.17844,1745393838073,True
1745393838074, BTCUSDT, 3546974907, 93848.8, 0.21521,1745393838073,True
1745393838075, BTCUSDT, 3546974908, 93848.8, 0.19675,1745393838075,True
1745393838310, BTCUSDT, 3546974912, 93848.8, 0.21312,1745393838309,True
1745393839116, BTCUSDT, 3546974940, 93837.82, 0.21431,1745393839115,True
1745393842217, BTCUSDT, 3546974977, 93847.2, 0.48265,1745393842217,False
1745393845171, BTCUSDT, 3546975050, 93860.61, 0.21369,1745393845170,False
1745393845172, BTCUSDT, 3546975071, 93864.0, 0.46741,1745393845171,False
1745393845194, BTCUSDT, 3546975138, 93871.0, 0.40208,1745393845185,False
1745393845257, BTCUSDT, 3546975204, 93880.0, 0.16,1745393845257,False
1745393845275, BTCUSDT, 3546975217, 93880.41, 0.36935,1745393845275,False
1745393845400, BTCUSDT, 3546975280, 93888.0, 0.17228,1745393845399,False
1745393845401, BTCUSDT, 3546975281, 93888.0, 0.3664,1745393845400,False
1745393845404, BTCUSDT, 3546975283, 93888.0, 0.26955,1745393845403,False
1745393845427, BTCUSDT, 3546975293, 93888.0, 0.85439,1745393845424,False
1745393845427, BTCUSDT, 3546975294, 93888.0, 1.28987,1745393845424,False
1745393845427, BTCUSDT, 3546975295, 93888.0, 0.29969,1745393845424,False
1745393845446, BTCUSDT, 3546975390, 93899.99, 0.26567,1745393845441,False
1745393845449, BTCUSDT, 3546975392, 93900.0, 1.1518,1745393845443,False
1745393845449, BTCUSDT, 3546975394, 93900.0, 0.32134,1745393845443,False
1745393845449, BTCUSDT, 3546975395, 93900.0, 0.61995,1745393845443,False
1745393845450, BTCUSDT, 3546975396, 93900.0, 0.19495,1745393845444,False
1745393845450, BTCUSDT, 3546975397, 93900.0, 0.1986,1745393845444,False
1745393845450, BTCUSDT, 3546975399, 93900.0, 0.37239,1745393845444,False
1745393845450, BTCUSDT, 3546975401, 93900.0, 0.37195,1745393845444,False
1745393845450, BTCUSDT, 3546975402, 93900.0, 0.32,1745393845444,False
1745393845450, BTCUSDT, 3546975403, 93900.0, 1.00842,1745393845444,False
1745393845451, BTCUSDT, 3546975404, 93900.0, 0.16,1745393845445,False
1745393845451, BTCUSDT, 3546975406, 93900.0, 1.5035,1745393845445,False
1745393845452, BTCUSDT, 3546975408, 93900.0, 0.16592,1745393845445,False
1745393845452, BTCUSDT, 3546975409, 93900.0, 1.3002,1745393845446,False
1745393845480, BTCUSDT, 3546975457, 93904.77, 0.21333,1745393845467,False
1745393845499, BTCUSDT, 3546975519, 93910.0, 1.0,1745393845492,False
1745393845548, BTCUSDT, 3546975522, 93910.0, 0.17338,1745393845547,False
1745393845564, BTCUSDT, 3546975525, 93910.0, 0.20086,1745393845563,False
1745393845564, BTCUSDT, 3546975527, 93910.0, 0.41042,1745393845563,False
1745393845564, BTCUSDT, 3546975529, 93910.0, 1.34545,1745393845563,False
1745393845565, BTCUSDT, 3546975611, 93919.4, 0.41557,1745393845563,False
1745393845565, BTCUSDT, 3546975669, 93927.0, 1.06082,1745393845563,False
1745393845739, BTCUSDT, 3546975709, 93930.4, 0.32,1745393845738,False
1745393846309, BTCUSDT, 3546975836, 93936.73, 0.62665,1745393846308,False
1745393846309, BTCUSDT, 3546975837, 93936.73, 0.25138,1745393846308,False
1745393846309, BTCUSDT, 3546975875, 93940.0, 0.31661,1745393846308,False
1745393846310, BTCUSDT, 3546975900, 93942.77, 0.29114,1745393846308,False
1745393846323, BTCUSDT, 3546975903, 93942.77, 0.56464,1745393846322,False
1745393846428, BTCUSDT, 3546975964, 93947.0, 1.00165,1745393846428,False
1745393846564, BTCUSDT, 3546975991, 93948.63, 0.87484,1745393846564,True
1745393846567, BTCUSDT, 3546975997, 93942.98, 0.59112,1745393846566,True
1745393846623, BTCUSDT, 3546976046, 93930.0, 0.33738,1745393846622,True
1745393846672, BTCUSDT, 3546976051, 93928.98, 0.20069,1745393846671,True
1745393846672, BTCUSDT, 3546976052, 93928.98, 0.21891,1745393846671,True
1745393846749, BTCUSDT, 3546976058, 93925.37, 0.16024,1745393846748,True
1745393846761, BTCUSDT, 3546976059, 93922.0, 0.27133,1745393846760,True
1745393847168, BTCUSDT, 3546976081, 93912.06, 0.78688,1745393847167,False
1745393847800, BTCUSDT, 3546976132, 93912.05, 0.47616,1745393847797,True
1745393849146, BTCUSDT, 3546976196, 93887.49, 0.40485,1745393849145,True
1745393855747, BTCUSDT, 3546976422, 93851.89, 0.16416,1745393855747,True
1745393855854, BTCUSDT, 3546976426, 93851.89, 1.03662,1745393855854,True
1745393856328, BTCUSDT, 3546976507, 93833.74, 1.03187,1745393856328,True
1745393857739, BTCUSDT, 3546976607, 93800.01, 0.47974,1745393857739,False
1745393860155, BTCUSDT, 3546976675, 93786.59, 0.20204,1745393860154,False
1745393862505, BTCUSDT, 3546976713, 93805.21, 1.48194,1745393862504,False
1745393868484, BTCUSDT, 3546976782, 93807.95, 0.28684,1745393868484,False
1745393868705, BTCUSDT, 3546976783, 93807.95, 0.19654,1745393868705,False
1745393876631, BTCUSDT, 3546976848, 93807.95, 0.2795,1745393876630,False
1745393878485, BTCUSDT, 3546976862, 93807.95, 0.22933,1745393878484,False
1745393883309, BTCUSDT, 3546976888, 93807.94, 0.55552,1745393883308,True
1745393883311, BTCUSDT, 3546976891, 93807.94, 0.20538,1745393883310,True
1745393883311, BTCUSDT, 3546976892, 93807.94, 0.25697,1745393883310,True
1745393883362, BTCUSDT, 3546976896, 93807.94, 2.47704,1745393883362,True
1745393883364, BTCUSDT, 3546976897, 93807.94, 1.69666,1745393883363,True
1745393883364, BTCUSDT, 3546976898, 93807.94, 0.4343,1745393883364,True
1745393883365, BTCUSDT, 3546976905, 93807.94, 1.05358,1745393883365,True
1745393883365, BTCUSDT, 3546976906, 93807.94, 0.80588,1745393883365,True
1745393883366, BTCUSDT, 3546976908, 93807.94, 0.1708,1745393883365,True
1745393883366, BTCUSDT, 3546976910, 93807.94, 1.20798,1745393883365,True
1745393883366, BTCUSDT, 3546976912, 93807.94, 1.47471,1745393883365,True
1745393883492, BTCUSDT, 3546976997, 93779.88, 0.26201,1745393883491,False
1745393885144, BTCUSDT, 3546977024, 93792.45, 0.51412,1745393885143,True
1745393891316, BTCUSDT, 3546977114, 93784.82, 0.42218,1745393891316,False
1745393893484, BTCUSDT, 3546977150, 93796.99, 0.28108,1745393893484,False
1745393901767, BTCUSDT, 3546977291, 93807.95, 0.37637,1745393901766,False
1745393920811, BTCUSDT, 3546977675, 93859.64, 0.63553,1745393920810,False
1745393927415, BTCUSDT, 3546977793, 93873.72, 0.76259,1745393927414,False
1745393927614, BTCUSDT, 3546977796, 93873.71, 4.0,1745393927614,True
1745393933449, BTCUSDT, 3546977854, 93859.63, 0.21841,1745393933446,True
1745393935119, BTCUSDT, 3546977914, 93842.41, 0.5327,1745393935118,False
1745393942744, BTCUSDT, 3546977952, 93842.4, 0.173,1745393942743,True
1745393943019, BTCUSDT, 3546977992, 93833.29, 0.17119,1745393943019,True
1745393946786, BTCUSDT, 3546978072, 93811.5, 0.165,1745393946785,True
1745393947367, BTCUSDT, 3546978093, 93809.32, 0.24994,1745393947366,True
1745393986046, BTCUSDT, 3546978351, 93792.84, 2.14487,1745393986045,True
1745393988866, BTCUSDT, 3546978363, 93792.85, 0.68301,1745393988865,False
1745393988885, BTCUSDT, 3546978370, 93797.12, 0.23202,1745393988880,False
1745393998971, BTCUSDT, 3546978434, 93800.0, 0.4,1745393998971,False
1745394007315, BTCUSDT, 3546978480, 93799.99, 0.57684,1745394007314,True
1745394007315, BTCUSDT, 3546978486, 93798.94, 0.70371,1745394007314,True
1745394021173, BTCUSDT, 3546978617, 93777.59, 0.25474,1745394021172,True
1745394022947, BTCUSDT, 3546978687, 93761.34, 1.43561,1745394022946,True
1745394022947, BTCUSDT, 3546978696, 93760.1, 0.61547,1745394022946,True
1745394022985, BTCUSDT, 3546978706, 93756.27, 0.19,1745394022985,False
1745394028538, BTCUSDT, 3546978855, 93725.76, 1.1489,1745394028537,True
1745394036827, BTCUSDT, 3546978927, 93720.0, 0.20204,1745394036827,True
1745394046058, BTCUSDT, 3546978956, 93720.01, 0.67763,1745394046054,False
1745394046167, BTCUSDT, 3546978969, 93725.0, 0.31753,1745394046167,True
1745394051010, BTCUSDT, 3546978988, 93725.01, 0.21339,1745394051010,False
1745394057657, BTCUSDT, 3546979009, 93725.01, 0.1996,1745394057656,False
1745394061505, BTCUSDT, 3546979079, 93731.56, 0.34142,1745394061505,False
1745394073910, BTCUSDT, 3546979142, 93730.01, 3.63696,1745394073910,False
1745394080394, BTCUSDT, 3546979188, 93743.95, 1.67144,1745394080394,False
1745394085289, BTCUSDT, 3546979225, 93748.23, 0.43478,1745394085288,False
1745394086504, BTCUSDT, 3546979243, 93751.95, 0.89681,1745394086503,False
1745394086504, BTCUSDT, 3546979275, 93758.57, 0.35132,1745394086503,False
1745394086504, BTCUSDT, 3546979284, 93760.16, 0.21413,1745394086503,False
1745394086504, BTCUSDT, 3546979285, 93760.28, 0.21413,1745394086503,False
1745394086504, BTCUSDT, 3546979294, 93762.29, 0.70635,1745394086503,False
1745394086504, BTCUSDT, 3546979305, 93763.38, 0.41858,1745394086503,False
1745394086504, BTCUSDT, 3546979306, 93763.39, 0.53529,1745394086503,False
1745394086504, BTCUSDT, 3546979310, 93764.12, 0.21413,1745394086503,False
1745394086504, BTCUSDT, 3546979311, 93764.24, 0.21413,1745394086503,False
1745394086504, BTCUSDT, 3546979319, 93765.96, 0.17864,1745394086503,False
1745394086504, BTCUSDT, 3546979330, 93768.18, 0.39453,1745394086503,False
1745394088760, BTCUSDT, 3546979335, 93768.18, 1.78481,1745394088760,False
1745394108118, BTCUSDT, 3546979398, 93768.17, 0.20941,1745394108117,True
1745394120405, BTCUSDT, 3546979495, 93751.51, 0.22897,1745394120405,True
1745394124661, ARUSDT, 68589382, 6.47, 5475.87,1745394124660,False
1745394126481, BTCUSDT, 3546979518, 93750.01, 0.53333,1745394126481,False
1745394132515, BTCUSDT, 3546979534, 93750.01, 0.53333,1745394132515,False
1745394136156, BTCUSDT, 3546979539, 93750.01, 0.83808,1745394136155,False
1745394140208, BTCUSDT, 3546979551, 93750.01, 0.75322,1745394140207,False
1745394142922, BTCUSDT, 3546979607, 93763.35, 0.21455,1745394142921,False
1745394149513, BTCUSDT, 3546979623, 93763.36, 0.36388,1745394149512,False
1745394158695, BTCUSDT, 3546979656, 93763.35, 0.31961,1745394158695,True
1745394158698, BTCUSDT, 3546979657, 93763.35, 0.31961,1745394158698,True
1745394158701, BTCUSDT, 3546979658, 93763.35, 0.31961,1745394158700,True
1745394159695, BTCUSDT, 3546979660, 93763.35, 0.31961,1745394159695,True
1745394159699, BTCUSDT, 3546979661, 93763.35, 0.28471,1745394159698,True
1745394159702, BTCUSDT, 3546979662, 93763.35, 0.31961,1745394159702,True
1745394164964, BTCUSDT, 3546979731, 93746.39, 0.18899,1745394164964,True
1745394167151, BTCUSDT, 3546979745, 93743.94, 0.16,1745394167151,True
1745394168369, BTCUSDT, 3546979768, 93743.94, 0.213,1745394168368,True
1745394169775, BTCUSDT, 3546979799, 93743.94, 0.25935,1745394169774,True
1745394169777, BTCUSDT, 3546979800, 93743.94, 0.22799,1745394169777,True
1745394169778, BTCUSDT, 3546979801, 93743.94, 0.46649,1745394169777,True
1745394169778, BTCUSDT, 3546979802, 93743.94, 0.38565,1745394169777,True
1745394179617, BTCUSDT, 3546979866, 93728.29, 0.21338,1745394179616,False
1745394184186, BTCUSDT, 3546979879, 93728.29, 0.37214,1745394184185,False
1745394208229, BTCUSDT, 3546980019, 93727.22, 0.17824,1745394208229,False
1745394241861, BTCUSDT, 3546980127, 93730.43, 0.1689,1745394241860,True
1745394242032, BTCUSDT, 3546980176, 93716.01, 0.26778,1745394242032,False
1745394246298, BTCUSDT, 3546980199, 93716.01, 1.37282,1745394246298,False
1745394275664, BTCUSDT, 3546980376, 93703.31, 0.25389,1745394275664,True
1745394283405, BTCUSDT, 3546980400, 93703.31, 0.19872,1745394283405,True
1745394290169, BTCUSDT, 3546980431, 93703.32, 0.19543,1745394290168,False
1745394317012, BTCUSDT, 3546980541, 93703.32, 0.21343,1745394317011,False
1745394358338, BTCUSDT, 3546980683, 93703.32, 1.00977,1745394358337,False
1745394358338, BTCUSDT, 3546980684, 93703.32, 0.4258,1745394358337,False
1745394358338, BTCUSDT, 3546980685, 93703.32, 0.55169,1745394358337,False
1745394358338, BTCUSDT, 3546980687, 93703.32, 0.32046,1745394358338,False
1745394358339, BTCUSDT, 3546980689, 93703.33, 0.30635,1745394358338,False
1745394363926, BTCUSDT, 3546980727, 93704.89, 0.59008,1745394363921,True
1745394402092, BTCUSDT, 3546980901, 93712.15, 0.48595,1745394402089,False
1745394402095, BTCUSDT, 3546980905, 93712.69, 0.1801,1745394402092,False
1745394402099, BTCUSDT, 3546980909, 93712.69, 1.78587,1745394402094,False
1745394402138, BTCUSDT, 3546980926, 93720.01, 0.23153,1745394402133,False
1745394402218, BTCUSDT, 3546980946, 93730.0, 0.23324,1745394402215,False
1745394402753, BTCUSDT, 3546980998, 93747.83, 0.23538,1745394402752,False
1745394406904, BTCUSDT, 3546981057, 93759.11, 0.3,1745394406904,True
1745394413653, BTCUSDT, 3546981089, 93759.11, 0.68347,1745394413653,True
1745394418892, BTCUSDT, 3546981116, 93759.12, 0.37901,1745394418891,False
1745394419597, BTCUSDT, 3546981126, 93761.9, 0.59059,1745394419597,True
1745394420311, BTCUSDT, 3546981128, 93761.91, 0.21994,1745394420310,False
1745394420311, BTCUSDT, 3546981129, 93761.91, 0.16813,1745394420310,False
1745394442711, BTCUSDT, 3546981383, 93800.0, 0.22408,1745394442709,False
1745394442764, BTCUSDT, 3546981420, 93809.38, 0.22846,1745394442762,False
1745394442764, BTCUSDT, 3546981421, 93809.38, 0.1749,1745394442762,False
1745394442774, BTCUSDT, 3546981422, 93809.38, 0.30918,1745394442772,False
1745394442781, BTCUSDT, 3546981425, 93809.53, 0.18991,1745394442779,False
1745394442806, BTCUSDT, 3546981426, 93809.53, 0.20394,1745394442805,False
1745394443421, BTCUSDT, 3546981438, 93810.59, 0.27127,1745394443420,True
1745394451240, BTCUSDT, 3546981526, 93784.81, 4.54949,1745394451239,False
1745394460577, BTCUSDT, 3546981590, 93789.97, 0.70259,1745394460576,False
1745394464873, BTCUSDT, 3546981646, 93803.87, 4.70983,1745394464872,True
1745394469933, BTCUSDT, 3546981674, 93803.87, 0.25795,1745394469932,True
1745394475547, BTCUSDT, 3546981725, 93791.41, 0.36391,1745394475547,False
1745394481750, BTCUSDT, 3546981836, 93765.0, 0.39018,1745394481750,True
1745394483012, BTCUSDT, 3546981903, 93742.44, 0.98971,1745394483011,False
1745394488554, BTCUSDT, 3546981963, 93752.79, 7.06475,1745394488553,True
1745394493651, BTCUSDT, 3546981996, 93756.84, 3.73547,1745394493649,False
1745394493651, BTCUSDT, 3546981999, 93756.98, 0.2343,1745394493649,False
1745394493651, BTCUSDT, 3546982009, 93761.96, 0.70381,1745394493649,False
1745394493651, BTCUSDT, 3546982014, 93764.75, 0.90414,1745394493649,False
1745394493651, BTCUSDT, 3546982017, 93765.26, 0.21419,1745394493649,False
1745394493651, BTCUSDT, 3546982018, 93765.27, 0.21419,1745394493649,False
1745394493651, BTCUSDT, 3546982026, 93766.79, 0.53529,1745394493649,False
1745394493651, BTCUSDT, 3546982027, 93766.8, 1.71601,1745394493649,False
1745394493651, BTCUSDT, 3546982029, 93767.58, 0.36745,1745394493649,False
1745394493651, BTCUSDT, 3546982036, 93769.34, 0.42826,1745394493649,False
1745394493651, BTCUSDT, 3546982037, 93769.43, 0.495,1745394493649,False
1745394493651, BTCUSDT, 3546982056, 93772.49, 0.64692,1745394493649,False
1745394493651, BTCUSDT, 3546982057, 93772.5, 1.71601,1745394493649,False
1745394493651, BTCUSDT, 3546982068, 93775.88, 0.21413,1745394493649,False
1745394493651, BTCUSDT, 3546982069, 93775.95, 0.21413,1745394493649,False
1745394493651, BTCUSDT, 3546982076, 93778.15, 0.53529,1745394493649,False
1745394493651, BTCUSDT, 3546982077, 93778.16, 1.40978,1745394493649,False
1745394493651, BTCUSDT, 3546982078, 93778.17, 1.71601,1745394493649,False
1745394493651, BTCUSDT, 3546982084, 93779.91, 0.80039,1745394493649,False
1745394493651, BTCUSDT, 3546982086, 93780.37, 1.5,1745394493649,False
1745394493651, BTCUSDT, 3546982090, 93780.74, 0.92326,1745394493649,False
1745394493651, BTCUSDT, 3546982092, 93780.93, 0.16,1745394493649,False
1745394493651, BTCUSDT, 3546982100, 93782.35, 0.32015,1745394493649,False
1745394493651, BTCUSDT, 3546982105, 93784.36, 1.71601,1745394493649,False
1745394493651, BTCUSDT, 3546982106, 93784.64, 0.80039,1745394493649,False
1745394493651, BTCUSDT, 3546982107, 93784.66, 0.34247,1745394493649,False
1745394493651, BTCUSDT, 3546982108, 93784.79, 0.42826,1745394493649,False
1745394493651, BTCUSDT, 3546982112, 93785.36, 0.32475,1745394493649,False
1745394493651, BTCUSDT, 3546982114, 93785.75, 0.34275,1745394493649,False
1745394493651, BTCUSDT, 3546982115, 93786.17, 0.80039,1745394493649,False
1745394493651, BTCUSDT, 3546982118, 93786.89, 1.99528,1745394493649,False
1745394493651, BTCUSDT, 3546982119, 93786.9, 1.59264,1745394493649,False
1745394493651, BTCUSDT, 3546982120, 93787.76, 0.76752,1745394493649,False
1745394493651, BTCUSDT, 3546982122, 93788.61, 0.53529,1745394493649,False
1745394493651, BTCUSDT, 3546982125, 93789.8, 0.34185,1745394493649,False
1745394493651, BTCUSDT, 3546982128, 93789.89, 0.80039,1745394493649,False
1745394493653, BTCUSDT, 3546982131, 93790.0, 0.52929,1745394493652,True
1745394493656, BTCUSDT, 3546982134, 93790.0, 0.35589,1745394493653,True
1745394493661, BTCUSDT, 3546982138, 93790.0, 0.295,1745394493657,True
1745394493936, BTCUSDT, 3546982144, 93790.01, 0.19348,1745394493936,False
1745394507404, BTCUSDT, 3546982252, 93800.0, 0.17667,1745394507404,False
1745394507405, BTCUSDT, 3546982253, 93800.0, 0.54177,1745394507404,False
1745394507405, BTCUSDT, 3546982259, 93800.57, 0.25478,1745394507404,False
1745394507694, BTCUSDT, 3546982268, 93803.86, 0.25,1745394507693,True
1745394513489, BTCUSDT, 3546982308, 93796.11, 0.16,1745394513488,True
1745394513489, BTCUSDT, 3546982310, 93796.11, 0.16,1745394513489,True
1745394513849, BTCUSDT, 3546982332, 93790.0, 0.16,1745394513848,True
1745394513849, BTCUSDT, 3546982333, 93790.0, 0.3005,1745394513848,True
1745394513851, BTCUSDT, 3546982335, 93790.0, 0.7501,1745394513851,True
1745394513852, BTCUSDT, 3546982338, 93790.0, 2.54098,1745394513851,True
1745394523665, BTCUSDT, 3546982457, 93755.11, 0.23522,1745394523664,False
1745394524053, BTCUSDT, 3546982463, 93757.35, 7.06476,1745394524052,True
1745394540267, BTCUSDT, 3546982547, 93765.29, 0.2185,1745394540266,False
1745394560225, BTCUSDT, 3546982657, 93776.41, 3.01421,1745394560224,False
1745394560225, BTCUSDT, 3546982663, 93777.2, 0.34551,1745394560224,False
1745394560225, BTCUSDT, 3546982665, 93777.29, 0.7037,1745394560224,False
1745394560225, BTCUSDT, 3546982675, 93780.54, 0.37506,1745394560224,False
1745394586393, BTCUSDT, 3546982861, 93808.16, 0.5536,1745394586392,True
1745394587060, BTCUSDT, 3546982864, 93808.17, 0.17647,1745394587059,False
1745394587147, BTCUSDT, 3546982865, 93808.16, 0.49252,1745394587147,True
1745394614216, BTCUSDT, 3546983050, 93784.97, 0.19213,1745394614215,True
1745394615996, BTCUSDT, 3546983069, 93782.07, 0.23626,1745394615995,False
1745394625824, BTCUSDT, 3546983102, 93780.43, 0.15995,1745394625824,False
1745394625967, BTCUSDT, 3546983104, 93780.43, 0.60684,1745394625966,False
1745394655627, BTCUSDT, 3546983243, 93790.49, 0.1985,1745394655626,True
1745394655627, BTCUSDT, 3546983244, 93790.49, 0.67076,1745394655626,True
1745394655628, BTCUSDT, 3546983245, 93790.49, 0.19073,1745394655626,True
1745394655629, BTCUSDT, 3546983247, 93790.49, 0.1988,1745394655627,True
1745394655678, BTCUSDT, 3546983277, 93782.61, 0.28814,1745394655669,True
1745394655687, BTCUSDT, 3546983305, 93774.22, 0.32,1745394655678,True
1745394658426, BTCUSDT, 3546983339, 93771.0, 0.19523,1745394658426,True
1745394667012, BTCUSDT, 3546983374, 93771.01, 0.23826,1745394667008,False
1745394667012, BTCUSDT, 3546983375, 93771.01, 2.44793,1745394667009,False
1745394678394, BTCUSDT, 3546983473, 93783.0, 0.67238,1745394678394,True
1745394692848, BTCUSDT, 3546983548, 93789.65, 0.20025,1745394692848,False
1745394693950, BTCUSDT, 3546983560, 93790.49, 0.16844,1745394693950,True
1745394699916, BTCUSDT, 3546983580, 93790.5, 0.38299,1745394699915,False
1745394775318, BTCUSDT, 3546984010, 93792.81, 0.68497,1745394775317,False
1745394776552, BTCUSDT, 3546984024, 93795.17, 0.26273,1745394776552,False
1745394777676, BTCUSDT, 3546984077, 93810.0, 0.16,1745394777676,False
1745394777680, BTCUSDT, 3546984140, 93829.01, 0.17412,1745394777677,False
1745394777728, BTCUSDT, 3546984146, 93829.12, 0.29429,1745394777726,False
1745394777728, BTCUSDT, 3546984147, 93829.12, 0.44242,1745394777726,False
1745394787696, BTCUSDT, 3546984279, 93846.99, 0.18043,1745394787695,True
1745394787699, BTCUSDT, 3546984280, 93846.99, 0.31983,1745394787698,True
1745394788694, BTCUSDT, 3546984290, 93846.99, 0.31982,1745394788693,True
1745394788863, BTCUSDT, 3546984291, 93847.0, 0.29167,1745394788862,False
1745394790273, BTCUSDT, 3546984299, 93847.0, 0.1708,1745394790270,False
1745394804648, BTCUSDT, 3546984474, 93859.78, 0.33585,1745394804648,False
1745394843481, BTCUSDT, 3546984646, 93859.77, 0.19798,1745394843481,True
1745394845734, BTCUSDT, 3546984656, 93859.79, 0.1708,1745394845734,False
1745394846233, BTCUSDT, 3546984678, 93869.15, 0.24478,1745394846233,True
1745394849808, BTCUSDT, 3546984701, 93869.16, 0.41131,1745394849807,False
1745394850024, BTCUSDT, 3546984746, 93878.12, 0.36606,1745394850024,False
1745394851514, BTCUSDT, 3546984803, 93883.68, 2.07984,1745394851513,False
1745394853145, BTCUSDT, 3546984848, 93886.13, 0.66971,1745394853145,False
1745394853148, BTCUSDT, 3546984890, 93895.26, 0.22031,1745394853146,False
1745394853233, BTCUSDT, 3546984912, 93899.99, 0.37158,1745394853233,True
1745394856439, BTCUSDT, 3546985042, 93916.28, 0.16,1745394856438,False
1745394864616, BTCUSDT, 3546985196, 93880.36, 0.30798,1745394864615,True
1745394864717, BTCUSDT, 3546985210, 93877.44, 0.198,1745394864716,True
1745394868481, BTCUSDT, 3546985246, 93870.0, 0.17385,1745394868481,True
1745394876956, TAOUSDT, 33860478, 332.0, 70.618,1745394876955,True
1745394883374, BTCUSDT, 3546985408, 93890.05, 0.31971,1745394883374,True
1745394884426, BTCUSDT, 3546985420, 93890.16, 2.78537,1745394884426,True
1745394889012, BTCUSDT, 3546985453, 93887.65, 0.19968,1745394889011,False
1745394907053, BTCUSDT, 3546985628, 93894.35, 0.34252,1745394907053,True
1745394909686, BTCUSDT, 3546985662, 93887.65, 0.31952,1745394909686,False
1745394914726, BTCUSDT, 3546985837, 93844.69, 0.16389,1745394914725,False
1745394922550, BTCUSDT, 3546985891, 93850.14, 0.21311,1745394922550,False
1745394926202, BTCUSDT, 3546985910, 93850.14, 0.22923,1745394926202,False
1745394940299, BTCUSDT, 3546986017, 93859.31, 1.0,1745394940299,True
1745394944677, BTCUSDT, 3546986038, 93859.31, 0.40545,1745394944676,True
1745394945074, BTCUSDT, 3546986039, 93859.31, 3.67429,1745394945073,True
1745394948004, BTCUSDT, 3546986051, 93859.31, 1.32571,1745394948004,True
1745394953798, BTCUSDT, 3546986083, 93859.32, 0.37335,1745394953798,False
1745394954429, BTCUSDT, 3546986099, 93862.52, 0.77242,1745394954429,True
1745394958260, BTCUSDT, 3546986118, 93862.53, 1.16034,1745394958260,False
1745394958261, BTCUSDT, 3546986119, 93862.53, 0.7278,1745394958260,False
1745394960529, BTCUSDT, 3546986228, 93886.52, 0.17308,1745394960528,True
1745394963771, BTCUSDT, 3546986241, 93886.52, 0.46661,1745394963771,True
1745394986080, BTCUSDT, 3546986366, 93886.52, 3.0,1745394986080,True
1745395007855, BTCUSDT, 3546986474, 93886.53, 0.22648,1745395007855,False
1745395008768, BTCUSDT, 3546986478, 93886.53, 0.35891,1745395008767,False
1745395008768, BTCUSDT, 3546986497, 93894.24, 0.375,1745395008767,False
1745395022025, BTCUSDT, 3546986566, 93895.9, 0.81931,1745395022024,True
1745395022035, BTCUSDT, 3546986580, 93891.21, 0.21198,1745395022034,True
1745395029906, BTCUSDT, 3546986625, 93887.93, 0.48965,1745395029906,False
1745395049583, BTCUSDT, 3546986736, 93887.92, 0.67393,1745395049583,True
1745395049907, BTCUSDT, 3546986738, 93887.93, 0.50991,1745395049907,False
1745395066030, BTCUSDT, 3546986865, 93895.0, 0.94724,1745395066029,False
1745395066030, BTCUSDT, 3546986872, 93895.91, 0.27098,1745395066029,False
1745395066030, BTCUSDT, 3546986875, 93897.12, 0.19388,1745395066029,False
1745395066030, BTCUSDT, 3546986879, 93897.38, 0.2198,1745395066029,False
1745395066030, BTCUSDT, 3546986880, 93897.38, 0.24067,1745395066029,False
1745395069149, BTCUSDT, 3546986949, 93905.53, 0.16731,1745395069149,False
1745395072272, BTCUSDT, 3546987005, 93909.83, 0.21298,1745395072272,True
1745395083234, BTCUSDT, 3546987113, 93912.9, 0.31951,1745395083233,False
1745395086184, BTCUSDT, 3546987257, 93920.34, 1.97609,1745395086183,True
1745395086186, BTCUSDT, 3546987260, 93920.34, 0.42332,1745395086184,True
1745395086186, BTCUSDT, 3546987269, 93919.18, 0.70263,1745395086184,True
1745395086186, BTCUSDT, 3546987278, 93915.36, 0.42599,1745395086184,True
1745395087822, BTCUSDT, 3546987303, 93911.36, 1.21201,1745395087821,False
1745395090254, BTCUSDT, 3546987361, 93921.98, 0.28783,1745395090253,False
1745395090255, BTCUSDT, 3546987419, 93936.29, 0.17143,1745395090253,False
1745395090257, BTCUSDT, 3546987420, 93936.29, 0.16,1745395090254,False
1745395090260, BTCUSDT, 3546987436, 93938.75, 0.40416,1745395090256,False
1745395091031, BTCUSDT, 3546987468, 93939.79, 0.24295,1745395091030,False
1745395091031, BTCUSDT, 3546987469, 93939.79, 1.22556,1745395091030,False
1745395091031, BTCUSDT, 3546987482, 93940.54, 0.19121,1745395091030,False
1745395091035, BTCUSDT, 3546987549, 93950.0, 1.61246,1745395091032,False
1745395091035, BTCUSDT, 3546987550, 93950.0, 0.61186,1745395091032,False
1745395091035, BTCUSDT, 3546987568, 93952.0, 0.48155,1745395091032,False
1745395091036, BTCUSDT, 3546987616, 93955.89, 0.42573,1745395091032,False
1745395091036, BTCUSDT, 3546987617, 93955.91, 0.495,1745395091032,False
1745395091047, BTCUSDT, 3546987699, 93962.26, 0.28093,1745395091038,False
1745395091070, BTCUSDT, 3546987761, 93967.0, 0.25753,1745395091050,False
1745395091070, BTCUSDT, 3546987763, 93967.0, 0.16,1745395091050,False
1745395091079, BTCUSDT, 3546987765, 93967.0, 0.21701,1745395091054,False
1745395091196, BTCUSDT, 3546987778, 93967.0, 0.16,1745395091185,False
1745395091317, BTCUSDT, 3546987881, 93973.5, 0.16,1745395091316,False
1745395091475, BTCUSDT, 3546987886, 93973.5, 0.16,1745395091474,False
1745395091611, BTCUSDT, 3546987891, 93973.5, 0.16,1745395091610,False
1745395091611, BTCUSDT, 3546987893, 93973.5, 0.32,1745395091610,False
1745395091616, BTCUSDT, 3546987897, 93973.5, 0.16,1745395091616,False
1745395092028, BTCUSDT, 3546987926, 93974.45, 0.32,1745395092027,False
1745395092028, BTCUSDT, 3546987927, 93974.45, 0.16,1745395092027,False
1745395093189, BTCUSDT, 3546987970, 93967.01, 0.16712,1745395093189,False
1745395093190, BTCUSDT, 3546987972, 93967.01, 0.19395,1745395093189,False
1745395093190, BTCUSDT, 3546987974, 93967.01, 0.33352,1745395093190,False
1745395093190, BTCUSDT, 3546987975, 93967.01, 0.16,1745395093190,False
1745395093191, BTCUSDT, 3546987977, 93967.01, 0.47823,1745395093190,False
1745395093191, BTCUSDT, 3546987978, 93967.01, 0.38033,1745395093190,False
1745395093191, BTCUSDT, 3546987979, 93967.01, 0.33794,1745395093190,False
1745395093191, BTCUSDT, 3546987980, 93967.01, 0.67185,1745395093190,False
1745395093193, BTCUSDT, 3546987990, 93974.45, 0.31958,1745395093191,False
1745395093197, BTCUSDT, 3546988064, 93980.0, 0.81081,1745395093192,False
1745395093200, BTCUSDT, 3546988067, 93980.0, 0.2558,1745395093194,False
1745395093200, BTCUSDT, 3546988105, 93983.0, 0.2,1745395093194,False
1745395093200, BTCUSDT, 3546988112, 93983.85, 0.495,1745395093194,False
1745395093428, BTCUSDT, 3546988186, 93967.35, 0.34839,1745395093427,True
1745395097201, BTCUSDT, 3546988249, 93967.36, 0.32,1745395097200,False
1745395097596, BTCUSDT, 3546988267, 93974.44, 0.16,1745395097596,False
1745395097597, BTCUSDT, 3546988294, 93984.55, 0.21419,1745395097596,False
1745395097710, BTCUSDT, 3546988301, 93986.22, 0.1712,1745395097709,True
1745395098026, BTCUSDT, 3546988314, 93986.23, 0.16,1745395098025,False
1745395098026, BTCUSDT, 3546988315, 93986.23, 0.32,1745395098025,False
1745395098956, BTCUSDT, 3546988330, 93986.23, 0.16,1745395098955,False
1745395098956, BTCUSDT, 3546988333, 93986.23, 0.23374,1745395098956,False
1745395098956, BTCUSDT, 3546988342, 93987.0, 0.42495,1745395098956,False
1745395098957, BTCUSDT, 3546988343, 93987.0, 0.32,1745395098956,False
1745395098957, BTCUSDT, 3546988344, 93987.0, 0.33013,1745395098956,False
1745395098957, BTCUSDT, 3546988359, 93988.0, 0.55744,1745395098956,False
1745395098959, BTCUSDT, 3546988384, 93990.0, 0.55857,1745395098957,False
1745395098959, BTCUSDT, 3546988405, 93991.9, 0.55079,1745395098957,False
1745395098962, BTCUSDT, 3546988475, 93999.0, 0.55941,1745395098958,False
1745395098968, BTCUSDT, 3546988476, 93999.0, 0.24424,1745395098961,False
1745395098972, BTCUSDT, 3546988478, 93999.0, 0.18516,1745395098964,False
1745395098981, BTCUSDT, 3546988481, 93999.0, 0.34515,1745395098970,False
1745395099160, BTCUSDT, 3546988497, 93999.0, 0.16,1745395099159,False
1745395099740, BTCUSDT, 3546988511, 93999.0, 0.16,1745395099740,False
1745395099740, BTCUSDT, 3546988512, 93999.0, 0.32,1745395099740,False
1745395101247, BTCUSDT, 3546988555, 93998.99, 0.1704,1745395101247,True
1745395101248, BTCUSDT, 3546988557, 93998.99, 0.17884,1745395101247,True
1745395101248, BTCUSDT, 3546988558, 93998.99, 0.19099,1745395101248,True
1745395101259, BTCUSDT, 3546988568, 93997.61, 0.35665,1745395101258,False
1745395101325, BTCUSDT, 3546988572, 93996.85, 0.24475,1745395101325,False
1745395102526, BTCUSDT, 3546988623, 93992.91, 0.17006,1745395102525,False
1745395102526, BTCUSDT, 3546988625, 93992.91, 0.37633,1745395102525,False
1745395102526, BTCUSDT, 3546988626, 93992.91, 0.1991,1745395102525,False
1745395102527, BTCUSDT, 3546988627, 93992.91, 2.07952,1745395102525,False
1745395102527, BTCUSDT, 3546988635, 93996.84, 0.17596,1745395102525,False
1745395102527, BTCUSDT, 3546988636, 93996.85, 0.49506,1745395102525,False
1745395102527, BTCUSDT, 3546988644, 93999.0, 0.32,1745395102525,False
1745395102531, BTCUSDT, 3546988674, 94000.0, 0.55351,1745395102525,False
1745395102537, BTCUSDT, 3546988691, 94000.0, 0.24999,1745395102530,False
1745395102541, BTCUSDT, 3546988692, 94000.0, 0.2889,1745395102532,False
1745395102541, BTCUSDT, 3546988693, 94000.0, 0.35495,1745395102532,False
1745395102543, BTCUSDT, 3546988695, 94000.0, 0.3028,1745395102533,False
1745395102544, BTCUSDT, 3546988696, 94000.0, 0.3725,1745395102533,False
1745395102544, BTCUSDT, 3546988697, 94000.0, 1.0277,1745395102534,False
1745395102545, BTCUSDT, 3546988698, 94000.0, 1.30426,1745395102534,False
1745395102546, BTCUSDT, 3546988699, 94000.0, 3.0141,1745395102534,False
1745395102546, BTCUSDT, 3546988700, 94000.0, 0.60857,1745395102534,False
1745395102546, BTCUSDT, 3546988701, 94000.0, 0.17495,1745395102534,False
1745395102547, BTCUSDT, 3546988702, 94000.0, 0.1704,1745395102535,False
1745395102549, BTCUSDT, 3546988703, 94000.0, 1.64219,1745395102535,False
1745395102549, BTCUSDT, 3546988704, 94000.0, 0.79874,1745395102535,False
1745395102549, BTCUSDT, 3546988705, 94000.0, 0.1704,1745395102536,False
1745395102550, BTCUSDT, 3546988708, 94000.0, 0.20227,1745395102536,False
1745395102550, BTCUSDT, 3546988710, 94000.0, 0.38364,1745395102536,False
1745395102550, BTCUSDT, 3546988712, 94000.0, 0.1716,1745395102536,False
1745395102551, BTCUSDT, 3546988715, 94000.0, 0.43675,1745395102537,False
1745395102551, BTCUSDT, 3546988716, 94000.0, 0.2116,1745395102537,False
1745395102551, BTCUSDT, 3546988717, 94000.0, 0.22525,1745395102537,False
1745395102553, BTCUSDT, 3546988720, 94000.0, 1.22814,1745395102538,False
1745395102554, BTCUSDT, 3546988722, 94000.0, 0.7425,1745395102538,False
1745395102556, BTCUSDT, 3546988724, 94000.0, 12.1423,1745395102539,False
1745395102557, BTCUSDT, 3546988729, 94000.0, 0.5255,1745395102539,False
1745395102557, BTCUSDT, 3546988734, 94000.0, 0.37957,1745395102539,False
1745395102557, BTCUSDT, 3546988736, 94000.0, 0.79874,1745395102539,False
1745395102558, BTCUSDT, 3546988738, 94000.0, 0.79874,1745395102539,False
1745395102559, BTCUSDT, 3546988742, 94000.0, 0.759,1745395102540,False
1745395102559, BTCUSDT, 3546988744, 94000.0, 0.24306,1745395102540,False
1745395102560, BTCUSDT, 3546988745, 94000.0, 1.84516,1745395102540,False
1745395102560, BTCUSDT, 3546988746, 94000.0, 0.22923,1745395102540,False
1745395102560, BTCUSDT, 3546988747, 94000.0, 0.3328,1745395102540,False
1745395102560, BTCUSDT, 3546988750, 94000.0, 0.16894,1745395102541,False
1745395102560, BTCUSDT, 3546988751, 94000.0, 0.2992,1745395102541,False
1745395102561, BTCUSDT, 3546988759, 94000.0, 0.2696,1745395102541,False
1745395102561, BTCUSDT, 3546988760, 94000.0, 0.3088,1745395102541,False
1745395102561, BTCUSDT, 3546988763, 94000.0, 0.2028,1745395102541,False
1745395102561, BTCUSDT, 3546988766, 94000.0, 0.8755,1745395102541,False
1745395102561, BTCUSDT, 3546988767, 94000.0, 0.719,1745395102541,False
1745395102561, BTCUSDT, 3546988768, 94000.0, 0.25222,1745395102541,False
1745395102561, BTCUSDT, 3546988769, 94000.0, 0.88446,1745395102541,False
1745395102561, BTCUSDT, 3546988770, 94000.0, 0.2017,1745395102541,False
1745395102562, BTCUSDT, 3546988773, 94000.0, 0.17932,1745395102541,False
1745395102562, BTCUSDT, 3546988776, 94000.0, 0.2076,1745395102542,False
1745395102562, BTCUSDT, 3546988779, 94000.0, 1.12446,1745395102542,False
1745395102564, BTCUSDT, 3546988780, 94000.0, 11.13798,1745395102542,False
1745395102564, BTCUSDT, 3546988781, 94000.0, 9.83372,1745395102542,False
1745395102564, BTCUSDT, 3546988782, 94000.0, 0.7425,1745395102542,False
1745395102565, BTCUSDT, 3546988783, 94000.0, 0.17296,1745395102542,False
1745395102565, BTCUSDT, 3546988784, 94000.0, 2.26439,1745395102542,False
1745395102566, BTCUSDT, 3546988818, 94000.99, 0.25137,1745395102543,False
1745395102568, BTCUSDT, 3546988823, 94001.0, 0.17076,1745395102543,False
1745395102568, BTCUSDT, 3546988891, 94007.0, 0.34299,1745395102543,False
1745395102569, BTCUSDT, 3546988894, 94007.0, 0.71865,1745395102544,False
1745395102577, BTCUSDT, 3546988944, 94011.0, 0.2,1745395102548,False
1745395102577, BTCUSDT, 3546989028, 94009.3, 0.18692,1745395102548,False
1745395102645, BTCUSDT, 3546989126, 94027.0, 0.56639,1745395102601,False
1745395102677, BTCUSDT, 3546989141, 94027.0, 0.44146,1745395102631,False
1745395102677, BTCUSDT, 3546989206, 94034.13, 0.29013,1745395102631,False
1745395102777, BTCUSDT, 3546989260, 94037.2, 1.24123,1745395102767,False
1745395102854, BTCUSDT, 3546989324, 94041.69, 1.1244,1745395102853,False
1745395102854, BTCUSDT, 3546989331, 94041.69, 0.2664,1745395102854,False
1745395102854, BTCUSDT, 3546989333, 94041.69, 0.21221,1745395102854,False
1745395102857, BTCUSDT, 3546989392, 94046.61, 0.2,1745395102855,False
1745395102857, BTCUSDT, 3546989394, 94046.61, 0.21323,1745395102856,False
1745395102859, BTCUSDT, 3546989405, 94047.0, 0.97108,1745395102857,False
1745395102859, BTCUSDT, 3546989580, 94065.81, 0.40374,1745395102857,False
1745395102901, BTCUSDT, 3546989682, 94073.0, 0.2087,1745395102893,False
1745395102925, BTCUSDT, 3546989741, 94077.42, 0.20838,1745395102912,False
1745395102951, BTCUSDT, 3546989935, 94093.46, 0.89174,1745395102934,False
1745395102951, BTCUSDT, 3546989994, 94081.15, 0.2,1745395102934,True
1745395102951, BTCUSDT, 3546989995, 94081.08, 0.33012,1745395102934,True
1745395102956, BTCUSDT, 3546990020, 94100.0, 1.27908,1745395102938,False
1745395102957, BTCUSDT, 3546990022, 94100.0, 0.78857,1745395102939,False
1745395102959, BTCUSDT, 3546990023, 94100.0, 0.99706,1745395102941,False
1745395102961, BTCUSDT, 3546990024, 94100.0, 0.79799,1745395102942,False
1745395102961, BTCUSDT, 3546990025, 94100.0, 0.65613,1745395102942,False
1745395102961, BTCUSDT, 3546990043, 94100.99, 0.35361,1745395102942,False
1745395102964, BTCUSDT, 3546990044, 94100.99, 1.01504,1745395102944,False
1745395102968, BTCUSDT, 3546990046, 94100.99, 0.65326,1745395102947,False
1745395102970, BTCUSDT, 3546990047, 94100.99, 0.2292,1745395102949,False
1745395102970, BTCUSDT, 3546990048, 94100.99, 1.10457,1745395102949,False
1745395102975, BTCUSDT, 3546990050, 94100.99, 1.64281,1745395102953,False
1745395102975, BTCUSDT, 3546990051, 94100.99, 0.5842,1745395102953,False
1745395102980, BTCUSDT, 3546990052, 94100.99, 0.66782,1745395102957,False
1745395102981, BTCUSDT, 3546990054, 94100.99, 1.28976,1745395102958,False
1745395103009, BTCUSDT, 3546990102, 94100.99, 0.23885,1745395102983,False
1745395103020, BTCUSDT, 3546990111, 94100.99, 0.20943,1745395102996,False
1745395103094, BTCUSDT, 3546990251, 94111.11, 2.0491,1745395103062,False
1745395103115, BTCUSDT, 3546990256, 94111.11, 0.46427,1745395103082,False
1745395103117, BTCUSDT, 3546990257, 94111.11, 0.18984,1745395103084,False
1745395103124, BTCUSDT, 3546990316, 94117.0, 0.25,1745395103092,False
1745395103124, BTCUSDT, 3546990321, 94117.52, 0.495,1745395103092,False
1745395103124, BTCUSDT, 3546990339, 94120.0, 0.28151,1745395103092,False
1745395103124, BTCUSDT, 3546990374, 94124.03, 0.8,1745395103092,False
1745395103125, BTCUSDT, 3546990391, 94126.3, 0.4795,1745395103092,False
1745395103130, BTCUSDT, 3546990420, 94128.95, 0.31949,1745395103097,False
1745395103130, BTCUSDT, 3546990424, 94129.31, 1.73639,1745395103097,False
1745395103131, BTCUSDT, 3546990429, 94126.94, 0.4516,1745395103099,False
1745395103262, BTCUSDT, 3546990521, 94124.9, 0.29278,1745395103228,True
1745395103298, BTCUSDT, 3546990549, 94113.67, 0.17697,1745395103269,True
1745395103298, BTCUSDT, 3546990550, 94113.67, 0.17767,1745395103269,True
1745395103300, BTCUSDT, 3546990552, 94113.67, 0.25037,1745395103271,True
1745395103300, BTCUSDT, 3546990559, 94111.1, 2.12595,1745395103271,True
1745395103321, BTCUSDT, 3546990568, 94108.09, 0.3,1745395103298,True
1745395103406, BTCUSDT, 3546990576, 94108.1, 0.35328,1745395103406,False
1745395103417, BTCUSDT, 3546990580, 94108.1, 0.16,1745395103417,False
1745395103442, BTCUSDT, 3546990590, 94108.1, 0.51262,1745395103441,False
1745395103505, BTCUSDT, 3546990619, 94128.24, 0.16101,1745395103494,True
1745395103520, BTCUSDT, 3546990625, 94117.59, 0.16112,1745395103512,True
1745395103562, BTCUSDT, 3546990630, 94117.59, 0.99676,1745395103561,True
1745395103598, BTCUSDT, 3546990647, 94111.2, 0.92429,1745395103597,True
1745395103616, BTCUSDT, 3546990652, 94108.11, 0.16331,1745395103616,True
1745395103619, BTCUSDT, 3546990653, 94108.11, 1.10067,1745395103618,True
1745395103765, BTCUSDT, 3546990677, 94103.99, 0.24916,1745395103764,True
1745395103769, BTCUSDT, 3546990680, 94103.99, 0.26199,1745395103768,True
1745395103867, BTCUSDT, 3546990747, 94096.41, 0.38871,1745395103867,True
1745395103872, BTCUSDT, 3546990757, 94093.51, 0.1704,1745395103871,True
1745395104012, BTCUSDT, 3546990804, 94082.45, 0.78207,1745395104011,False
1745395104012, BTCUSDT, 3546990805, 94082.45, 0.20438,1745395104011,False
1745395104160, BTCUSDT, 3546990827, 94087.57, 0.16,1745395104160,False
1745395104492, BTCUSDT, 3546990852, 94087.56, 0.39418,1745395104492,True
1745395104557, BTCUSDT, 3546990876, 94082.44, 0.38236,1745395104556,True
1745395105074, BTCUSDT, 3546990929, 94080.01, 0.38528,1745395105072,False
1745395105074, BTCUSDT, 3546990930, 94080.01, 0.26405,1745395105072,False
1745395105077, BTCUSDT, 3546990947, 94087.56, 0.45522,1745395105074,False
1745395105077, BTCUSDT, 3546990948, 94087.57, 0.27984,1745395105074,False
1745395105077, BTCUSDT, 3546990952, 94087.57, 0.71196,1745395105075,False
1745395105077, BTCUSDT, 3546990953, 94087.94, 0.29806,1745395105075,False
1745395105078, BTCUSDT, 3546990957, 94089.73, 0.2068,1745395105075,False
1745395105088, BTCUSDT, 3546990969, 94096.25, 0.3765,1745395105080,False
1745395105088, BTCUSDT, 3546990970, 94096.25, 0.29129,1745395105080,False
1745395105090, BTCUSDT, 3546990979, 94101.24, 0.72939,1745395105081,False
1745395105095, BTCUSDT, 3546990986, 94107.17, 0.53245,1745395105085,False
1745395105095, BTCUSDT, 3546990988, 94108.18, 0.33902,1745395105085,False
1745395105167, BTCUSDT, 3546991004, 94104.49, 0.39037,1745395105159,True
1745395105172, BTCUSDT, 3546991005, 94104.49, 0.36733,1745395105167,True
1745395105173, BTCUSDT, 3546991006, 94104.49, 0.19875,1745395105168,True
1745395105174, BTCUSDT, 3546991007, 94104.49, 0.18102,1745395105169,True
1745395105201, BTCUSDT, 3546991019, 94102.03, 0.2128,1745395105200,True
1745395105201, BTCUSDT, 3546991023, 94102.03, 0.1668,1745395105201,True
1745395105203, BTCUSDT, 3546991029, 94098.78, 0.22096,1745395105203,True
1745395105204, BTCUSDT, 3546991031, 94098.78, 0.23954,1745395105203,True
1745395105207, BTCUSDT, 3546991037, 94097.3, 0.25865,1745395105207,True
1745395105238, TAOUSDT, 33860769, 335.0, 158.4504,1745395105237,False
1745395105381, BTCUSDT, 3546991057, 94085.62, 1.09346,1745395105381,False
1745395105381, BTCUSDT, 3546991058, 94085.62, 0.6288,1745395105381,False
1745395105382, BTCUSDT, 3546991059, 94085.62, 1.09423,1745395105381,False
1745395105388, BTCUSDT, 3546991061, 94085.62, 0.6575,1745395105388,False
1745395105393, BTCUSDT, 3546991076, 94089.76, 0.20244,1745395105392,False
1745395105394, BTCUSDT, 3546991080, 94097.27, 0.40494,1745395105394,False
1745395105394, BTCUSDT, 3546991081, 94097.27, 0.19266,1745395105394,False
1745395105394, BTCUSDT, 3546991082, 94097.31, 0.4959,1745395105394,False
1745395105395, BTCUSDT, 3546991088, 94101.69, 0.5899,1745395105394,False
1745395105395, BTCUSDT, 3546991089, 94101.69, 0.2548,1745395105394,False
1745395105395, BTCUSDT, 3546991092, 94103.62, 0.18468,1745395105394,False
1745395105395, BTCUSDT, 3546991099, 94106.86, 0.495,1745395105394,False
1745395105395, BTCUSDT, 3546991100, 94107.01, 0.74057,1745395105394,False
1745395105395, BTCUSDT, 3546991101, 94107.02, 0.19752,1745395105394,False
1745395105642, BTCUSDT, 3546991131, 94109.99, 1.15266,1745395105641,True
1745395105770, BTCUSDT, 3546991138, 94110.0, 0.4122,1745395105770,False
1745395105770, BTCUSDT, 3546991149, 94117.6, 0.20939,1745395105770,False
1745395105771, BTCUSDT, 3546991150, 94117.6, 0.28561,1745395105770,False
1745395106325, BTCUSDT, 3546991215, 94119.51, 0.19343,1745395106324,False
1745395106327, BTCUSDT, 3546991230, 94128.93, 0.35747,1745395106325,False
1745395106750, BTCUSDT, 3546991296, 94130.0, 0.63761,1745395106749,True
1745395107152, BTCUSDT, 3546991354, 94114.17, 0.32,1745395107151,False
1745395107152, BTCUSDT, 3546991355, 94114.17, 0.16,1745395107151,False
1745395107206, BTCUSDT, 3546991368, 94114.17, 0.49781,1745395107206,False
1745395107682, BTCUSDT, 3546991400, 94117.26, 0.32,1745395107681,False
1745395107682, BTCUSDT, 3546991402, 94117.26, 0.16,1745395107681,False
1745395107702, BTCUSDT, 3546991427, 94134.15, 0.32,1745395107702,False
1745395107702, BTCUSDT, 3546991428, 94134.15, 0.16,1745395107702,False
1745395107792, BTCUSDT, 3546991441, 94134.15, 0.16,1745395107792,False
1745395107992, BTCUSDT, 3546991494, 94137.47, 0.215,1745395107991,False
1745395108669, BTCUSDT, 3546991566, 94137.47, 0.272,1745395108669,False
1745395108670, BTCUSDT, 3546991568, 94137.47, 0.16,1745395108669,False
1745395108894, BTCUSDT, 3546991579, 94137.47, 0.239,1745395108893,False
1745395108895, BTCUSDT, 3546991580, 94137.47, 0.16,1745395108894,False
1745395109028, BTCUSDT, 3546991693, 94145.59, 0.16,1745395109027,False
1745395109888, BTCUSDT, 3546991740, 94145.59, 0.32,1745395109888,False
1745395109889, BTCUSDT, 3546991742, 94145.59, 0.16,1745395109888,False
1745395110205, BTCUSDT, 3546991776, 94145.59, 0.266,1745395110204,False
1745395110591, BTCUSDT, 3546991790, 94145.58, 0.17756,1745395110591,True
1745395110597, BTCUSDT, 3546991794, 94145.59, 0.16,1745395110596,False
1745395110603, BTCUSDT, 3546991797, 94145.59, 0.32,1745395110602,False
1745395110652, BTCUSDT, 3546991961, 94158.0, 0.81356,1745395110651,False
1745395110656, BTCUSDT, 3546991962, 94158.0, 0.30833,1745395110656,False
1745395110658, BTCUSDT, 3546991963, 94158.0, 0.21932,1745395110658,False
1745395110659, BTCUSDT, 3546991964, 94158.0, 0.25312,1745395110658,False
1745395110664, BTCUSDT, 3546991966, 94158.0, 0.16212,1745395110663,False
1745395110726, BTCUSDT, 3546992197, 94178.37, 0.19864,1745395110721,False
1745395110755, BTCUSDT, 3546992397, 94199.0, 0.36248,1745395110745,False
1745395110756, BTCUSDT, 3546992409, 94200.0, 0.47282,1745395110746,False
1745395110776, BTCUSDT, 3546992424, 94200.0, 0.64,1745395110763,False
1745395110776, BTCUSDT, 3546992426, 94200.0, 0.32,1745395110763,False
1745395110778, BTCUSDT, 3546992427, 94200.0, 2.51616,1745395110765,False
1745395110780, BTCUSDT, 3546992429, 94200.0, 7.3475,1745395110766,False
1745395110780, BTCUSDT, 3546992440, 94200.89, 0.35252,1745395110766,False
1745395110810, BTCUSDT, 3546992537, 94212.0, 0.61522,1745395110792,False
1745395110850, BTCUSDT, 3546992640, 94222.0, 0.25883,1745395110823,False
1745395110867, BTCUSDT, 3546992704, 94227.0, 0.27545,1745395110837,False
1745395110879, BTCUSDT, 3546992721, 94227.0, 0.40469,1745395110849,False
1745395110890, BTCUSDT, 3546992727, 94227.0, 0.35051,1745395110858,False
1745395110892, BTCUSDT, 3546992730, 94227.0, 0.5,1745395110859,False
1745395110894, BTCUSDT, 3546992744, 94227.0, 0.20011,1745395110861,False
1745395110895, BTCUSDT, 3546992748, 94227.0, 0.88425,1745395110862,False
1745395110898, BTCUSDT, 3546992756, 94227.0, 0.5001,1745395110865,False
1745395110902, BTCUSDT, 3546992763, 94227.0, 0.1704,1745395110870,False
1745395110909, BTCUSDT, 3546992767, 94227.0, 0.54877,1745395110876,False
1745395110915, BTCUSDT, 3546992773, 94227.0, 0.25989,1745395110881,False
1745395110960, BTCUSDT, 3546993014, 94250.0, 1.3845,1745395110927,False
1745395110989, BTCUSDT, 3546993036, 94251.99, 0.16,1745395110954,False
1745395110989, BTCUSDT, 3546993039, 94252.03, 0.19605,1745395110954,False
1745395111075, BTCUSDT, 3546993075, 94252.96, 0.47388,1745395111056,True
1745395111075, BTCUSDT, 3546993078, 94252.0, 0.54257,1745395111056,True
1745395111121, BTCUSDT, 3546993092, 94252.01, 0.54623,1745395111119,True
1745395111130, BTCUSDT, 3546993098, 94252.03, 0.20391,1745395111128,False
1745395111130, BTCUSDT, 3546993099, 94252.49, 0.20555,1745395111128,False
1745395111130, BTCUSDT, 3546993101, 94252.95, 0.59992,1745395111128,False
1745395111133, BTCUSDT, 3546993131, 94256.03, 0.86734,1745395111131,False
1745395111299, BTCUSDT, 3546993214, 94263.99, 0.3411,1745395111299,True
1745395111312, BTCUSDT, 3546993219, 94263.99, 0.25573,1745395111311,True
1745395111318, BTCUSDT, 3546993222, 94263.99, 3.83849,1745395111318,True
1745395111325, BTCUSDT, 3546993227, 94263.99, 0.2146,1745395111324,True
1745395111340, BTCUSDT, 3546993244, 94252.01, 0.2216,1745395111340,True
1745395111362, BTCUSDT, 3546993248, 94252.01, 0.21998,1745395111361,True
1745395112011, BTCUSDT, 3546993370, 94248.64, 0.1935,1745395112010,True
1745395112012, BTCUSDT, 3546993371, 94248.64, 0.2159,1745395112010,True
1745395112012, BTCUSDT, 3546993372, 94248.64, 4.12838,1745395112011,True
1745395112012, BTCUSDT, 3546993373, 94248.64, 3.12387,1745395112011,True
1745395112142, BTCUSDT, 3546993404, 94230.57, 0.16952,1745395112141,True
1745395112143, BTCUSDT, 3546993427, 94220.86, 0.31949,1745395112142,True
1745395112143, BTCUSDT, 3546993430, 94220.33, 0.47934,1745395112142,True
1745395112143, BTCUSDT, 3546993431, 94220.32, 0.79874,1745395112142,True
1745395112143, BTCUSDT, 3546993434, 94218.69, 0.79874,1745395112142,True
1745395112143, BTCUSDT, 3546993435, 94218.18, 0.22484,1745395112142,True
1745395112143, BTCUSDT, 3546993442, 94214.57, 0.22899,1745395112142,True
1745395112143, BTCUSDT, 3546993448, 94211.93, 0.29334,1745395112142,True
1745395112143, BTCUSDT, 3546993452, 94211.36, 0.78849,1745395112142,True
1745395112144, BTCUSDT, 3546993459, 94207.86, 0.19296,1745395112143,True
1745395112154, BTCUSDT, 3546993463, 94211.39, 0.6575,1745395112148,True
1745395112188, BTCUSDT, 3546993509, 94198.46, 0.407,1745395112171,True
1745395112294, BTCUSDT, 3546993522, 94198.57, 0.1704,1745395112293,True
1745395112385, BTCUSDT, 3546993536, 94196.82, 0.26416,1745395112384,False
1745395112558, BTCUSDT, 3546993553, 94196.82, 0.22761,1745395112557,False
1745395112707, BTCUSDT, 3546993570, 94196.81, 0.31914,1745395112707,True
1745395112709, BTCUSDT, 3546993571, 94196.82, 0.57562,1745395112708,False
1745395112713, BTCUSDT, 3546993589, 94199.99, 0.16324,1745395112711,True
1745395112726, BTCUSDT, 3546993596, 94207.78, 0.31914,1745395112719,True
1745395112733, BTCUSDT, 3546993598, 94207.78, 0.30512,1745395112730,True
1745395112738, BTCUSDT, 3546993599, 94207.78, 0.31914,1745395112736,True
1745395112742, BTCUSDT, 3546993600, 94207.78, 0.31911,1745395112741,True
1745395112753, BTCUSDT, 3546993601, 94207.78, 0.5265,1745395112752,True
1745395112753, BTCUSDT, 3546993602, 94207.78, 0.5249,1745395112752,True
1745395112809, BTCUSDT, 3546993611, 94207.78, 0.2185,1745395112808,True
1745395112811, BTCUSDT, 3546993612, 94207.78, 0.63958,1745395112811,True
1745395113021, BTCUSDT, 3546993664, 94187.39, 0.29342,1745395113020,True
1745395113367, BTCUSDT, 3546993712, 94187.39, 0.45247,1745395113366,True
1745395113367, BTCUSDT, 3546993714, 94187.39, 3.3542,1745395113366,True
1745395113367, BTCUSDT, 3546993717, 94187.39, 0.24237,1745395113366,True
1745395113399, BTCUSDT, 3546993734, 94179.53, 0.186,1745395113398,False
1745395113399, BTCUSDT, 3546993735, 94179.53, 0.8,1745395113398,False
1745395113399, BTCUSDT, 3546993736, 94179.53, 0.64,1745395113399,False
1745395113399, BTCUSDT, 3546993737, 94179.53, 0.32,1745395113399,False
1745395113399, BTCUSDT, 3546993738, 94179.53, 0.774,1745395113399,False
1745395113401, BTCUSDT, 3546993741, 94179.53, 0.17196,1745395113400,False
1745395113403, BTCUSDT, 3546993750, 94185.7, 0.18647,1745395113401,False
1745395113703, BTCUSDT, 3546993780, 94195.09, 0.31914,1745395113703,True
1745395113707, BTCUSDT, 3546993781, 94195.09, 0.31911,1745395113706,True
1745395113710, BTCUSDT, 3546993782, 94195.09, 0.31913,1745395113709,True
1745395113713, BTCUSDT, 3546993783, 94195.09, 0.20529,1745395113712,True
1745395113946, BTCUSDT, 3546993816, 94195.1, 0.32,1745395113945,False
1745395113946, BTCUSDT, 3546993817, 94195.1, 0.64,1745395113945,False
1745395113946, BTCUSDT, 3546993818, 94195.1, 0.88,1745395113945,False
1745395113946, BTCUSDT, 3546993819, 94195.1, 0.75029,1745395113946,False
1745395113954, BTCUSDT, 3546993833, 94205.2, 0.236,1745395113954,False
1745395113955, BTCUSDT, 3546993834, 94205.2, 0.27,1745395113954,False
1745395113955, BTCUSDT, 3546993835, 94205.2, 0.269,1745395113955,False
1745395114131, BTCUSDT, 3546993843, 94205.19, 0.37063,1745395114131,True
1745395114225, BTCUSDT, 3546993850, 94205.2, 0.39201,1745395114224,False
1745395114227, BTCUSDT, 3546993854, 94205.2, 0.22242,1745395114225,False
1745395114229, BTCUSDT, 3546993872, 94216.23, 0.49506,1745395114226,False
1745395114489, BTCUSDT, 3546993909, 94239.19, 0.1973,1745395114488,True
1745395114489, BTCUSDT, 3546993910, 94239.19, 0.1959,1745395114488,True
1745395114489, BTCUSDT, 3546993911, 94239.19, 0.2371,1745395114488,True
1745395114702, BTCUSDT, 3546993936, 94232.8, 0.31914,1745395114701,True
1745395114706, BTCUSDT, 3546993937, 94232.8, 0.31911,1745395114705,True
1745395114709, BTCUSDT, 3546993938, 94232.8, 0.31913,1745395114708,True
1745395115673, BTCUSDT, 3546994011, 94205.19, 0.21918,1745395115672,True
1745395115706, BTCUSDT, 3546994048, 94188.49, 0.31911,1745395115705,True
1745395115826, BTCUSDT, 3546994052, 94188.49, 0.31835,1745395115825,True
1745395116696, BTCUSDT, 3546994208, 94144.0, 0.31913,1745395116695,True
1745395119777, BTCUSDT, 3546994372, 94129.41, 0.36739,1745395119776,True
1745395119777, BTCUSDT, 3546994373, 94129.41, 0.16909,1745395119776,True
1745395119779, BTCUSDT, 3546994377, 94129.41, 0.17238,1745395119778,True
1745395119784, BTCUSDT, 3546994407, 94121.96, 0.53911,1745395119782,True
1745395119788, BTCUSDT, 3546994410, 94121.96, 0.52149,1745395119785,True
1745395120343, BTCUSDT, 3546994534, 94095.27, 0.24,1745395120342,True
1745395122769, BTCUSDT, 3546994675, 94074.65, 0.66939,1745395122769,False
1745395122794, BTCUSDT, 3546994710, 94087.36, 0.31982,1745395122793,False
1745395122794, BTCUSDT, 3546994711, 94087.36, 0.16,1745395122794,False
1745395126482, BTCUSDT, 3546994846, 94073.12, 1.11412,1745395126479,False
1745395126485, BTCUSDT, 3546994856, 94075.24, 0.21915,1745395126480,False
1745395126487, BTCUSDT, 3546994893, 94093.66, 0.51804,1745395126482,False
1745395126523, BTCUSDT, 3546994921, 94093.65, 0.33653,1745395126522,False
1745395126540, BTCUSDT, 3546994947, 94104.08, 0.26624,1745395126533,False
1745395126849, BTCUSDT, 3546994996, 94126.7, 1.2036,1745395126848,True
1745395127422, BTCUSDT, 3546995021, 94114.12, 0.24006,1745395127421,True
1745395127454, BTCUSDT, 3546995041, 94107.11, 0.16,1745395127453,True
1745395127960, BTCUSDT, 3546995067, 94098.01, 0.1902,1745395127960,False
1745395129392, BTCUSDT, 3546995115, 94116.69, 0.62926,1745395129391,True
1745395129392, BTCUSDT, 3546995116, 94116.69, 1.0759,1745395129391,True
1745395129392, BTCUSDT, 3546995118, 94116.12, 0.70116,1745395129391,True
1745395129394, BTCUSDT, 3546995133, 94107.76, 0.96006,1745395129392,True
1745395131704, BTCUSDT, 3546995204, 94094.52, 0.29175,1745395131704,False
1745395137311, BTCUSDT, 3546995289, 94092.92, 0.70133,1745395137310,True
1745395137328, BTCUSDT, 3546995310, 94085.61, 0.39602,1745395137328,True
1745395137532, BTCUSDT, 3546995317, 94085.61, 0.56606,1745395137531,True
1745395137532, BTCUSDT, 3546995318, 94085.61, 0.79024,1745395137532,True
1745395137532, BTCUSDT, 3546995319, 94085.61, 0.28269,1745395137532,True
1745395137533, BTCUSDT, 3546995320, 94085.61, 0.34953,1745395137532,True
1745395138496, BTCUSDT, 3546995416, 94060.01, 0.4494,1745395138495,False
1745395138496, BTCUSDT, 3546995417, 94060.01, 1.18755,1745395138496,False
1745395138501, BTCUSDT, 3546995428, 94067.28, 0.6575,1745395138500,False
1745395138501, BTCUSDT, 3546995429, 94067.3, 0.25957,1745395138500,False
1745395139124, BTCUSDT, 3546995472, 94085.6, 0.32,1745395139120,False
1745395139126, BTCUSDT, 3546995473, 94085.61, 0.16,1745395139121,False
1745395139138, BTCUSDT, 3546995478, 94085.61, 0.16671,1745395139127,False
1745395139266, BTCUSDT, 3546995538, 94109.57, 0.19891,1745395139266,False
1745395139494, BTCUSDT, 3546995563, 94119.99, 0.2,1745395139493,True
1745395139774, BTCUSDT, 3546995567, 94119.99, 0.7411,1745395139773,True
1745395141695, BTCUSDT, 3546995613, 94114.89, 0.31883,1745395141694,True
1745395142694, BTCUSDT, 3546995625, 94114.89, 0.1651,1745395142693,True
1745395143018, BTCUSDT, 3546995629, 94114.9, 0.17929,1745395143017,False
1745395147382, BTCUSDT, 3546995734, 94132.35, 2.49167,1745395147381,True
1745395148001, BTCUSDT, 3546995743, 94123.42, 4.04668,1745395148001,False
1745395148170, BTCUSDT, 3546995760, 94132.35, 5.3051,1745395148170,False
1745395148170, BTCUSDT, 3546995761, 94132.35, 0.4771,1745395148170,False
1745395148171, BTCUSDT, 3546995763, 94132.35, 0.304,1745395148170,False
1745395148171, BTCUSDT, 3546995767, 94132.35, 0.1704,1745395148171,False
1745395148172, BTCUSDT, 3546995769, 94132.35, 0.1797,1745395148172,False
1745395148172, BTCUSDT, 3546995770, 94132.35, 0.23889,1745395148172,False
1745395148172, BTCUSDT, 3546995771, 94132.35, 0.333,1745395148172,False
1745395148172, BTCUSDT, 3546995772, 94132.35, 0.1802,1745395148172,False
1745395148172, BTCUSDT, 3546995773, 94132.35, 1.01169,1745395148172,False
1745395150901, BTCUSDT, 3546995922, 94160.22, 0.23752,1745395150900,False
1745395151084, BTCUSDT, 3546995924, 94160.21, 0.83955,1745395151084,True
1745395157220, BTCUSDT, 3546996111, 94124.0, 0.40879,1745395157219,True
1745395157220, BTCUSDT, 3546996112, 94124.0, 0.47675,1745395157219,True
1745395157220, BTCUSDT, 3546996120, 94123.12, 0.24691,1745395157220,True
1745395162649, BTCUSDT, 3546996291, 94100.01, 0.15941,1745395162648,False
1745395165987, BTCUSDT, 3546996488, 94078.74, 0.4251,1745395165986,False
1745395166281, BTCUSDT, 3546996497, 94077.9, 0.70145,1745395166280,True
1745395167649, BTCUSDT, 3546996556, 94065.42, 0.986,1745395167649,True
1745395172110, BTCUSDT, 3546996625, 94074.21, 0.23439,1745395172109,False
1745395172274, BTCUSDT, 3546996628, 94074.21, 0.81508,1745395172274,False
1745395172613, BTCUSDT, 3546996682, 94100.01, 0.52522,1745395172613,False
1745395174747, BTCUSDT, 3546996741, 94107.0, 0.25543,1745395174746,False
1745395175652, BTCUSDT, 3546996758, 94108.99, 0.21,1745395175651,False
1745395179066, BTCUSDT, 3546996862, 94086.77, 0.23325,1745395179065,False
1745395179066, BTCUSDT, 3546996865, 94088.25, 0.18552,1745395179065,False
1745395179066, BTCUSDT, 3546996866, 94088.25, 0.25693,1745395179065,False
1745395179114, BTCUSDT, 3546996943, 94115.52, 0.204,1745395179113,False
1745395179114, BTCUSDT, 3546996945, 94115.52, 0.16,1745395179114,False
1745395179516, BTCUSDT, 3546996956, 94117.89, 0.33218,1745395179515,True
1745395179720, BTCUSDT, 3546996958, 94117.9, 2.50702,1745395179719,False
1745395179720, BTCUSDT, 3546996980, 94124.38, 0.2785,1745395179719,False
1745395179720, BTCUSDT, 3546996981, 94124.39, 0.21419,1745395179719,False
1745395179720, BTCUSDT, 3546996983, 94124.42, 0.21419,1745395179719,False
1745395179720, BTCUSDT, 3546996991, 94127.32, 0.49506,1745395179719,False
1745395179720, BTCUSDT, 3546996996, 94129.52, 0.66315,1745395179719,False
1745395179720, BTCUSDT, 3546996997, 94129.53, 0.21413,1745395179719,False
1745395179720, BTCUSDT, 3546996998, 94129.55, 0.21413,1745395179719,False
1745395179720, BTCUSDT, 3546997002, 94131.6, 0.34234,1745395179719,False
1745395182322, BTCUSDT, 3546997015, 94131.59, 0.19996,1745395182321,True
1745395184457, BTCUSDT, 3546997054, 94125.01, 1.12444,1745395184456,False
1745395184458, BTCUSDT, 3546997075, 94131.6, 0.29601,1745395184457,False
1745395185474, BTCUSDT, 3546997172, 94156.6, 0.5708,1745395185474,True
1745395185941, BTCUSDT, 3546997175, 94156.61, 0.57653,1745395185940,False
1745395188208, BTCUSDT, 3546997203, 94156.6, 0.75924,1745395188208,True
1745395190047, BTCUSDT, 3546997222, 94153.75, 0.53098,1745395190046,False
1745395190049, BTCUSDT, 3546997267, 94163.39, 0.35322,1745395190047,False
1745395190050, BTCUSDT, 3546997268, 94163.39, 0.34753,1745395190047,False
1745395190058, BTCUSDT, 3546997300, 94175.36, 0.35669,1745395190052,False
1745395191155, BTCUSDT, 3546997327, 94178.93, 0.37267,1745395191154,False
1745395192649, BTCUSDT, 3546997348, 94178.04, 0.70178,1745395192648,True
1745395193634, BTCUSDT, 3546997363, 94173.91, 0.59821,1745395193634,True
1745395193634, BTCUSDT, 3546997364, 94173.91, 0.20334,1745395193634,True
1745395193635, BTCUSDT, 3546997367, 94173.91, 0.35062,1745395193634,True
1745395193679, BTCUSDT, 3546997417, 94164.53, 0.4242,1745395193678,True
1745395195374, TAOUSDT, 33861158, 334.8, 201.8086,1745395195374,True
1745395197856, BTCUSDT, 3546997495, 94133.8, 0.5094,1745395197856,True
1745395197965, BTCUSDT, 3546997499, 94133.81, 0.16184,1745395197964,False
1745395198806, BTCUSDT, 3546997530, 94136.8, 0.56026,1745395198805,True
1745395198808, BTCUSDT, 3546997534, 94136.13, 0.19911,1745395198807,True
1745395201141, BTCUSDT, 3546997600, 94157.83, 0.33287,1745395201141,True
1745395201756, BTCUSDT, 3546997608, 94157.83, 0.76573,1745395201756,True
1745395202239, BTCUSDT, 3546997610, 94157.83, 0.91526,1745395202238,True
1745395202241, BTCUSDT, 3546997618, 94153.23, 0.2666,1745395202239,True
1745395202465, BTCUSDT, 3546997643, 94136.8, 0.33403,1745395202464,True
1745395202465, BTCUSDT, 3546997649, 94135.77, 0.70096,1745395202464,True
1745395202465, BTCUSDT, 3546997652, 94133.81, 0.495,1745395202464,True
1745395202471, BTCUSDT, 3546997679, 94124.39, 0.38804,1745395202469,True
1745395203557, BTCUSDT, 3546997712, 94124.59, 0.5,1745395203556,True
1745395204592, BTCUSDT, 3546997727, 94124.6, 0.18689,1745395204591,False
1745395206528, BTCUSDT, 3546997801, 94131.86, 0.33533,1745395206527,True
1745395206639, BTCUSDT, 3546997821, 94124.59, 0.17632,1745395206638,True
1745395207288, BTCUSDT, 3546997897, 94098.62, 0.38399,1745395207288,False
1745395207288, BTCUSDT, 3546997901, 94100.42, 0.16823,1745395207288,False
1745395207290, BTCUSDT, 3546997922, 94115.59, 0.17407,1745395207288,False
1745395207333, BTCUSDT, 3546997955, 94132.5, 0.32,1745395207332,False
1745395207333, BTCUSDT, 3546997957, 94132.5, 0.16,1745395207333,False
1745395207704, BTCUSDT, 3546997985, 94115.89, 0.65902,1745395207703,True
1745395208560, BTCUSDT, 3546998022, 94098.61, 0.63969,1745395208560,True
1745395208564, BTCUSDT, 3546998058, 94086.76, 0.22001,1745395208562,True
1745395210766, BTCUSDT, 3546998144, 94064.91, 0.22923,1745395210765,False
1745395213395, BTCUSDT, 3546998201, 94064.9, 0.3216,1745395213394,True
1745395213395, BTCUSDT, 3546998202, 94064.9, 0.29468,1745395213394,True
1745395214158, BTCUSDT, 3546998227, 94060.0, 0.81188,1745395214157,True
1745395214158, BTCUSDT, 3546998228, 94060.0, 0.83438,1745395214158,True
1745395214636, BTCUSDT, 3546998290, 94045.59, 0.74361,1745395214635,True
1745395217974, BTCUSDT, 3546998382, 94033.9, 0.6694,1745395217973,False
1745395217974, BTCUSDT, 3546998383, 94033.9, 0.7425,1745395217973,False
1745395217974, BTCUSDT, 3546998384, 94033.9, 0.46735,1745395217973,False
1745395220510, BTCUSDT, 3546998460, 94042.91, 0.21633,1745395220510,True
1745395222525, BTCUSDT, 3546998483, 94042.92, 0.73401,1745395222524,False
1745395224057, BTCUSDT, 3546998509, 94037.31, 0.21201,1745395224057,False
1745395224924, BTCUSDT, 3546998516, 94037.31, 0.30954,1745395224924,False
1745395226431, BTCUSDT, 3546998536, 94037.3, 0.82771,1745395226431,True
1745395226431, BTCUSDT, 3546998537, 94037.3, 0.43102,1745395226431,True
1745395226432, BTCUSDT, 3546998538, 94037.3, 0.7577,1745395226431,True
1745395236090, BTCUSDT, 3546998760, 94050.85, 0.27993,1745395236090,False
1745395236139, BTCUSDT, 3546998812, 94067.57, 0.22023,1745395236138,False
1745395238012, BTCUSDT, 3546998912, 94089.89, 0.64158,1745395238012,True
1745395243217, BTCUSDT, 3546999043, 94119.27, 0.3841,1745395243216,True
1745395243441, BTCUSDT, 3546999089, 94097.85, 0.17788,1745395243440,True
1745395243442, BTCUSDT, 3546999094, 94097.85, 0.24523,1745395243441,True
1745395243442, BTCUSDT, 3546999096, 94097.85, 0.92405,1745395243441,True
1745395244298, BTCUSDT, 3546999155, 94073.22, 0.18106,1745395244297,False
1745395247291, BTCUSDT, 3546999255, 94109.8, 0.23694,1745395247290,False
1745395247936, BTCUSDT, 3546999270, 94104.1, 0.39041,1745395247936,True
1745395255557, BTCUSDT, 3546999449, 94126.08, 1.17009,1745395255556,False
1745395260493, BTCUSDT, 3546999520, 94111.44, 0.7108,1745395260492,True
1745395261229, BTCUSDT, 3546999605, 94081.07, 0.77223,1745395261229,False
1745395267154, BTCUSDT, 3546999772, 94040.0, 0.21209,1745395267154,True
1745395268834, BTCUSDT, 3546999831, 94039.41, 0.42826,1745395268833,False
1745395270219, BTCUSDT, 3546999851, 94034.71, 4.45106,1745395270219,False
1745395273047, BTCUSDT, 3546999906, 94024.54, 0.30581,1745395273047,True
1745395277120, BTCUSDT, 3547000001, 94012.65, 0.2874,1745395277119,True
1745395277121, BTCUSDT, 3547000025, 94006.52, 0.36,1745395277119,True
1745395277121, BTCUSDT, 3547000030, 94005.0, 0.24146,1745395277119,True
1745395277123, BTCUSDT, 3547000040, 94000.0, 1.33275,1745395277120,True
1745395277123, BTCUSDT, 3547000047, 93999.18, 0.16,1745395277120,True
1745395282523, BTCUSDT, 3547000158, 93992.11, 0.27974,1745395282523,False
1745395284038, BTCUSDT, 3547000171, 93992.1, 0.71946,1745395284037,True
1745395284552, BTCUSDT, 3547000175, 93992.1, 0.17812,1745395284551,True
1745395286324, BTCUSDT, 3547000225, 93982.69, 0.1611,1745395286324,False
1745395286544, BTCUSDT, 3547000234, 93991.65, 0.24622,1745395286544,False
1745395286570, BTCUSDT, 3547000247, 93999.1, 0.18043,1745395286569,False
1745395298434, BTCUSDT, 3547000425, 93979.01, 0.76612,1745395298432,True
1745395298898, BTCUSDT, 3547000447, 93979.01, 0.24098,1745395298897,True
1745395300940, BTCUSDT, 3547000532, 93970.37, 0.99901,1745395300940,True
1745395305537, BTCUSDT, 3547000568, 93970.37, 0.38084,1745395305536,True
1745395307564, BTCUSDT, 3547000580, 93970.38, 0.68068,1745395307564,False
1745395307835, BTCUSDT, 3547000584, 93970.38, 0.64521,1745395307834,False
1745395307835, BTCUSDT, 3547000588, 93974.17, 0.33576,1745395307834,False
1745395307835, BTCUSDT, 3547000592, 93976.76, 0.18343,1745395307834,False
1745395319970, BTCUSDT, 3547000740, 93967.81, 0.38944,1745395319969,False
1745395321788, BTCUSDT, 3547000762, 93972.68, 0.21282,1745395321787,False
1745395331823, BTCUSDT, 3547000826, 93972.67, 0.82552,1745395331822,True
1745395331823, BTCUSDT, 3547000835, 93970.07, 0.70219,1745395331822,True
1745395332590, BTCUSDT, 3547000881, 93956.52, 0.40924,1745395332589,True
1745395335201, BTCUSDT, 3547000949, 93948.79, 0.25826,1745395335200,False
1745395335201, BTCUSDT, 3547000950, 93948.79, 0.20256,1745395335201,False
1745395336317, BTCUSDT, 3547000963, 93955.76, 0.3351,1745395336317,True
1745395337757, BTCUSDT, 3547000972, 93955.77, 0.26147,1745395337756,False
1745395338504, BTCUSDT, 3547000991, 93960.46, 0.22145,1745395338503,True
1745395340225, BTCUSDT, 3547001004, 93960.46, 0.376,1745395340225,True
1745395340659, BTCUSDT, 3547001010, 93960.46, 0.20875,1745395340658,True
1745395345940, BTCUSDT, 3547001050, 93965.48, 0.21514,1745395345940,False
1745395347910, BTCUSDT, 3547001103, 93979.11, 0.36564,1745395347908,False
1745395350898, BTCUSDT, 3547001175, 93995.5, 0.45023,1745395350897,True
1745395356206, BTCUSDT, 3547001242, 93990.96, 0.39308,1745395356206,False
1745395356643, BTCUSDT, 3547001328, 94016.45, 0.2993,1745395356642,False
1745395356872, BTCUSDT, 3547001330, 94016.44, 0.48223,1745395356871,True
1745395361349, BTCUSDT, 3547001391, 93987.68, 0.54059,1745395361348,True
1745395362459, BTCUSDT, 3547001402, 93987.69, 0.31919,1745395362458,False
1745395363657, BTCUSDT, 3547001414, 93983.3, 0.27918,1745395363656,False
1745395383406, BTCUSDT, 3547001511, 93983.29, 0.19092,1745395383405,True
1745395400388, BTCUSDT, 3547001854, 93932.43, 0.3427,1745395400387,True
1745395406765, BTCUSDT, 3547001922, 93925.28, 3.72697,1745395406764,False
1745395415564, BTCUSDT, 3547001968, 93925.28, 0.16078,1745395415563,False
1745395416586, BTCUSDT, 3547001992, 93925.28, 0.61929,1745395416585,False
1745395429894, BTCUSDT, 3547002153, 93956.23, 0.68541,1745395429894,True
1745395436227, BTCUSDT, 3547002248, 93925.27, 0.44005,1745395436227,True
1745395436228, BTCUSDT, 3547002249, 93925.27, 1.40155,1745395436227,True
1745395440388, BTCUSDT, 3547002343, 93917.59, 2.67176,1745395440387,True
1745395444215, BTCUSDT, 3547002386, 93913.05, 0.16135,1745395444215,False
1745395453037, BTCUSDT, 3547002427, 93917.56, 2.06606,1745395453035,False
1745395453038, BTCUSDT, 3547002433, 93919.35, 0.17716,1745395453036,False
1745395453044, BTCUSDT, 3547002443, 93921.08, 0.70262,1745395453040,False
1745395454057, BTCUSDT, 3547002461, 93925.29, 0.36791,1745395454056,False
1745395456567, BTCUSDT, 3547002495, 93935.09, 0.23548,1745395456566,True
1745395464582, BTCUSDT, 3547002572, 93946.77, 0.76542,1745395464582,True
1745395464582, BTCUSDT, 3547002573, 93946.77, 0.42659,1745395464582,True
1745395464646, BTCUSDT, 3547002574, 93946.77, 0.40854,1745395464646,True
1745395464648, BTCUSDT, 3547002575, 93946.77, 0.17432,1745395464647,True
1745395490878, BTCUSDT, 3547002851, 93983.23, 0.2754,1745395490877,False
1745395494248, BTCUSDT, 3547002857, 93983.22, 0.96947,1745395494246,True
1745395494252, BTCUSDT, 3547002867, 93979.93, 0.19132,1745395494251,True
1745395494273, BTCUSDT, 3547002884, 93972.55, 0.60249,1745395494271,True
1745395510935, BTCUSDT, 3547003047, 93987.67, 0.77915,1745395510934,True
1745395511378, BTCUSDT, 3547003061, 93982.89, 0.96951,1745395511377,True
1745395511379, BTCUSDT, 3547003062, 93982.89, 0.22527,1745395511379,True
1745395524125, BTCUSDT, 3547003162, 93964.31, 2.4,1745395524124,True
1745395527724, BTCUSDT, 3547003235, 93944.57, 0.5,1745395527723,True
1745395540355, BTCUSDT, 3547003378, 93926.01, 0.48879,1745395540355,True
1745395542695, BTCUSDT, 3547003399, 93921.57, 0.30187,1745395542695,True
1745395544325, BTCUSDT, 3547003431, 93913.26, 0.2977,1745395544325,True
1745395545461, BTCUSDT, 3547003435, 93913.27, 5.53332,1745395545461,False
1745395549265, BTCUSDT, 3547003451, 93913.27, 2.25923,1745395549263,False
1745395549265, BTCUSDT, 3547003456, 93918.57, 0.27954,1745395549263,False
1745395549265, BTCUSDT, 3547003458, 93918.59, 0.21419,1745395549263,False
1745395549265, BTCUSDT, 3547003462, 93919.32, 0.70263,1745395549263,False
1745395549265, BTCUSDT, 3547003469, 93922.1, 0.21419,1745395549263,False
1745395549265, BTCUSDT, 3547003473, 93922.67, 0.49506,1745395549263,False
1745395549265, BTCUSDT, 3547003474, 93922.78, 0.94462,1745395549263,False
1745395549265, BTCUSDT, 3547003475, 93922.79, 1.71607,1745395549263,False
1745395549265, BTCUSDT, 3547003476, 93922.8, 0.21413,1745395549263,False
1745395549265, BTCUSDT, 3547003489, 93926.02, 0.23698,1745395549263,False
1745395549265, BTCUSDT, 3547003491, 93926.41, 0.21413,1745395549263,False
1745395549265, BTCUSDT, 3547003494, 93927.95, 0.53104,1745395549263,False
1745395549265, BTCUSDT, 3547003495, 93927.96, 0.70114,1745395549263,False
1745395549265, BTCUSDT, 3547003496, 93927.97, 0.21413,1745395549263,False
1745395549265, BTCUSDT, 3547003503, 93930.07, 1.71601,1745395549263,False
1745395549265, BTCUSDT, 3547003504, 93930.18, 0.21413,1745395549263,False
1745395549265, BTCUSDT, 3547003506, 93931.77, 0.21413,1745395549263,False
1745395549265, BTCUSDT, 3547003515, 93933.99, 0.21413,1745395549263,False
1745395549265, BTCUSDT, 3547003516, 93935.7, 0.82298,1745395549263,False
1745395549265, BTCUSDT, 3547003517, 93935.73, 0.21413,1745395549263,False
1745395549265, BTCUSDT, 3547003518, 93935.74, 2.26101,1745395549263,False
1745395549265, BTCUSDT, 3547003521, 93937.21, 0.27925,1745395549263,False
1745395549265, BTCUSDT, 3547003523, 93937.72, 0.53104,1745395549263,False
1745395549265, BTCUSDT, 3547003525, 93937.76, 0.21413,1745395549263,False
1745395549265, BTCUSDT, 3547003534, 93941.35, 1.37419,1745395549263,False
1745395549265, BTCUSDT, 3547003535, 93941.36, 0.21413,1745395549263,False
1745395549265, BTCUSDT, 3547003537, 93941.9, 1.71601,1745395549263,False
1745395549265, BTCUSDT, 3547003543, 93942.9, 0.21413,1745395549263,False
1745395549265, BTCUSDT, 3547003544, 93942.91, 0.76625,1745395549263,False
1745395549265, BTCUSDT, 3547003545, 93943.06, 0.79812,1745395549263,False
1745395549269, BTCUSDT, 3547003549, 93943.1, 0.17,1745395549268,True
1745395549382, BTCUSDT, 3547003559, 93934.21, 0.38001,1745395549381,False
1745395549821, BTCUSDT, 3547003571, 93929.45, 0.23529,1745395549820,True
1745395549824, BTCUSDT, 3547003581, 93924.39, 0.56117,1745395549824,True
1745395551867, BTCUSDT, 3547003585, 93924.4, 0.3119,1745395551866,False
1745395565106, BTCUSDT, 3547003681, 93929.97, 0.388,1745395565105,True
1745395568134, BTCUSDT, 3547003691, 93929.98, 0.22431,1745395568134,False
1745395573349, BTCUSDT, 3547003708, 93929.97, 1.0,1745395573349,True
1745395579226, BTCUSDT, 3547003733, 93929.98, 0.5,1745395579225,False
1745395582507, BTCUSDT, 3547003793, 93915.98, 0.23109,1745395582507,False
1745395591718, BTCUSDT, 3547003829, 93915.98, 0.3,1745395591718,False
1745395600809, BTCUSDT, 3547003911, 93936.12, 0.23286,1745395600805,False
1745395612483, BTCUSDT, 3547003997, 93944.64, 0.17388,1745395612482,False
1745395612485, BTCUSDT, 3547004001, 93944.65, 0.36352,1745395612484,False
1745395612542, BTCUSDT, 3547004013, 93950.0, 0.392,1745395612541,False
1745395612546, BTCUSDT, 3547004014, 93950.0, 0.36366,1745395612545,False
1745395614354, BTCUSDT, 3547004073, 93965.95, 0.85447,1745395614354,False
1745395617424, TAOUSDT, 33861645, 333.1, 71.2791,1745395617423,False
1745395626354, BTCUSDT, 3547004132, 93978.75, 0.76985,1745395626353,True
1745395634030, BTCUSDT, 3547004200, 93965.3, 0.685,1745395634030,False
1745395636078, BTCUSDT, 3547004202, 93965.29, 0.53812,1745395636077,True
1745395643327, BTCUSDT, 3547004233, 93965.3, 0.16158,1745395643326,False
1745395644710, BTCUSDT, 3547004273, 93978.67, 0.76168,1745395644710,True
1745395645118, BTCUSDT, 3547004275, 93978.68, 0.21281,1745395645117,False
1745395645998, BTCUSDT, 3547004278, 93978.67, 0.3,1745395645998,True
1745395647506, BTCUSDT, 3547004283, 93978.68, 0.19575,1745395647505,False
1745395647506, BTCUSDT, 3547004288, 93978.75, 0.76667,1745395647505,False
1745395647507, BTCUSDT, 3547004289, 93978.75, 0.16651,1745395647505,False
1745395653672, BTCUSDT, 3547004340, 93985.8, 0.52095,1745395653670,True
1745395653672, BTCUSDT, 3547004343, 93985.8, 0.23979,1745395653671,True
1745395655647, BTCUSDT, 3547004395, 93971.15, 1.91224,1745395655646,True
1745395655649, BTCUSDT, 3547004396, 93971.15, 0.62078,1745395655647,True
1745395655649, BTCUSDT, 3547004397, 93971.15, 0.16,1745395655647,True
1745395655651, BTCUSDT, 3547004400, 93971.15, 0.17145,1745395655648,True
1745395655651, BTCUSDT, 3547004405, 93970.97, 0.18291,1745395655648,True
1745395655651, BTCUSDT, 3547004406, 93970.97, 0.34677,1745395655649,True
1745395655651, BTCUSDT, 3547004407, 93970.97, 0.17264,1745395655649,True
1745395655672, BTCUSDT, 3547004427, 93967.2, 0.21509,1745395655661,True
1745395657516, BTCUSDT, 3547004479, 93960.0, 0.51531,1745395657515,True
1745395664329, BTCUSDT, 3547004512, 93959.57, 0.20835,1745395664325,False
1745395664330, BTCUSDT, 3547004514, 93959.57, 0.21721,1745395664326,False
1745395664331, BTCUSDT, 3547004516, 93959.57, 0.61458,1745395664326,False
1745395664351, BTCUSDT, 3547004556, 93974.92, 0.21413,1745395664335,False
1745395664351, BTCUSDT, 3547004568, 93978.68, 0.21413,1745395664335,False
1745395664351, BTCUSDT, 3547004576, 93984.44, 0.79812,1745395664335,False
1745395664351, BTCUSDT, 3547004580, 93985.71, 0.53104,1745395664335,False
1745395664351, BTCUSDT, 3547004584, 93987.58, 0.31935,1745395664335,False
1745395664351, BTCUSDT, 3547004604, 93993.8, 0.21413,1745395664335,False
1745395664351, BTCUSDT, 3547004606, 93994.18, 0.26604,1745395664335,False
1745395664452, BTCUSDT, 3547004649, 93999.0, 0.57671,1745395664399,False
1745395664455, BTCUSDT, 3547004651, 93999.0, 0.3422,1745395664402,False
1745395664455, BTCUSDT, 3547004658, 94000.0, 0.37182,1745395664402,False
1745395664463, BTCUSDT, 3547004661, 94000.0, 0.21881,1745395664412,False
1745395664464, BTCUSDT, 3547004662, 94000.0, 0.17119,1745395664412,False
1745395676394, BTCUSDT, 3547004757, 94007.0, 0.72868,1745395676394,False
1745395679406, BTCUSDT, 3547004767, 94007.0, 0.67331,1745395679406,False
1745395679617, BTCUSDT, 3547004768, 94007.0, 0.33535,1745395679616,False
1745395694285, BTCUSDT, 3547004989, 94057.21, 0.58487,1745395694284,True
1745395696722, BTCUSDT, 3547005051, 94032.38, 3.0,1745395696722,False
1745395702329, BTCUSDT, 3547005110, 94032.38, 6.8508,1745395702328,False
1745395702329, BTCUSDT, 3547005111, 94032.39, 0.70492,1745395702328,False
1745395702329, BTCUSDT, 3547005117, 94037.6, 0.21419,1745395702328,False
1745395702329, BTCUSDT, 3547005118, 94037.75, 0.81723,1745395702328,False
1745395702329, BTCUSDT, 3547005120, 94037.77, 1.9302,1745395702328,False
1745395702329, BTCUSDT, 3547005121, 94037.78, 0.57994,1745395702328,False
1745395702329, BTCUSDT, 3547005127, 94041.38, 0.21413,1745395702328,False
1745395702329, BTCUSDT, 3547005133, 94043.18, 0.53052,1745395702328,False
1745395702329, BTCUSDT, 3547005135, 94043.43, 1.71601,1745395702328,False
1745395702329, BTCUSDT, 3547005139, 94044.56, 0.21413,1745395702328,False
1745395702329, BTCUSDT, 3547005140, 94045.19, 0.21413,1745395702328,False
1745395702329, BTCUSDT, 3547005143, 94047.04, 0.7811,1745395702328,False
1745395702329, BTCUSDT, 3547005144, 94047.19, 0.495,1745395702328,False
1745395702329, BTCUSDT, 3547005148, 94049.09, 0.27601,1745395702328,False
1745395702557, BTCUSDT, 3547005149, 94049.09, 0.20068,1745395702556,False
1745395703492, BTCUSDT, 3547005161, 94054.05, 0.1689,1745395703492,True
1745395706461, BTCUSDT, 3547005187, 94062.31, 2.9675,1745395706460,False
1745395706461, BTCUSDT, 3547005196, 94066.65, 0.42832,1745395706460,False
1745395706461, BTCUSDT, 3547005198, 94066.96, 0.52621,1745395706460,False
1745395706461, BTCUSDT, 3547005209, 94068.86, 1.71607,1745395706460,False
1745395706461, BTCUSDT, 3547005213, 94071.43, 0.20575,1745395706460,False
1745395706461, BTCUSDT, 3547005224, 94074.18, 0.42826,1745395706460,False
1745395706461, BTCUSDT, 3547005235, 94076.54, 1.12885,1745395706460,False
1745395706461, BTCUSDT, 3547005236, 94076.56, 0.53104,1745395706460,False
1745395706461, BTCUSDT, 3547005237, 94077.01, 1.71601,1745395706460,False
1745395706461, BTCUSDT, 3547005239, 94077.79, 0.495,1745395706460,False
1745395706461, BTCUSDT, 3547005255, 94080.77, 0.18574,1745395706460,False
1745395706461, BTCUSDT, 3547005260, 94081.71, 0.42826,1745395706460,False
1745395706461, BTCUSDT, 3547005275, 94086.5, 0.31924,1745395706460,False
1745395706461, BTCUSDT, 3547005276, 94087.17, 0.9309,1745395706460,False
1745395706461, BTCUSDT, 3547005277, 94087.18, 0.53104,1745395706460,False
1745395706461, BTCUSDT, 3547005278, 94087.2, 0.495,1745395706460,False
1745395706461, BTCUSDT, 3547005282, 94088.29, 1.71601,1745395706460,False
1745395708486, BTCUSDT, 3547005303, 94084.3, 0.22122,1745395708486,True
1745395708981, BTCUSDT, 3547005317, 94075.48, 1.07599,1745395708980,False
1745395708990, BTCUSDT, 3547005356, 94097.43, 0.35047,1745395708985,False
1745395708991, BTCUSDT, 3547005367, 94100.0, 0.24716,1745395708985,False
1745395711777, BTCUSDT, 3547005456, 94124.84, 0.21108,1745395711776,True
1745395721955, BTCUSDT, 3547005506, 94114.55, 0.17645,1745395721954,True
1745395735199, BTCUSDT, 3547005668, 94069.16, 0.22386,1745395735199,False
1745395738807, BTCUSDT, 3547005719, 94086.74, 0.21314,1745395738807,True
1745395740675, BTCUSDT, 3547005725, 94086.74, 0.74013,1745395740674,True
1745395740675, BTCUSDT, 3547005730, 94085.11, 0.70146,1745395740674,True
1745395740677, BTCUSDT, 3547005757, 94073.85, 0.48453,1745395740675,True
1745395740680, BTCUSDT, 3547005767, 94070.46, 0.79812,1745395740677,True
1745395744544, BTCUSDT, 3547005815, 94077.11, 0.16727,1745395744544,False
1745395747920, BTCUSDT, 3547005839, 94078.7, 1.14701,1745395747919,False
1745395747920, BTCUSDT, 3547005849, 94080.84, 0.31695,1745395747919,False
1745395747920, BTCUSDT, 3547005850, 94080.85, 0.7015,1745395747919,False
1745395747920, BTCUSDT, 3547005858, 94084.55, 0.21419,1745395747919,False
1745395747920, BTCUSDT, 3547005859, 94084.72, 0.21419,1745395747919,False
1745395747920, BTCUSDT, 3547005863, 94086.5, 0.75119,1745395747919,False
1745395747920, BTCUSDT, 3547005869, 94088.11, 0.495,1745395747919,False
1745395747920, BTCUSDT, 3547005870, 94088.36, 0.21413,1745395747919,False
1745395747920, BTCUSDT, 3547005871, 94088.52, 0.21413,1745395747919,False
1745395747920, BTCUSDT, 3547005873, 94088.71, 1.71601,1745395747919,False
1745395747920, BTCUSDT, 3547005888, 94092.29, 0.21413,1745395747919,False
1745395747920, BTCUSDT, 3547005889, 94092.37, 0.21413,1745395747919,False
1745395747920, BTCUSDT, 3547005891, 94094.36, 0.68735,1745395747919,False
1745395747920, BTCUSDT, 3547005892, 94094.37, 1.71601,1745395747919,False
1745395747920, BTCUSDT, 3547005897, 94096.15, 0.47921,1745395747919,False
1745395747927, BTCUSDT, 3547005916, 94099.98, 0.17622,1745395747924,True
1745395747928, BTCUSDT, 3547005917, 94099.98, 0.44625,1745395747924,True
1745395749297, BTCUSDT, 3547005927, 94097.51, 0.16804,1745395749297,False
1745395750896, BTCUSDT, 3547005937, 94099.99, 0.18501,1745395750895,True
1745395762531, BTCUSDT, 3547006080, 94072.81, 0.36244,1745395762530,False
1745395764435, BTCUSDT, 3547006089, 94072.81, 4.56084,1745395764434,False
1745395764435, BTCUSDT, 3547006092, 94072.87, 0.25935,1745395764434,False
1745395764435, BTCUSDT, 3547006099, 94073.99, 0.70155,1745395764434,False
1745395764435, BTCUSDT, 3547006103, 94076.57, 0.662,1745395764434,False
1745395764435, BTCUSDT, 3547006104, 94076.75, 0.21419,1745395764434,False
1745395764435, BTCUSDT, 3547006117, 94078.91, 1.71601,1745395764434,False
1745395764435, BTCUSDT, 3547006122, 94080.0, 0.21425,1745395764434,False
1745395764435, BTCUSDT, 3547006123, 94080.42, 0.79373,1745395764434,False
1745395764435, BTCUSDT, 3547006124, 94080.43, 0.53104,1745395764434,False
1745395764435, BTCUSDT, 3547006125, 94080.59, 0.21413,1745395764434,False
1745395764435, BTCUSDT, 3547006126, 94080.68, 0.1668,1745395764434,False
1745395764435, BTCUSDT, 3547006139, 94084.58, 1.71601,1745395764434,False
1745395764435, BTCUSDT, 3547006146, 94086.43, 0.43458,1745395764434,False
1745395764435, BTCUSDT, 3547006147, 94086.44, 0.21413,1745395764434,False
1745395764435, BTCUSDT, 3547006148, 94086.45, 0.21413,1745395764434,False
1745395764435, BTCUSDT, 3547006149, 94086.67, 0.32495,1745395764434,False
1745395764435, BTCUSDT, 3547006155, 94088.75, 0.58506,1745395764434,False
1745395764435, BTCUSDT, 3547006166, 94090.91, 0.53104,1745395764434,False
1745395764435, BTCUSDT, 3547006167, 94090.92, 0.21413,1745395764434,False
1745395764435, BTCUSDT, 3547006168, 94090.94, 0.72635,1745395764434,False
1745395764435, BTCUSDT, 3547006169, 94090.95, 1.71601,1745395764434,False
1745395764435, BTCUSDT, 3547006170, 94091.51, 0.21413,1745395764434,False
1745395764435, BTCUSDT, 3547006174, 94092.13, 0.32495,1745395764434,False
1745395767680, BTCUSDT, 3547006200, 94084.54, 0.30881,1745395767680,True
1745395771438, BTCUSDT, 3547006241, 94072.84, 0.19031,1745395771437,True
1745395775548, BTCUSDT, 3547006261, 94072.84, 0.26346,1745395775547,True
1745395785193, BTCUSDT, 3547006405, 94060.92, 0.16827,1745395785192,False
1745395786092, BTCUSDT, 3547006434, 94069.79, 0.21419,1745395786091,False
1745395793561, BTCUSDT, 3547006466, 94072.51, 0.25792,1745395793560,False
1745395804878, BTCUSDT, 3547006594, 94079.46, 0.1704,1745395804878,False
1745395804879, BTCUSDT, 3547006595, 94079.46, 0.3571,1745395804878,False
1745395814139, BTCUSDT, 3547006701, 94079.46, 4.0,1745395814138,True
1745395814140, BTCUSDT, 3547006702, 94079.46, 0.69783,1745395814140,True
1745395814435, BTCUSDT, 3547006732, 94072.56, 0.161,1745395814434,False
1745395815858, BTCUSDT, 3547006735, 94072.56, 0.26864,1745395815849,False
1745395815861, BTCUSDT, 3547006736, 94072.56, 2.15008,1745395815850,False
1745395815861, BTCUSDT, 3547006737, 94072.56, 1.81479,1745395815850,False
1745395816428, BTCUSDT, 3547006767, 94086.94, 4.14757,1745395816427,True
1745395816669, BTCUSDT, 3547006782, 94081.34, 0.18327,1745395816668,True
1745395816669, BTCUSDT, 3547006790, 94079.07, 0.39924,1745395816668,True
1745395817570, BTCUSDT, 3547006813, 94066.41, 0.81836,1745395817570,False
1745395819744, BTCUSDT, 3547006830, 94066.41, 0.31615,1745395819743,False
1745395822516, BTCUSDT, 3547006847, 94070.67, 0.21284,1745395822516,False
1745395841707, BTCUSDT, 3547007075, 94042.73, 0.42533,1745395841706,False
1745395846718, BTCUSDT, 3547007100, 94042.72, 0.254,1745395846718,True
1745395846903, BTCUSDT, 3547007103, 94042.73, 0.321,1745395846902,False
1745395846903, BTCUSDT, 3547007104, 94042.73, 0.24748,1745395846903,False
1745395852190, BTCUSDT, 3547007190, 94064.73, 0.23606,1745395852189,False
1745395852700, BTCUSDT, 3547007193, 94064.73, 0.18072,1745395852699,False
1745395863683, BTCUSDT, 3547007241, 94064.72, 0.5,1745395863683,True
1745395870614, BTCUSDT, 3547007325, 94051.13, 0.45475,1745395870613,True
1745395879983, TAOUSDT, 33861945, 334.5, 65.2742,1745395879982,True
1745395882542, BTCUSDT, 3547007417, 94049.97, 0.17149,1745395882542,False
1745395886365, BTCUSDT, 3547007432, 94049.95, 0.1852,1745395886365,True
1745395889485, BTCUSDT, 3547007460, 94046.78, 0.403,1745395889485,True
1745395893197, BTCUSDT, 3547007483, 94045.72, 0.54668,1745395893197,True
1745395904165, BTCUSDT, 3547007584, 94036.32, 0.16,1745395904165,True
1745395910944, BTCUSDT, 3547007639, 94030.26, 0.7,1745395910943,True
1745395915178, BTCUSDT, 3547007655, 94029.19, 0.57731,1745395915178,False
1745395918051, BTCUSDT, 3547007677, 94027.59, 0.17771,1745395918051,False
1745395918051, BTCUSDT, 3547007678, 94027.59, 0.1905,1745395918051,False
1745395918066, BTCUSDT, 3547007692, 94030.27, 0.39034,1745395918065,False
1745395918119, BTCUSDT, 3547007705, 94036.31, 0.25,1745395918119,True
1745395928220, BTCUSDT, 3547007776, 94036.32, 0.2597,1745395928220,True
1745395935844, BTCUSDT, 3547007804, 94036.33, 0.44003,1745395935844,False
1745395936614, BTCUSDT, 3547007827, 94042.65, 0.2282,1745395936614,True
1745395939699, BTCUSDT, 3547007839, 94042.66, 1.2854,1745395939699,False
1745395942469, BTCUSDT, 3547007856, 94042.65, 0.25324,1745395942468,True
1745395942546, BTCUSDT, 3547007857, 94042.66, 0.15993,1745395942546,False
1745395952713, BTCUSDT, 3547007907, 94037.05, 0.66571,1745395952712,True
1745395957303, BTCUSDT, 3547007923, 94037.05, 0.36957,1745395957303,True
1745395957824, BTCUSDT, 3547007925, 94037.06, 0.23889,1745395957816,False
1745395959892, BTCUSDT, 3547007947, 94042.65, 0.27202,1745395959891,True
1745395961823, BTCUSDT, 3547007957, 94042.66, 0.17,1745395961822,False
1745395970481, BTCUSDT, 3547008056, 94055.68, 0.23255,1745395970481,True
1745395980481, BTCUSDT, 3547008088, 94055.68, 0.18076,1745395980481,True
1745395984432, BTCUSDT, 3547008098, 94055.68, 0.34424,1745395984432,True
1745395985481, BTCUSDT, 3547008108, 94055.68, 0.22816,1745395985481,True
1745395985533, BTCUSDT, 3547008109, 94055.69, 0.41444,1745395985532,False
1745395989623, BTCUSDT, 3547008215, 94082.61, 0.21419,1745395989622,False
1745395992535, BTCUSDT, 3547008236, 94083.31, 0.22212,1745395992534,False
1745395992536, BTCUSDT, 3547008237, 94083.31, 0.17276,1745395992534,False
1745395999724, BTCUSDT, 3547008360, 94109.23, 0.79098,1745395999721,False
1745395999727, BTCUSDT, 3547008388, 94116.52, 0.16,1745395999723,False
1745395999729, BTCUSDT, 3547008393, 94118.0, 0.57596,1745395999725,False
1745395999770, BTCUSDT, 3547008464, 94140.68, 0.19631,1745395999750,False
1745395999770, BTCUSDT, 3547008478, 94145.77, 0.20307,1745395999750,False
1745395999773, BTCUSDT, 3547008482, 94145.77, 0.4798,1745395999752,False
1745395999773, BTCUSDT, 3547008483, 94145.77, 0.29159,1745395999752,False
1745395999773, BTCUSDT, 3547008495, 94151.43, 0.16718,1745395999752,False
1745395999773, BTCUSDT, 3547008496, 94151.43, 0.6456,1745395999752,False
1745395999779, BTCUSDT, 3547008517, 94156.24, 0.2346,1745395999755,False
1745395999779, BTCUSDT, 3547008523, 94159.24, 0.61482,1745395999755,False
1745395999906, BTCUSDT, 3547008626, 94160.18, 0.1756,1745395999851,True
1745396000021, BTCUSDT, 3547008639, 94159.98, 0.35732,1745396000011,True
1745396000603, BTCUSDT, 3547008675, 94151.06, 0.25718,1745396000603,True
1745396000603, BTCUSDT, 3547008676, 94151.06, 0.21084,1745396000603,True
1745396002576, BTCUSDT, 3547008688, 94148.21, 0.16845,1745396002576,False
1745396005287, BTCUSDT, 3547008699, 94148.2, 0.2082,1745396005287,True
1745396006676, BTCUSDT, 3547008711, 94148.21, 0.27693,1745396006675,False
1745396009524, BTCUSDT, 3547008854, 94195.93, 0.16953,1745396009523,True
1745396009525, BTCUSDT, 3547008858, 94195.93, 0.42594,1745396009524,True
1745396009525, BTCUSDT, 3547008859, 94195.93, 1.01565,1745396009524,True
1745396012737, BTCUSDT, 3547008910, 94185.91, 0.21406,1745396012736,True
1745396013038, BTCUSDT, 3547008912, 94185.92, 0.33433,1745396013038,False
1745396013102, BTCUSDT, 3547008924, 94191.23, 0.25997,1745396013102,False
1745396013539, BTCUSDT, 3547008945, 94199.99, 0.62414,1745396013538,True
1745396015063, BTCUSDT, 3547009026, 94218.89, 0.20347,1745396015062,True
1745396017025, BTCUSDT, 3547009076, 94228.9, 0.20614,1745396017024,False
1745396017358, BTCUSDT, 3547009248, 94260.99, 0.17419,1745396017357,True
1745396017470, BTCUSDT, 3547009260, 94260.01, 0.33013,1745396017469,True
1745396017806, BTCUSDT, 3547009304, 94243.22, 0.75569,1745396017806,True
1745396018218, BTCUSDT, 3547009343, 94230.76, 0.41176,1745396018217,True
1745396019191, BTCUSDT, 3547009359, 94230.77, 0.59704,1745396019191,False
1745396020132, BTCUSDT, 3547009380, 94243.23, 0.20799,1745396020129,False
1745396020868, BTCUSDT, 3547009406, 94252.32, 0.17133,1745396020867,True
1745396020870, BTCUSDT, 3547009407, 94252.32, 0.67287,1745396020869,True
1745396021194, BTCUSDT, 3547009424, 94243.62, 1.90488,1745396021194,False
1745396021195, BTCUSDT, 3547009442, 94251.46, 0.16943,1745396021194,False
1745396021196, BTCUSDT, 3547009447, 94252.32, 0.26137,1745396021195,False
1745396021197, BTCUSDT, 3547009448, 94252.32, 0.26792,1745396021195,False
1745396021197, BTCUSDT, 3547009449, 94252.33, 0.49588,1745396021195,False
1745396023198, BTCUSDT, 3547009543, 94255.45, 0.43539,1745396023197,False
1745396024695, BTCUSDT, 3547009592, 94243.23, 0.31846,1745396024695,True
1745396025694, BTCUSDT, 3547009632, 94229.19, 0.20911,1745396025694,True
1745396025698, BTCUSDT, 3547009633, 94229.19, 0.31614,1745396025697,True
1745396026885, BTCUSDT, 3547009642, 94229.2, 0.46694,1745396026884,False
1745396027069, BTCUSDT, 3547009645, 94229.19, 0.87807,1745396027068,True
1745396029770, BTCUSDT, 3547009750, 94194.41, 0.52198,1745396029769,False
1745396029770, BTCUSDT, 3547009751, 94194.41, 0.34314,1745396029769,False
1745396029773, BTCUSDT, 3547009791, 94219.8, 0.2495,1745396029770,False
1745396038735, BTCUSDT, 3547009937, 94200.6, 0.41851,1745396038735,True
1745396039638, BTCUSDT, 3547009953, 94195.21, 0.21222,1745396039638,False
1745396040424, BTCUSDT, 3547009961, 94195.21, 0.26334,1745396040423,False
1745396043277, BTCUSDT, 3547010029, 94214.76, 0.17012,1745396043277,False
1745396043283, BTCUSDT, 3547010081, 94231.82, 0.32,1745396043279,False
1745396043464, BTCUSDT, 3547010123, 94243.5, 0.23067,1745396043464,False
1745396045482, BTCUSDT, 3547010152, 94251.36, 0.22807,1745396045482,False
1745396046214, BTCUSDT, 3547010183, 94259.63, 0.31066,1745396046212,False
1745396046214, BTCUSDT, 3547010184, 94259.63, 0.27186,1745396046212,False
1745396046214, BTCUSDT, 3547010203, 94264.79, 0.18198,1745396046212,False
1745396046218, BTCUSDT, 3547010211, 94268.0, 1.26741,1745396046213,False
1745396046218, BTCUSDT, 3547010217, 94269.0, 0.20871,1745396046213,False
1745396046218, BTCUSDT, 3547010226, 94270.0, 0.59562,1745396046213,False
1745396046220, BTCUSDT, 3547010324, 94281.24, 0.16107,1745396046215,False
1745396047638, BTCUSDT, 3547010550, 94300.0, 1.28725,1745396047637,False
1745396047638, BTCUSDT, 3547010551, 94300.0, 1.0,1745396047637,False
1745396047638, BTCUSDT, 3547010554, 94300.0, 0.39432,1745396047637,False
1745396047642, BTCUSDT, 3547010556, 94300.0, 0.73888,1745396047641,False
1745396047643, BTCUSDT, 3547010557, 94300.0, 0.25504,1745396047642,False
1745396047646, BTCUSDT, 3547010562, 94300.0, 0.22212,1745396047644,False
1745396047646, BTCUSDT, 3547010564, 94300.0, 5.302,1745396047645,False
1745396047646, BTCUSDT, 3547010565, 94300.0, 0.30594,1745396047645,False
1745396047646, BTCUSDT, 3547010566, 94300.0, 0.2532,1745396047645,False
1745396047647, BTCUSDT, 3547010570, 94300.0, 0.17,1745396047646,False
1745396047649, BTCUSDT, 3547010572, 94300.0, 0.33418,1745396047648,False
1745396047649, BTCUSDT, 3547010573, 94300.0, 0.1974,1745396047648,False
1745396047649, BTCUSDT, 3547010574, 94300.0, 1.42147,1745396047648,False
1745396047650, BTCUSDT, 3547010579, 94300.0, 0.45617,1745396047649,False
1745396047651, BTCUSDT, 3547010586, 94300.0, 0.96514,1745396047650,False
1745396047651, BTCUSDT, 3547010588, 94300.0, 1.08092,1745396047650,False
1745396047652, BTCUSDT, 3547010589, 94300.0, 0.29272,1745396047650,False
1745396047797, BTCUSDT, 3547010676, 94307.25, 1.16569,1745396047796,True
1745396048279, BTCUSDT, 3547010691, 94307.25, 0.31518,1745396048279,True
1745396048497, BTCUSDT, 3547010706, 94300.02, 0.16,1745396048496,False
1745396048497, BTCUSDT, 3547010707, 94300.02, 0.32,1745396048496,False
1745396048631, BTCUSDT, 3547010716, 94300.02, 0.21552,1745396048630,False
1745396049449, BTCUSDT, 3547010872, 94307.95, 0.763,1745396049449,True
1745396049792, BTCUSDT, 3547010892, 94302.75, 0.63624,1745396049791,False
1745396051320, BTCUSDT, 3547010945, 94290.97, 0.32,1745396051319,False
1745396051961, BTCUSDT, 3547010954, 94290.97, 0.34669,1745396051961,False
1745396053658, BTCUSDT, 3547010984, 94298.37, 0.72685,1745396053657,False
1745396053660, BTCUSDT, 3547010985, 94298.37, 0.18575,1745396053659,False
1745396053888, BTCUSDT, 3547010988, 94298.37, 0.23454,1745396053887,False
1745396054162, BTCUSDT, 3547011017, 94315.97, 0.36994,1745396054162,True
1745396054508, BTCUSDT, 3547011024, 94315.98, 0.17305,1745396054507,False
1745396055159, BTCUSDT, 3547011033, 94315.97, 0.25496,1745396055158,True
1745396055181, BTCUSDT, 3547011034, 94315.97, 0.41402,1745396055180,True
1745396055225, BTCUSDT, 3547011035, 94315.98, 1.1695,1745396055224,False
1745396055700, BTCUSDT, 3547011070, 94299.34, 0.31819,1745396055699,True
1745396056694, BTCUSDT, 3547011104, 94299.34, 0.31819,1745396056694,True
1745396056849, BTCUSDT, 3547011106, 94299.35, 0.53019,1745396056848,False
1745396058232, BTCUSDT, 3547011121, 94299.35, 0.26644,1745396058232,False
1745396058232, BTCUSDT, 3547011122, 94299.35, 0.4275,1745396058232,False
1745396058283, BTCUSDT, 3547011125, 94299.35, 0.3281,1745396058282,False
1745396059677, BTCUSDT, 3547011181, 94318.24, 0.1592,1745396059676,False
1745396060558, BTCUSDT, 3547011263, 94324.21, 0.40013,1745396060557,False
1745396060620, BTCUSDT, 3547011373, 94335.45, 0.18669,1745396060619,True
1745396061085, BTCUSDT, 3547011472, 94347.82, 0.16985,1745396061084,False
1745396061086, BTCUSDT, 3547011473, 94347.82, 2.17873,1745396061085,False
1745396061087, BTCUSDT, 3547011474, 94347.82, 0.70374,1745396061085,False
1745396061088, BTCUSDT, 3547011475, 94347.82, 0.28915,1745396061086,False
1745396061088, BTCUSDT, 3547011493, 94349.0, 0.24096,1745396061086,False
1745396061088, BTCUSDT, 3547011501, 94350.0, 1.2091,1745396061086,False
1745396061256, BTCUSDT, 3547011652, 94365.0, 0.25451,1745396061255,False
1745396061256, BTCUSDT, 3547011659, 94366.0, 0.22432,1745396061255,False
1745396061363, BTCUSDT, 3547011778, 94379.99, 0.32642,1745396061363,True
1745396061472, BTCUSDT, 3547011792, 94375.67, 0.25161,1745396061471,True
1745396061545, BTCUSDT, 3547011801, 94375.67, 0.22701,1745396061545,True
1745396062059, BTCUSDT, 3547011853, 94350.02, 0.32,1745396062059,False
1745396062060, BTCUSDT, 3547011855, 94350.02, 0.19213,1745396062059,False
1745396062516, BTCUSDT, 3547011907, 94366.07, 0.21041,1745396062515,False
1745396063027, BTCUSDT, 3547011922, 94360.82, 0.32,1745396063026,False
1745396063030, BTCUSDT, 3547011926, 94360.82, 0.79594,1745396063028,False
1745396063030, BTCUSDT, 3547011934, 94361.92, 0.52954,1745396063028,False
1745396065017, BTCUSDT, 3547012003, 94353.25, 0.32,1745396065016,False
1745396068776, BTCUSDT, 3547012226, 94311.62, 0.19724,1745396068775,False
1745396069948, BTCUSDT, 3547012261, 94304.69, 0.24345,1745396069946,True
1745396069948, BTCUSDT, 3547012262, 94304.69, 0.24967,1745396069946,True
1745396069948, BTCUSDT, 3547012263, 94304.69, 0.20682,1745396069947,True
1745396071949, BTCUSDT, 3547012304, 94301.73, 0.76538,1745396071948,False
1745396072848, BTCUSDT, 3547012323, 94305.75, 2.09486,1745396072847,True
1745396073949, BTCUSDT, 3547012342, 94301.73, 0.37112,1745396073948,True
1745396073949, BTCUSDT, 3547012347, 94301.73, 0.16416,1745396073949,True
1745396073953, BTCUSDT, 3547012359, 94300.0, 0.194,1745396073952,True
1745396073957, BTCUSDT, 3547012363, 94300.0, 0.21123,1745396073956,True
1745396073985, BTCUSDT, 3547012373, 94298.37, 0.68715,1745396073984,True
1745396077886, BTCUSDT, 3547012512, 94270.71, 0.49968,1745396077886,True
1745396078482, BTCUSDT, 3547012527, 94270.71, 0.29145,1745396078482,True
1745396080618, BTCUSDT, 3547012609, 94278.02, 0.17091,1745396080618,True
1745396085739, BTCUSDT, 3547012746, 94324.56, 0.169,1745396085739,False
1745396087941, BTCUSDT, 3547012832, 94350.0, 0.34258,1745396087941,False
1745396088068, BTCUSDT, 3547012857, 94360.0, 0.32505,1745396088067,False
1745396088071, BTCUSDT, 3547012888, 94373.66, 0.31718,1745396088069,False
1745396088075, BTCUSDT, 3547012898, 94376.63, 0.16,1745396088072,False
1745396088110, BTCUSDT, 3547012926, 94381.13, 0.271,1745396088095,False
1745396088269, BTCUSDT, 3547012929, 94381.12, 0.17107,1745396088269,True
1745396088271, BTCUSDT, 3547012932, 94381.12, 0.24422,1745396088270,True
1745396088273, BTCUSDT, 3547012938, 94381.11, 1.1759,1745396088273,True
1745396093981, BTCUSDT, 3547013003, 94367.37, 0.9328,1745396093980,False
1745396094809, BTCUSDT, 3547013038, 94379.69, 0.79497,1745396094808,True
1745396094817, BTCUSDT, 3547013046, 94381.12, 0.18894,1745396094816,False
1745396095047, BTCUSDT, 3547013095, 94386.75, 1.36707,1745396095045,False
1745396095047, BTCUSDT, 3547013103, 94388.0, 0.56584,1745396095045,False
1745396096028, BTCUSDT, 3547013229, 94400.0, 0.16,1745396096027,False
1745396096028, BTCUSDT, 3547013230, 94400.0, 0.32,1745396096027,False
1745396096087, BTCUSDT, 3547013237, 94400.0, 0.16,1745396096087,False
1745396096099, BTCUSDT, 3547013240, 94400.0, 0.26646,1745396096099,False
1745396096102, BTCUSDT, 3547013242, 94400.0, 1.31728,1745396096100,False
1745396096658, BTCUSDT, 3547013290, 94404.06, 0.17866,1745396096658,False
1745396097437, BTCUSDT, 3547013310, 94404.06, 0.16,1745396097437,False
1745396097440, BTCUSDT, 3547013313, 94404.06, 3.01858,1745396097440,False
1745396097496, BTCUSDT, 3547013317, 94404.06, 0.17525,1745396097496,False
1745396097496, BTCUSDT, 3547013319, 94404.06, 0.20152,1745396097496,False
1745396097496, BTCUSDT, 3547013320, 94404.06, 0.2512,1745396097496,False
1745396097497, BTCUSDT, 3547013321, 94404.06, 1.33054,1745396097496,False
1745396097497, BTCUSDT, 3547013325, 94404.06, 0.16519,1745396097497,False
1745396097497, BTCUSDT, 3547013326, 94404.06, 0.22279,1745396097497,False
1745396097497, BTCUSDT, 3547013327, 94404.06, 1.31636,1745396097497,False
1745396097497, BTCUSDT, 3547013329, 94404.06, 0.2244,1745396097497,False
1745396097498, BTCUSDT, 3547013332, 94404.06, 1.23066,1745396097497,False
1745396097500, BTCUSDT, 3547013458, 94419.54, 0.16068,1745396097498,False
1745396099313, BTCUSDT, 3547013700, 94415.79, 0.80328,1745396099312,True
1745396099313, BTCUSDT, 3547013717, 94407.14, 0.23032,1745396099312,True
1745396099313, BTCUSDT, 3547013718, 94407.14, 0.26017,1745396099312,True
1745396099313, BTCUSDT, 3547013719, 94407.13, 0.5311,1745396099312,True
1745396099313, BTCUSDT, 3547013720, 94406.95, 0.699,1745396099312,True
1745396099313, BTCUSDT, 3547013721, 94406.81, 0.16006,1745396099312,True
1745396099315, BTCUSDT, 3547013725, 94404.63, 0.25783,1745396099312,True
1745396099315, BTCUSDT, 3547013732, 94401.32, 0.16258,1745396099313,True
1745396099324, BTCUSDT, 3547013756, 94398.63, 0.26532,1745396099318,True
1745396099354, BTCUSDT, 3547013771, 94395.92, 0.3,1745396099335,False
1745396100306, BTCUSDT, 3547013831, 94380.0, 0.17,1745396100305,True
1745396103246, BTCUSDT, 3547013910, 94367.75, 0.19163,1745396103245,True
1745396104209, BTCUSDT, 3547014001, 94343.67, 1.0,1745396104209,False
1745396105592, BTCUSDT, 3547014080, 94321.55, 0.19897,1745396105590,True
1745396107103, BTCUSDT, 3547014170, 94300.01, 0.20123,1745396107103,False
1745396108126, BTCUSDT, 3547014191, 94300.0, 0.51208,1745396108125,True
1745396108269, BTCUSDT, 3547014193, 94300.0, 0.45058,1745396108269,True
1745396108294, BTCUSDT, 3547014200, 94299.34, 0.21179,1745396108294,True
1745396109011, BTCUSDT, 3547014223, 94292.8, 0.16168,1745396109011,False
1745396109099, BTCUSDT, 3547014231, 94291.88, 0.88158,1745396109098,False
1745396109574, BTCUSDT, 3547014264, 94284.27, 1.06918,1745396109572,False
1745396115158, BTCUSDT, 3547014358, 94289.39, 0.34778,1745396115157,False
1745396115158, BTCUSDT, 3547014359, 94289.39, 0.17221,1745396115157,False
1745396115158, BTCUSDT, 3547014360, 94289.39, 0.4135,1745396115157,False
1745396115158, BTCUSDT, 3547014361, 94289.39, 0.16817,1745396115157,False
1745396115158, BTCUSDT, 3547014362, 94289.39, 0.4358,1745396115157,False
1745396115158, BTCUSDT, 3547014363, 94289.39, 0.71479,1745396115157,False
1745396115158, BTCUSDT, 3547014371, 94292.93, 0.27289,1745396115157,False
1745396115158, BTCUSDT, 3547014372, 94292.93, 0.22869,1745396115157,False
1745396115158, BTCUSDT, 3547014374, 94292.94, 0.26646,1745396115157,False
1745396115158, BTCUSDT, 3547014375, 94292.94, 0.37918,1745396115157,False
1745396115159, BTCUSDT, 3547014377, 94293.81, 0.1886,1745396115157,False
1745396115159, BTCUSDT, 3547014389, 94298.82, 0.26499,1745396115158,False
1745396115159, BTCUSDT, 3547014390, 94298.82, 0.20782,1745396115158,False
1745396115159, BTCUSDT, 3547014399, 94302.91, 0.28986,1745396115158,False
1745396115159, BTCUSDT, 3547014400, 94302.91, 0.19541,1745396115158,False
1745396115159, BTCUSDT, 3547014401, 94302.91, 0.17877,1745396115158,False
1745396115170, BTCUSDT, 3547014437, 94310.83, 0.2139,1745396115164,False
1745396115187, BTCUSDT, 3547014440, 94310.83, 0.32,1745396115174,False
1745396115439, BTCUSDT, 3547014447, 94309.84, 0.16913,1745396115438,True
1745396118691, BTCUSDT, 3547014503, 94284.34, 0.60758,1745396118690,True
1745396118691, BTCUSDT, 3547014515, 94283.62, 0.16246,1745396118690,True
1745396118691, BTCUSDT, 3547014516, 94283.62, 0.53746,1745396118690,True
1745396121321, BTCUSDT, 3547014631, 94260.86, 0.17992,1745396121320,True
1745396121950, BTCUSDT, 3547014697, 94240.9, 0.23691,1745396121949,False
1745396122471, BTCUSDT, 3547014711, 94240.39, 0.16,1745396122470,True
1745396122533, BTCUSDT, 3547014733, 94236.01, 0.28278,1745396122533,False
1745396124412, BTCUSDT, 3547014766, 94232.01, 0.65826,1745396124412,False
1745396124840, BTCUSDT, 3547014770, 94232.0, 0.41835,1745396124839,True
1745396124841, BTCUSDT, 3547014775, 94229.52, 0.70032,1745396124840,True
1745396128225, BTCUSDT, 3547014891, 94213.69, 0.28094,1745396128225,False
1745396128548, BTCUSDT, 3547014908, 94219.36, 0.59773,1745396128547,False
1745396133869, BTCUSDT, 3547015039, 94232.81, 0.38249,1745396133868,False
1745396134121, BTCUSDT, 3547015062, 94250.12, 0.19519,1745396134121,True
1745396134122, BTCUSDT, 3547015064, 94250.12, 0.33383,1745396134121,True
1745396134122, BTCUSDT, 3547015071, 94250.04, 0.28762,1745396134121,True
1745396145180, BTCUSDT, 3547015188, 94220.01, 0.78,1745396145179,False
1745396146316, BTCUSDT, 3547015221, 94236.03, 0.31865,1745396146315,True
1745396149978, BTCUSDT, 3547015243, 94224.72, 0.45716,1745396149977,False
1745396152103, BTCUSDT, 3547015254, 94224.72, 0.17599,1745396152103,False
1745396162942, BTCUSDT, 3547015325, 94224.71, 0.53022,1745396162941,False
1745396167899, BTCUSDT, 3547015345, 94224.71, 3.88138,1745396167897,False
1745396167899, BTCUSDT, 3547015346, 94224.72, 0.47814,1745396167897,False
1745396167899, BTCUSDT, 3547015348, 94224.76, 0.29199,1745396167897,False
1745396167899, BTCUSDT, 3547015350, 94225.6, 0.16647,1745396167897,False
1745396167899, BTCUSDT, 3547015356, 94227.89, 0.70033,1745396167897,False
1745396167899, BTCUSDT, 3547015365, 94232.02, 0.21413,1745396167897,False
1745396167899, BTCUSDT, 3547015366, 94232.05, 0.21413,1745396167897,False
1745396167899, BTCUSDT, 3547015375, 94236.01, 0.21413,1745396167897,False
1745396167899, BTCUSDT, 3547015376, 94236.02, 0.76225,1745396167897,False
1745396167899, BTCUSDT, 3547015377, 94236.03, 1.71601,1745396167897,False
1745396167899, BTCUSDT, 3547015395, 94240.87, 0.21413,1745396167897,False
1745396167899, BTCUSDT, 3547015401, 94242.51, 0.94974,1745396167897,False
1745396167899, BTCUSDT, 3547015404, 94242.93, 0.53104,1745396167897,False
1745396167899, BTCUSDT, 3547015405, 94242.96, 0.21413,1745396167897,False
1745396167899, BTCUSDT, 3547015409, 94243.47, 1.71601,1745396167897,False
1745396167899, BTCUSDT, 3547015410, 94243.57, 0.495,1745396167897,False
1745396167899, BTCUSDT, 3547015413, 94244.62, 0.75415,1745396167897,False
1745396167899, BTCUSDT, 3547015415, 94245.26, 1.0,1745396167897,False
1745396167899, BTCUSDT, 3547015418, 94245.6, 0.25663,1745396167897,False
1745396167899, BTCUSDT, 3547015423, 94247.4, 0.21413,1745396167897,False
1745396167899, BTCUSDT, 3547015428, 94249.12, 1.08772,1745396167897,False
1745396167899, BTCUSDT, 3547015430, 94249.75, 0.21413,1745396167897,False
1745396167899, BTCUSDT, 3547015435, 94250.36, 1.71601,1745396167897,False
1745396167899, BTCUSDT, 3547015436, 94251.41, 0.21413,1745396167897,False
1745396167899, BTCUSDT, 3547015446, 94252.53, 0.53104,1745396167897,False
1745396167899, BTCUSDT, 3547015447, 94252.77, 0.76373,1745396167897,False
1745396167899, BTCUSDT, 3547015450, 94254.2, 0.21413,1745396167897,False
1745396167899, BTCUSDT, 3547015451, 94254.75, 0.42379,1745396167897,False
1745396167899, BTCUSDT, 3547015453, 94255.03, 1.16452,1745396167897,False
1745396167899, BTCUSDT, 3547015454, 94255.04, 0.495,1745396167897,False
1745396167899, BTCUSDT, 3547015455, 94255.2, 0.31784,1745396167897,False
1745396167899, BTCUSDT, 3547015457, 94255.85, 0.21413,1745396167897,False
1745396167899, BTCUSDT, 3547015459, 94256.66, 0.26487,1745396167897,False
1745396168984, BTCUSDT, 3547015491, 94241.1, 0.22978,1745396168984,True
1745396170889, BTCUSDT, 3547015514, 94236.73, 1.20497,1745396170888,True
1745396170889, BTCUSDT, 3547015517, 94235.88, 0.21701,1745396170888,True
1745396170889, BTCUSDT, 3547015532, 94228.96, 0.21215,1745396170888,True
1745396170889, BTCUSDT, 3547015533, 94228.95, 0.21413,1745396170888,True
1745396170889, BTCUSDT, 3547015537, 94228.52, 0.21413,1745396170888,True
1745396170889, BTCUSDT, 3547015547, 94224.75, 0.63725,1745396170888,True
1745396170889, BTCUSDT, 3547015548, 94224.74, 0.21413,1745396170888,True
1745396170889, BTCUSDT, 3547015549, 94224.73, 0.21413,1745396170888,True
1745396170889, BTCUSDT, 3547015550, 94224.72, 0.54132,1745396170888,True
1745396170889, BTCUSDT, 3547015552, 94224.7, 0.50024,1745396170888,True
1745396170889, BTCUSDT, 3547015560, 94221.56, 0.16,1745396170888,True
1745396170889, BTCUSDT, 3547015564, 94220.64, 0.34042,1745396170888,True
1745396170889, BTCUSDT, 3547015566, 94220.03, 0.42826,1745396170888,True
1745396170889, BTCUSDT, 3547015574, 94219.35, 0.31784,1745396170888,True
1745396170889, BTCUSDT, 3547015586, 94215.45, 0.2016,1745396170888,True
1745396170889, BTCUSDT, 3547015588, 94215.09, 0.26487,1745396170888,True
1745396170889, BTCUSDT, 3547015589, 94215.08, 1.03844,1745396170888,True
1745396170889, BTCUSDT, 3547015590, 94215.06, 0.53104,1745396170888,True
1745396170889, BTCUSDT, 3547015593, 94214.26, 0.21413,1745396170888,True
1745396170889, BTCUSDT, 3547015595, 94214.02, 0.9774,1745396170888,True
1745396180154, BTCUSDT, 3547015660, 94213.58, 0.5,1745396180154,False
1745396182514, BTCUSDT, 3547015685, 94213.58, 0.22014,1745396182513,False
1745396183813, BTCUSDT, 3547015688, 94213.57, 4.1653,1745396183812,True
1745396183813, BTCUSDT, 3547015691, 94213.07, 0.29809,1745396183812,True
1745396193857, BTCUSDT, 3547015766, 94213.57, 0.21228,1745396193857,False
1745396196997, BTCUSDT, 3547015780, 94213.56, 0.46339,1745396196995,True
1745396198272, BTCUSDT, 3547015836, 94200.01, 0.79877,1745396198272,False
1745396205027, BTCUSDT, 3547015882, 94200.01, 0.26539,1745396205027,False
1745396205760, BTCUSDT, 3547015887, 94200.0, 0.16,1745396205759,True
1745396205765, BTCUSDT, 3547015890, 94200.0, 0.30046,1745396205765,True
1745396205767, BTCUSDT, 3547015891, 94200.0, 0.2282,1745396205766,True
1745396205767, BTCUSDT, 3547015892, 94200.0, 0.22479,1745396205767,True
1745396206448, BTCUSDT, 3547015894, 94200.0, 0.26026,1745396206448,True
1745396206450, BTCUSDT, 3547015896, 94200.0, 0.19176,1745396206449,True
1745396206450, BTCUSDT, 3547015897, 94200.0, 0.3689,1745396206450,True
1745396206450, BTCUSDT, 3547015898, 94200.0, 0.23908,1745396206450,True
1745396206494, BTCUSDT, 3547015917, 94190.47, 0.16,1745396206493,True
1745396211768, BTCUSDT, 3547015975, 94180.0, 0.21131,1745396211767,True
1745396212609, BTCUSDT, 3547015986, 94186.05, 0.16808,1745396212608,False
1745396220234, BTCUSDT, 3547016061, 94208.84, 0.17992,1745396220233,False
1745396220297, BTCUSDT, 3547016078, 94213.57, 0.16503,1745396220296,False
1745396220442, BTCUSDT, 3547016118, 94224.71, 0.80481,1745396220442,False
1745396220465, BTCUSDT, 3547016144, 94234.21, 0.37127,1745396220456,False
1745396224559, BTCUSDT, 3547016203, 94251.16, 0.34325,1745396224558,False
1745396227217, BTCUSDT, 3547016272, 94266.65, 0.34944,1745396227216,False
1745396228130, BTCUSDT, 3547016311, 94283.86, 0.21449,1745396228129,False
1745396232617, BTCUSDT, 3547016508, 94246.53, 0.21431,1745396232616,True
1745396233160, BTCUSDT, 3547016515, 94246.52, 0.31029,1745396233159,True
1745396233999, BTCUSDT, 3547016527, 94240.01, 0.5,1745396233999,False
1745396234728, BTCUSDT, 3547016534, 94240.0, 0.37929,1745396234726,True
1745396234729, BTCUSDT, 3547016543, 94237.9, 0.70038,1745396234726,True
1745396234775, BTCUSDT, 3547016565, 94224.7, 0.16,1745396234772,True
1745396240223, BTCUSDT, 3547016634, 94222.56, 0.17,1745396240223,True
1745396241369, BTCUSDT, 3547016639, 94222.57, 0.31839,1745396241369,False
1745396242559, BTCUSDT, 3547016647, 94222.57, 0.22196,1745396242558,False
1745396262668, BTCUSDT, 3547016873, 94240.01, 0.52631,1745396262667,False
1745396263075, BTCUSDT, 3547016920, 94254.71, 1.229,1745396263074,False
1745396267337, BTCUSDT, 3547016982, 94233.67, 2.88944,1745396267336,True
1745396267337, BTCUSDT, 3547017007, 94225.56, 0.31031,1745396267336,True
1745396267337, BTCUSDT, 3547017011, 94224.66, 0.21419,1745396267336,True
1745396267337, BTCUSDT, 3547017016, 94222.57, 0.24063,1745396267336,True
1745396267337, BTCUSDT, 3547017017, 94222.56, 0.49506,1745396267336,True
1745396267337, BTCUSDT, 3547017022, 94220.83, 0.21419,1745396267336,True
1745396267337, BTCUSDT, 3547017030, 94218.19, 0.62254,1745396267336,True
1745396267337, BTCUSDT, 3547017032, 94217.96, 0.79462,1745396267336,True
1745396267337, BTCUSDT, 3547017036, 94216.98, 0.21413,1745396267336,True
1745396267337, BTCUSDT, 3547017037, 94216.96, 0.21413,1745396267336,True
1745396267337, BTCUSDT, 3547017039, 94216.45, 0.31784,1745396267336,True
1745396267337, BTCUSDT, 3547017042, 94214.94, 0.16,1745396267336,True
1745396267337, BTCUSDT, 3547017045, 94214.59, 0.79462,1745396267336,True
1745396267337, BTCUSDT, 3547017046, 94214.46, 0.42379,1745396267336,True
1745396267337, BTCUSDT, 3547017050, 94213.0, 0.7422,1745396267336,True
1745396267337, BTCUSDT, 3547017051, 94212.98, 0.53104,1745396267336,True
1745396267337, BTCUSDT, 3547017052, 94212.97, 0.17188,1745396267336,True
1745396270911, BTCUSDT, 3547017078, 94210.57, 0.19903,1745396270911,False
1745396273078, BTCUSDT, 3547017089, 94210.57, 0.43474,1745396273076,False
1745396273078, BTCUSDT, 3547017097, 94214.52, 0.70043,1745396273076,False
1745396273083, BTCUSDT, 3547017119, 94223.83, 0.16,1745396273078,False
1745396274818, BTCUSDT, 3547017230, 94254.71, 0.17654,1745396274818,False
1745396275119, BTCUSDT, 3547017246, 94260.78, 0.51488,1745396275118,True
1745396276301, BTCUSDT, 3547017256, 94260.78, 0.26344,1745396276301,True
1745396295927, BTCUSDT, 3547017432, 94298.21, 0.69038,1745396295926,False
1745396298257, BTCUSDT, 3547017444, 94299.99, 0.19942,1745396298256,True
1745396298257, BTCUSDT, 3547017445, 94299.99, 0.19869,1745396298256,True
1745396298276, BTCUSDT, 3547017461, 94295.27, 0.20471,1745396298275,True
1745396302486, BTCUSDT, 3547017486, 94292.31, 0.31183,1745396302486,False
1745396302573, BTCUSDT, 3547017487, 94292.31, 0.22804,1745396302572,False
1745396305854, BTCUSDT, 3547017519, 94298.21, 4.43721,1745396305853,False
1745396305854, BTCUSDT, 3547017521, 94299.78, 0.23597,1745396305853,False
1745396305854, BTCUSDT, 3547017525, 94300.0, 0.38967,1745396305853,False
1745396307371, BTCUSDT, 3547017579, 94300.0, 0.40896,1745396307370,True
1745396310371, BTCUSDT, 3547017630, 94285.67, 0.19841,1745396310370,False
1745396322131, BTCUSDT, 3547017777, 94260.0, 0.60073,1745396322130,True
1745396324916, BTCUSDT, 3547017808, 94256.07, 0.19621,1745396324915,False
1745396336392, BTCUSDT, 3547017875, 94262.53, 0.16,1745396336391,True
1745396339165, BTCUSDT, 3547017897, 94259.39, 0.24474,1745396339164,False
1745396340917, BTCUSDT, 3547017916, 94262.54, 0.31876,1745396340916,False
1745396341752, BTCUSDT, 3547017931, 94269.05, 1.0,1745396341751,False
1745396343489, BTCUSDT, 3547017940, 94269.05, 0.17416,1745396343489,False
1745396343879, BTCUSDT, 3547017941, 94269.05, 1.35781,1745396343878,False
1745396347299, BTCUSDT, 3547017955, 94269.04, 0.534,1745396347298,True
1745396347852, BTCUSDT, 3547017958, 94269.04, 0.55451,1745396347852,True
1745396349858, BTCUSDT, 3547017991, 94262.4, 0.21608,1745396349857,True
1745396349858, BTCUSDT, 3547017996, 94260.01, 0.26018,1745396349857,True
1745396356726, BTCUSDT, 3547018092, 94238.1, 1.40995,1745396356725,False
1745396360029, BTCUSDT, 3547018104, 94238.1, 0.23676,1745396360027,False
1745396360029, BTCUSDT, 3547018111, 94239.27, 0.41614,1745396360027,False
1745396360029, BTCUSDT, 3547018112, 94239.27, 0.28411,1745396360027,False
1745396362510, BTCUSDT, 3547018155, 94256.75, 0.5388,1745396362510,False
1745396362893, BTCUSDT, 3547018196, 94266.09, 0.29228,1745396362884,False
1745396362894, BTCUSDT, 3547018199, 94266.1, 0.19308,1745396362885,False
1745396362895, BTCUSDT, 3547018204, 94267.89, 0.21415,1745396362885,False
1745396375423, BTCUSDT, 3547018307, 94277.4, 0.16435,1745396375423,True
1745396377870, BTCUSDT, 3547018348, 94264.19, 0.84925,1745396377869,True
1745396390386, BTCUSDT, 3547018415, 94258.34, 1.01574,1745396390386,False
1745396397984, BTCUSDT, 3547018438, 94258.34, 0.56568,1745396397984,False
1745396398003, BTCUSDT, 3547018439, 94258.34, 0.23068,1745396398002,False
1745396398003, BTCUSDT, 3547018440, 94258.35, 0.16715,1745396398002,False
1745396398181, BTCUSDT, 3547018449, 94262.58, 0.30445,1745396398180,False
1745396399892, BTCUSDT, 3547018480, 94275.01, 0.4251,1745396399891,False
1745396409695, BTCUSDT, 3547018544, 94280.86, 0.3178,1745396409694,True
1745396409698, BTCUSDT, 3547018545, 94280.86, 0.3178,1745396409698,True
1745396409702, BTCUSDT, 3547018546, 94280.86, 0.3178,1745396409702,True
1745396409705, BTCUSDT, 3547018547, 94280.86, 0.31554,1745396409705,True
1745396410695, BTCUSDT, 3547018555, 94280.86, 0.17429,1745396410694,True
1745396410699, BTCUSDT, 3547018556, 94280.86, 0.3178,1745396410698,True
1745396410703, BTCUSDT, 3547018557, 94280.86, 0.25099,1745396410702,True
1745396411695, BTCUSDT, 3547018589, 94271.44, 0.31685,1745396411694,True
1745396411698, BTCUSDT, 3547018590, 94271.44, 0.3178,1745396411698,True
1745396412694, BTCUSDT, 3547018594, 94271.44, 0.3173,1745396412694,True
1745396418957, BTCUSDT, 3547018617, 94271.45, 7.95729,1745396418956,False
1745396418957, BTCUSDT, 3547018619, 94271.89, 0.22548,1745396418956,False
1745396418957, BTCUSDT, 3547018625, 94274.77, 0.69998,1745396418956,False
1745396418957, BTCUSDT, 3547018634, 94277.1, 0.85924,1745396418956,False
1745396422501, BTCUSDT, 3547018660, 94273.72, 0.26575,1745396422500,False
1745396424582, BTCUSDT, 3547018670, 94273.71, 0.63402,1745396424581,True
1745396424634, BTCUSDT, 3547018709, 94260.0, 0.16,1745396424628,True
1745396440556, BTCUSDT, 3547018911, 94293.53, 2.07577,1745396440555,False
1745396444209, BTCUSDT, 3547018927, 94293.53, 0.25509,1745396444208,False
1745396445235, BTCUSDT, 3547018931, 94293.53, 0.20396,1745396445234,False
1745396446229, BTCUSDT, 3547018936, 94293.52, 0.35645,1745396446228,True
1745396455727, BTCUSDT, 3547019011, 94281.49, 0.7746,1745396455726,False
1745396459105, BTCUSDT, 3547019032, 94278.47, 0.21588,1745396459104,True
1745396460840, BTCUSDT, 3547019051, 94272.84, 0.1602,1745396460839,True
1745396464177, BTCUSDT, 3547019074, 94279.6, 0.2703,1745396464177,True
1745396482543, BTCUSDT, 3547019221, 94293.53, 0.2323,1745396482542,False
1745396486944, BTCUSDT, 3547019247, 94293.53, 1.16895,1745396486943,False
1745396486944, BTCUSDT, 3547019248, 94293.54, 0.5282,1745396486943,False
1745396491933, BTCUSDT, 3547019287, 94300.0, 1.26185,1745396491932,False
1745396491967, BTCUSDT, 3547019289, 94300.0, 1.52052,1745396491966,False
1745396496762, BTCUSDT, 3547019419, 94333.32, 0.41637,1745396496761,True
1745396496922, BTCUSDT, 3547019421, 94333.34, 0.16449,1745396496921,False
1745396497676, BTCUSDT, 3547019429, 94334.32, 1.18282,1745396497676,False
1745396500302, BTCUSDT, 3547019578, 94358.03, 0.44716,1745396500302,True
1745396506871, BTCUSDT, 3547019720, 94354.41, 1.0,1745396506870,False
1745396510424, BTCUSDT, 3547019738, 94354.4, 0.34672,1745396510424,True
1745396510459, BTCUSDT, 3547019746, 94352.37, 0.16317,1745396510459,False
1745396513223, BTCUSDT, 3547019805, 94333.33, 0.17257,1745396513222,True
1745396513224, BTCUSDT, 3547019807, 94333.33, 0.22551,1745396513222,True
1745396513224, BTCUSDT, 3547019813, 94332.32, 0.38482,1745396513222,True
1745396513224, BTCUSDT, 3547019815, 94332.32, 0.30992,1745396513223,True
1745396513235, BTCUSDT, 3547019877, 94308.65, 0.30715,1745396513228,True
1745396514485, BTCUSDT, 3547019922, 94311.88, 1.35238,1745396514484,False
1745396514485, BTCUSDT, 3547019923, 94311.88, 0.2744,1745396514484,False
1745396514485, BTCUSDT, 3547019924, 94311.88, 0.18498,1745396514484,False
1745396514486, BTCUSDT, 3547019925, 94311.88, 1.38189,1745396514484,False
1745396514488, BTCUSDT, 3547019956, 94322.41, 0.495,1745396514485,False
1745396514488, BTCUSDT, 3547019960, 94323.9, 0.53515,1745396514485,False
1745396515446, BTCUSDT, 3547019997, 94332.98, 0.2461,1745396515445,True
1745396515446, BTCUSDT, 3547019998, 94332.98, 0.45345,1745396515445,True
1745396517102, BTCUSDT, 3547020055, 94317.75, 0.34032,1745396517100,True
1745396521429, BTCUSDT, 3547020136, 94304.34, 0.22352,1745396521427,True
1745396521429, BTCUSDT, 3547020137, 94304.34, 0.20491,1745396521427,True
1745396522630, BTCUSDT, 3547020202, 94291.88, 1.2858,1745396522629,False
1745396527546, BTCUSDT, 3547020349, 94323.68, 1.0,1745396527546,False
1745396536487, BTCUSDT, 3547020497, 94347.17, 0.24276,1745396536486,False
1745396542562, BTCUSDT, 3547020559, 94346.94, 0.21345,1745396542561,False
1745396546486, BTCUSDT, 3547020573, 94348.97, 0.21767,1745396546486,False
1745396547249, BTCUSDT, 3547020576, 94348.97, 0.36444,1745396547248,False
1745396547329, BTCUSDT, 3547020591, 94354.41, 0.18383,1745396547328,False
1745396547477, BTCUSDT, 3547020595, 94355.96, 0.59385,1745396547477,False
1745396548529, BTCUSDT, 3547020603, 94355.96, 0.19112,1745396548528,False
1745396548529, BTCUSDT, 3547020606, 94355.96, 0.7183,1745396548529,False
1745396548529, BTCUSDT, 3547020607, 94355.96, 0.78428,1745396548529,False
1745396552717, BTCUSDT, 3547020664, 94367.94, 0.17318,1745396552715,False
1745396553680, BTCUSDT, 3547020686, 94373.03, 0.3,1745396553680,False
1745396553996, BTCUSDT, 3547020687, 94373.02, 0.24314,1745396553996,True
1745396558616, BTCUSDT, 3547020720, 94373.03, 0.16564,1745396558615,False
1745396560316, BTCUSDT, 3547020759, 94380.95, 0.24704,1745396560316,True
1745396561096, BTCUSDT, 3547020762, 94380.96, 0.18621,1745396561096,False
1745396563026, BTCUSDT, 3547020819, 94394.09, 1.50137,1745396563025,False
1745396563105, BTCUSDT, 3547020842, 94400.0, 0.54424,1745396563105,False
1745396563108, BTCUSDT, 3547020844, 94400.0, 0.60945,1745396563108,False
1745396570036, BTCUSDT, 3547020908, 94407.99, 2.0,1745396570035,True
1745396571282, BTCUSDT, 3547020918, 94407.99, 0.86713,1745396571281,True
1745396571287, BTCUSDT, 3547020921, 94407.99, 0.43691,1745396571286,True
1745396575217, BTCUSDT, 3547020970, 94397.97, 0.19845,1745396575216,False
1745396582936, BTCUSDT, 3547021056, 94401.58, 5.20324,1745396582935,False
1745396582936, BTCUSDT, 3547021061, 94403.6, 0.31259,1745396582935,False
1745396582936, BTCUSDT, 3547021062, 94403.61, 0.69921,1745396582935,False
1745396582936, BTCUSDT, 3547021076, 94407.92, 0.21419,1745396582935,False
1745396582936, BTCUSDT, 3547021077, 94407.97, 0.21419,1745396582935,False
1745396582936, BTCUSDT, 3547021078, 94407.98, 0.76454,1745396582935,False
1745396582936, BTCUSDT, 3547021079, 94407.99, 1.26648,1745396582935,False
1745396588874, BTCUSDT, 3547021127, 94402.33, 0.20004,1745396588874,False
1745396589144, BTCUSDT, 3547021138, 94408.0, 0.44514,1745396589143,False
1745396592424, BTCUSDT, 3547021243, 94426.4, 0.64838,1745396592423,True
1745396594104, BTCUSDT, 3547021264, 94426.41, 0.25454,1745396594103,False
1745396594104, BTCUSDT, 3547021314, 94436.13, 0.40601,1745396594103,False
1745396596104, BTCUSDT, 3547021438, 94444.0, 0.40582,1745396596103,False
1745396596125, BTCUSDT, 3547021441, 94444.0, 0.67332,1745396596121,False
1745396596142, BTCUSDT, 3547021446, 94444.0, 0.3831,1745396596141,False
1745396596145, BTCUSDT, 3547021503, 94450.0, 0.17331,1745396596143,False
1745396600093, BTCUSDT, 3547021659, 94455.97, 0.60187,1745396600092,False
1745396602523, BTCUSDT, 3547021728, 94463.5, 0.21527,1745396602522,False
1745396603100, BTCUSDT, 3547021749, 94463.5, 3.84604,1745396603099,False
1745396605187, BTCUSDT, 3547021792, 94465.58, 2.71936,1745396605172,False
1745396605187, BTCUSDT, 3547021820, 94468.11, 0.21177,1745396605172,False
1745396605187, BTCUSDT, 3547021895, 94475.26, 0.21413,1745396605172,False
1745396605187, BTCUSDT, 3547021897, 94475.29, 0.57758,1745396605172,False
1745396605187, BTCUSDT, 3547021898, 94475.3, 1.7162,1745396605172,False
1745396605187, BTCUSDT, 3547021966, 94481.2, 1.01835,1745396605172,False
1745396605187, BTCUSDT, 3547021967, 94481.22, 1.71601,1745396605172,False
1745396605187, BTCUSDT, 3547021974, 94482.11, 0.42826,1745396605172,False
1745396605187, BTCUSDT, 3547021975, 94482.12, 0.495,1745396605172,False
1745396605187, BTCUSDT, 3547021984, 94483.04, 0.68089,1745396605172,False
1745396605187, BTCUSDT, 3547022023, 94486.95, 1.71601,1745396605172,False
1745396605187, BTCUSDT, 3547022036, 94487.96, 0.92514,1745396605172,False
1745396605187, BTCUSDT, 3547022037, 94487.97, 0.53104,1745396605172,False
1745396605187, BTCUSDT, 3547022038, 94487.98, 0.42826,1745396605172,False
1745396605187, BTCUSDT, 3547022045, 94488.46, 0.30912,1745396605172,False
1745396605187, BTCUSDT, 3547022068, 94490.46, 0.30733,1745396605172,False
1745396605187, BTCUSDT, 3547022080, 94491.57, 0.495,1745396605172,False
1745396605187, BTCUSDT, 3547022081, 94491.69, 0.42429,1745396605172,False
1745396605187, BTCUSDT, 3547022094, 94492.6, 0.21413,1745396605172,False
1745396605187, BTCUSDT, 3547022099, 94492.96, 0.21413,1745396605172,False
1745396605187, BTCUSDT, 3547022100, 94492.97, 1.57892,1745396605172,False
1745396605187, BTCUSDT, 3547022101, 94492.98, 1.71601,1745396605172,False
1745396605187, BTCUSDT, 3547022104, 94493.5, 0.26518,1745396605172,False
1745396605187, BTCUSDT, 3547022113, 94493.94, 0.76178,1745396605172,False
1745396605187, BTCUSDT, 3547022124, 94494.97, 0.31821,1745396605172,False
1745396605187, BTCUSDT, 3547022125, 94495.0, 0.57006,1745396605172,False
1745396605187, BTCUSDT, 3547022141, 94496.29, 0.29192,1745396605172,False
1745396605187, BTCUSDT, 3547022161, 94498.91, 0.42826,1745396605172,False
1745396605187, BTCUSDT, 3547022162, 94498.93, 0.53104,1745396605172,False
1745396605187, BTCUSDT, 3547022165, 94499.22, 1.71601,1745396605172,False
1745396605187, BTCUSDT, 3547022166, 94499.23, 16.45243,1745396605172,False
1745396605187, BTCUSDT, 3547022177, 94500.0, 48.21189,1745396605172,False
1745396605187, BTCUSDT, 3547022186, 94500.37, 0.64655,1745396605172,False
1745396605187, BTCUSDT, 3547022187, 94473.99, 0.60611,1745396605172,True
1745396605187, BTCUSDT, 3547022188, 94472.77, 0.60611,1745396605172,True
1745396605187, BTCUSDT, 3547022189, 94472.48, 0.60611,1745396605172,True
1745396605187, BTCUSDT, 3547022190, 94469.99, 0.18167,1745396605172,True
1745396605292, BTCUSDT, 3547022247, 94499.82, 0.2896,1745396605290,False
1745396605293, BTCUSDT, 3547022250, 94500.0, 0.22731,1745396605290,False
1745396605309, BTCUSDT, 3547022378, 94512.49, 0.16056,1745396605301,False
1745396605309, BTCUSDT, 3547022449, 94519.92, 0.495,1745396605301,False
1745396605319, BTCUSDT, 3547022474, 94509.92, 0.2,1745396605307,True
1745396605319, BTCUSDT, 3547022475, 94509.05, 0.2,1745396605307,True
1745396605342, BTCUSDT, 3547022486, 94509.98, 0.39822,1745396605324,True
1745396605342, BTCUSDT, 3547022487, 94509.97, 0.32985,1745396605324,True
1745396605481, BTCUSDT, 3547022513, 94516.78, 0.2368,1745396605481,True
1745396605484, BTCUSDT, 3547022516, 94516.78, 0.1696,1745396605484,True
1745396605485, BTCUSDT, 3547022517, 94516.78, 0.44291,1745396605485,True
1745396605486, BTCUSDT, 3547022519, 94515.92, 0.55707,1745396605485,True
1745396605487, BTCUSDT, 3547022526, 94512.47, 0.16859,1745396605486,True
1745396605487, BTCUSDT, 3547022528, 94510.01, 0.24801,1745396605486,True
1745396605487, BTCUSDT, 3547022531, 94509.98, 0.16841,1745396605486,True
1745396607395, BTCUSDT, 3547022623, 94494.52, 0.16553,1745396607394,True
1745396612619, BTCUSDT, 3547022815, 94463.5, 0.3459,1745396612618,True
1745396613382, BTCUSDT, 3547022832, 94470.15, 0.21455,1745396613381,False
1745396613608, BTCUSDT, 3547022835, 94470.64, 0.2169,1745396613608,True
1745396614330, BTCUSDT, 3547022855, 94470.64, 0.37458,1745396614330,True
1745396614331, BTCUSDT, 3547022857, 94470.64, 0.38985,1745396614330,True
1745396614331, BTCUSDT, 3547022858, 94470.64, 0.17006,1745396614330,True
1745396614515, BTCUSDT, 3547022885, 94463.5, 0.3909,1745396614514,True
1745396614517, BTCUSDT, 3547022887, 94463.5, 0.25666,1745396614516,True
1745396615031, BTCUSDT, 3547022919, 94454.71, 0.57492,1745396615030,False
1745396618632, BTCUSDT, 3547022989, 94473.2, 3.56815,1745396618632,True
1745396619962, BTCUSDT, 3547023031, 94463.51, 0.21698,1745396619962,True
1745396620948, BTCUSDT, 3547023049, 94456.81, 0.196,1745396620947,False
1745396624938, BTCUSDT, 3547023220, 94420.01, 1.08982,1745396624937,False
1745396627026, BTCUSDT, 3547023271, 94417.44, 1.10163,1745396627025,True
1745396627026, BTCUSDT, 3547023272, 94417.44, 0.63757,1745396627025,True
1745396627026, BTCUSDT, 3547023273, 94417.44, 0.63796,1745396627025,True
1745396627026, BTCUSDT, 3547023274, 94417.44, 0.21001,1745396627025,True
1745396629266, BTCUSDT, 3547023320, 94408.0, 0.42257,1745396629265,True
1745396629940, BTCUSDT, 3547023400, 94391.87, 0.31587,1745396629940,False
1745396634507, BTCUSDT, 3547023475, 94380.01, 0.1696,1745396634506,False
1745396634508, BTCUSDT, 3547023478, 94380.01, 0.34836,1745396634507,False
1745396640655, BTCUSDT, 3547023609, 94370.01, 0.2776,1745396640655,False
1745396648254, BTCUSDT, 3547023693, 94369.82, 0.54599,1745396648253,False
1745396648454, BTCUSDT, 3547023719, 94380.0, 0.5,1745396648454,True
1745396649019, BTCUSDT, 3547023754, 94363.92, 0.30897,1745396649018,False
1745396652164, BTCUSDT, 3547023766, 94363.92, 0.31791,1745396652164,False
1745396658506, BTCUSDT, 3547023860, 94388.0, 0.24695,1745396658505,True
1745396659022, BTCUSDT, 3547023911, 94367.56, 0.20594,1745396659021,True
1745396659022, BTCUSDT, 3547023912, 94367.56, 2.5194,1745396659021,True
1745396659022, BTCUSDT, 3547023914, 94367.56, 0.96481,1745396659021,True
1745396659023, BTCUSDT, 3547023918, 94367.56, 0.20561,1745396659022,True
1745396659023, BTCUSDT, 3547023919, 94367.56, 1.07112,1745396659022,True
1745396659024, BTCUSDT, 3547023920, 94367.56, 0.18901,1745396659022,True
1745396659024, BTCUSDT, 3547023931, 94363.92, 0.33516,1745396659022,True
1745396659024, BTCUSDT, 3547023932, 94363.92, 0.16,1745396659022,True
1745396659028, BTCUSDT, 3547023988, 94348.96, 0.495,1745396659024,True
1745396659028, BTCUSDT, 3547023994, 94346.94, 0.36681,1745396659024,True
1745396659029, BTCUSDT, 3547024000, 94345.69, 0.30537,1745396659025,True
1745396659029, BTCUSDT, 3547024005, 94343.67, 0.79554,1745396659025,True
1745396659035, BTCUSDT, 3547024019, 94340.28, 0.63146,1745396659027,True
1745396659035, BTCUSDT, 3547024020, 94340.18, 1.46325,1745396659027,True
1745396659035, BTCUSDT, 3547024023, 94339.27, 0.79554,1745396659027,True
1745396659035, BTCUSDT, 3547024025, 94338.44, 0.30541,1745396659027,True
1745396659035, BTCUSDT, 3547024026, 94338.4, 0.79554,1745396659027,True
1745396659035, BTCUSDT, 3547024032, 94336.34, 0.76305,1745396659027,True
1745396659035, BTCUSDT, 3547024033, 94336.2, 0.79554,1745396659027,True
1745396659035, BTCUSDT, 3547024037, 94335.52, 0.16,1745396659027,True
1745396659047, BTCUSDT, 3547024074, 94327.59, 0.76312,1745396659032,True
1745396659047, BTCUSDT, 3547024101, 94317.56, 0.20612,1745396659032,True
1745396659047, BTCUSDT, 3547024110, 94314.38, 0.41745,1745396659032,True
1745396659047, BTCUSDT, 3547024113, 94313.6, 0.495,1745396659032,True
1745396659047, BTCUSDT, 3547024117, 94313.06, 0.31471,1745396659032,True
1745396659047, BTCUSDT, 3547024124, 94311.23, 0.54154,1745396659032,True
1745396659047, BTCUSDT, 3547024130, 94307.22, 0.30645,1745396659032,True
1745396659047, BTCUSDT, 3547024134, 94305.46, 0.24966,1745396659032,True
1745396659047, BTCUSDT, 3547024151, 94300.0, 0.53568,1745396659032,True
1745396659047, BTCUSDT, 3547024154, 94299.74, 0.21222,1745396659032,True
1745396659047, BTCUSDT, 3547024159, 94299.26, 0.3065,1745396659032,True
1745396659047, BTCUSDT, 3547024164, 94297.61, 0.41864,1745396659032,True
1745396659047, BTCUSDT, 3547024168, 94296.8, 0.495,1745396659032,True
1745396659047, BTCUSDT, 3547024183, 94293.96, 0.57268,1745396659032,True
1745396659330, BTCUSDT, 3547024259, 94310.0, 0.37221,1745396659276,False
1745396659438, BTCUSDT, 3547024266, 94312.69, 1.51506,1745396659437,False
1745396659499, BTCUSDT, 3547024285, 94318.05, 0.1696,1745396659498,False
1745396659553, BTCUSDT, 3547024293, 94321.75, 0.40353,1745396659553,False
1745396660712, BTCUSDT, 3547024333, 94310.86, 0.30917,1745396660711,False
1745396661484, BTCUSDT, 3547024345, 94310.86, 0.93182,1745396661484,False
1745396661605, BTCUSDT, 3547024346, 94310.86, 0.21724,1745396661605,False
1745396662574, BTCUSDT, 3547024361, 94314.85, 0.22635,1745396662574,False
1745396666954, BTCUSDT, 3547024655, 94289.46, 0.32,1745396666953,True
1745396671611, BTCUSDT, 3547024704, 94288.81, 0.81236,1745396671611,False
1745396671612, BTCUSDT, 3547024705, 94288.81, 0.66798,1745396671611,False
1745396671612, BTCUSDT, 3547024706, 94288.81, 1.69687,1745396671611,False
1745396671612, BTCUSDT, 3547024711, 94289.23, 0.64844,1745396671611,False
1745396671612, BTCUSDT, 3547024713, 94289.25, 0.81617,1745396671611,False
1745396671612, BTCUSDT, 3547024716, 94289.47, 0.16262,1745396671611,False
1745396671612, BTCUSDT, 3547024717, 94289.47, 0.36521,1745396671611,False
1745396674682, BTCUSDT, 3547024764, 94301.88, 0.17228,1745396674682,False
1745396678680, BTCUSDT, 3547024840, 94314.86, 0.17001,1745396678679,True
1745396679495, BTCUSDT, 3547024843, 94312.13, 0.16201,1745396679494,True
1745396681734, BTCUSDT, 3547024889, 94301.87, 0.16681,1745396681733,True
1745396682898, BTCUSDT, 3547024929, 94289.46, 0.31042,1745396682897,True
1745396690626, BTCUSDT, 3547025066, 94261.9, 2.10037,1745396690625,False
1745396690626, BTCUSDT, 3547025067, 94261.9, 0.33257,1745396690625,False
1745396705766, BTCUSDT, 3547025254, 94292.56, 0.1612,1745396705765,False
1745396709706, BTCUSDT, 3547025269, 94292.55, 0.2564,1745396709705,True
1745396709706, BTCUSDT, 3547025270, 94292.55, 0.18194,1745396709705,True
1745396713090, BTCUSDT, 3547025406, 94250.01, 0.44899,1745396713087,False
1745396713454, BTCUSDT, 3547025412, 94250.0, 1.33937,1745396713453,True
1745396713454, BTCUSDT, 3547025413, 94250.0, 2.69013,1745396713453,True
1745396714339, BTCUSDT, 3547025515, 94225.0, 0.31872,1745396714339,True
1745396714465, BTCUSDT, 3547025517, 94225.01, 0.23529,1745396714465,False
1745396714467, BTCUSDT, 3547025518, 94225.01, 0.742,1745396714466,False
1745396715025, BTCUSDT, 3547025573, 94225.05, 0.2391,1745396715024,False
1745396715781, BTCUSDT, 3547025583, 94231.58, 0.51612,1745396715781,True
1745396715785, BTCUSDT, 3547025586, 94231.58, 0.68817,1745396715784,True
1745396716258, BTCUSDT, 3547025609, 94226.88, 0.22615,1745396716257,True
1745396721150, BTCUSDT, 3547025821, 94211.34, 0.1998,1745396721150,True
1745396731357, BTCUSDT, 3547025995, 94214.23, 1.00453,1745396731356,False
1745396741879, BTCUSDT, 3547026091, 94200.0, 0.40059,1745396741877,True
1745396741880, BTCUSDT, 3547026093, 94200.0, 0.1696,1745396741877,True
1745396741881, BTCUSDT, 3547026106, 94198.0, 0.19099,1745396741878,True
1745396748021, BTCUSDT, 3547026168, 94190.48, 0.51335,1745396748021,False
1745396757269, BTCUSDT, 3547026302, 94174.2, 0.36763,1745396757268,False
1745396757411, BTCUSDT, 3547026309, 94173.91, 0.21969,1745396757410,True
1745396757416, BTCUSDT, 3547026332, 94169.0, 0.56903,1745396757416,True
1745396759948, BTCUSDT, 3547026343, 94169.01, 0.34822,1745396759948,False
1745396765300, BTCUSDT, 3547026387, 94173.88, 0.34412,1745396765299,False
1745396767056, BTCUSDT, 3547026462, 94160.01, 1.00147,1745396767055,False
1745396767089, BTCUSDT, 3547026463, 94160.01, 0.5,1745396767089,False
1745396769229, BTCUSDT, 3547026493, 94167.27, 0.25993,1745396769226,False
1745396769401, BTCUSDT, 3547026501, 94169.0, 1.12803,1745396769401,True
1745396770809, BTCUSDT, 3547026549, 94179.56, 0.42922,1745396770808,False
1745396772188, BTCUSDT, 3547026570, 94170.15, 0.30313,1745396772187,False
1745396774181, BTCUSDT, 3547026579, 94170.15, 0.45588,1745396774180,False
1745396774256, BTCUSDT, 3547026600, 94181.05, 0.25749,1745396774255,False
1745396775042, BTCUSDT, 3547026613, 94183.5, 0.45417,1745396775042,False
1745396775051, BTCUSDT, 3547026621, 94183.53, 0.37148,1745396775051,False
1745396775120, BTCUSDT, 3547026625, 94183.53, 0.66696,1745396775119,False
1745396775169, BTCUSDT, 3547026629, 94183.55, 0.20895,1745396775169,False
1745396781206, BTCUSDT, 3547026690, 94198.0, 0.5,1745396781206,True
1745396784443, BTCUSDT, 3547026709, 94198.01, 0.99487,1745396784443,False
1745396793867, BTCUSDT, 3547026799, 94175.64, 0.68673,1745396793867,False
1745396794213, BTCUSDT, 3547026801, 94175.64, 0.373,1745396794212,False
1745396808707, BTCUSDT, 3547026939, 94160.03, 0.16787,1745396808707,False
1745396811651, BTCUSDT, 3547026992, 94168.8, 3.58786,1745396811649,True
1745396811651, BTCUSDT, 3547026997, 94168.03, 0.24939,1745396811649,True
1745396811651, BTCUSDT, 3547026998, 94168.02, 0.70078,1745396811649,True
1745396811651, BTCUSDT, 3547027008, 94160.11, 0.42832,1745396811649,True
1745396811651, BTCUSDT, 3547027009, 94160.1, 0.48613,1745396811649,True
1745396811651, BTCUSDT, 3547027011, 94160.01, 1.63533,1745396811649,True
1745396811651, BTCUSDT, 3547027035, 94156.01, 0.91173,1745396811649,True
1745396811651, BTCUSDT, 3547027038, 94155.53, 0.21413,1745396811649,True
1745396811651, BTCUSDT, 3547027039, 94155.52, 0.21413,1745396811649,True
1745396811651, BTCUSDT, 3547027051, 94153.77, 0.53024,1745396811649,True
1745396811651, BTCUSDT, 3547027052, 94153.76, 1.71601,1745396811649,True
1745396811651, BTCUSDT, 3547027058, 94152.84, 0.36003,1745396811649,True
1745396811651, BTCUSDT, 3547027062, 94151.57, 0.21413,1745396811649,True
1745396811651, BTCUSDT, 3547027063, 94151.56, 0.21413,1745396811649,True
1745396811651, BTCUSDT, 3547027082, 94148.2, 0.49506,1745396811649,True
1745396811651, BTCUSDT, 3547027090, 94147.69, 0.42826,1745396811649,True
1745396811651, BTCUSDT, 3547027092, 94147.55, 0.87687,1745396811649,True
1745396811651, BTCUSDT, 3547027093, 94147.54, 1.71752,1745396811649,True
1745396811651, BTCUSDT, 3547027102, 94145.69, 0.7646,1745396811649,True
1745396811651, BTCUSDT, 3547027104, 94145.08, 0.79547,1745396811649,True
1745396811651, BTCUSDT, 3547027120, 94143.16, 0.3822,1745396811649,True
1745396811651, BTCUSDT, 3547027124, 94142.45, 0.33384,1745396811649,True
1745396813743, BTCUSDT, 3547027158, 94143.2, 0.20579,1745396813742,True
1745396818618, BTCUSDT, 3547027201, 94140.63, 0.25012,1745396818617,True
1745396824371, BTCUSDT, 3547027296, 94143.2, 0.19533,1745396824369,False
1745396832716, BTCUSDT, 3547027369, 94158.06, 0.53102,1745396832715,True
1745396835071, BTCUSDT, 3547027378, 94158.07, 0.53102,1745396835071,False
1745396835418, BTCUSDT, 3547027380, 94158.06, 0.43058,1745396835418,True
1745396835419, BTCUSDT, 3547027381, 94158.06, 1.13806,1745396835418,True
1745396836530, BTCUSDT, 3547027412, 94156.69, 0.5135,1745396836529,True
1745396846185, BTCUSDT, 3547027453, 94156.7, 1.02435,1745396846184,False
1745396851960, BTCUSDT, 3547027490, 94156.7, 0.21843,1745396851959,False
1745396852077, BTCUSDT, 3547027530, 94168.8, 0.20064,1745396852076,False
1745396857596, BTCUSDT, 3547027620, 94184.55, 1.2145,1745396857595,False
1745396862729, BTCUSDT, 3547027656, 94185.06, 2.12347,1745396862728,False
1745396881941, BTCUSDT, 3547027846, 94171.46, 0.35407,1745396881940,False
1745396902639, BTCUSDT, 3547027990, 94187.33, 1.16509,1745396902638,False
1745396902639, BTCUSDT, 3547027994, 94187.36, 0.42385,1745396902638,False
1745396906690, BTCUSDT, 3547028068, 94200.0, 0.2014,1745396906687,False
1745396906690, BTCUSDT, 3547028069, 94200.0, 0.60294,1745396906687,False
1745396906740, BTCUSDT, 3547028079, 94203.56, 0.53243,1745396906731,False
1745396909936, BTCUSDT, 3547028119, 94200.96, 0.5085,1745396909935,False
1745396919147, BTCUSDT, 3547028204, 94204.15, 0.31746,1745396919146,True
1745396919151, BTCUSDT, 3547028205, 94204.15, 0.31746,1745396919150,True
1745396920149, BTCUSDT, 3547028209, 94204.15, 0.31746,1745396920143,True
1745396921143, BTCUSDT, 3547028215, 94204.15, 0.31542,1745396921142,True
1745396923438, BTCUSDT, 3547028225, 94204.16, 0.20157,1745396923438,False
1745396923544, BTCUSDT, 3547028232, 94204.16, 0.36376,1745396923543,False
1745396923551, BTCUSDT, 3547028236, 94207.32, 0.55467,1745396923551,False
1745396926876, BTCUSDT, 3547028335, 94234.08, 0.21099,1745396926876,False
1745396936763, BTCUSDT, 3547028370, 94234.08, 4.49784,1745396936762,False
1745396936765, BTCUSDT, 3547028398, 94240.85, 0.70023,1745396936764,False
1745396936765, BTCUSDT, 3547028401, 94242.12, 0.16,1745396936764,False
1745396936768, BTCUSDT, 3547028419, 94249.28, 0.16,1745396936765,False
1745396936769, BTCUSDT, 3547028431, 94254.49, 0.16,1745396936765,False
1745396936772, BTCUSDT, 3547028434, 94254.49, 0.54047,1745396936767,False
1745396936774, BTCUSDT, 3547028465, 94263.25, 0.495,1745396936768,False
1745396936848, BTCUSDT, 3547028487, 94264.07, 0.33146,1745396936838,False
1745396939128, BTCUSDT, 3547028586, 94296.96, 0.19752,1745396939127,False
1745396939128, BTCUSDT, 3547028612, 94305.83, 0.26164,1745396939127,False
1745396939128, BTCUSDT, 3547028613, 94305.84, 0.79547,1745396939127,False
1745396939128, BTCUSDT, 3547028625, 94309.7, 0.20378,1745396939127,False
1745396939262, BTCUSDT, 3547028628, 94309.69, 0.6504,1745396939262,True
1745396953175, TAOUSDT, 33863046, 335.6, 51.6477,1745396953174,True
1745396963488, BTCUSDT, 3547028918, 94299.38, 0.75026,1745396963487,False
1745396963488, BTCUSDT, 3547028919, 94299.39, 0.2097,1745396963487,False
1745396977527, BTCUSDT, 3547029189, 94246.47, 0.40761,1745396977526,False
1745396980748, TAOUSDT, 33863080, 335.5, 237.3342,1745396980747,True
1745396992379, BTCUSDT, 3547029280, 94258.65, 0.1594,1745396992378,True
1745397002163, BTCUSDT, 3547029363, 94240.08, 0.62066,1745397002161,False
1745397002216, BTCUSDT, 3547029376, 94246.12, 0.1863,1745397002216,False
1745397003608, BTCUSDT, 3547029387, 94248.44, 0.22329,1745397003606,True
1745397008823, BTCUSDT, 3547029449, 94237.42, 0.24928,1745397008822,True
1745397008824, BTCUSDT, 3547029450, 94237.42, 0.1824,1745397008823,True
1745397008829, BTCUSDT, 3547029452, 94237.42, 0.24066,1745397008825,True
1745397009561, BTCUSDT, 3547029534, 94220.81, 0.39936,1745397009560,False
1745397019257, BTCUSDT, 3547029590, 94220.06, 0.21226,1745397019257,True
1745397019401, BTCUSDT, 3547029591, 94220.06, 0.46051,1745397019401,True
1745397024791, BTCUSDT, 3547029754, 94199.59, 0.67262,1745397024791,True
1745397025032, BTCUSDT, 3547029759, 94198.54, 0.16,1745397025032,True
1745397028497, BTCUSDT, 3547029796, 94194.72, 0.16181,1745397028497,True
1745397038331, BTCUSDT, 3547029845, 94194.72, 0.35247,1745397038330,True
1745397038334, BTCUSDT, 3547029848, 94194.72, 0.18996,1745397038334,True
1745397039996, BTCUSDT, 3547029900, 94188.01, 0.26516,1745397039995,False
1745397066964, BTCUSDT, 3547030133, 94181.19, 0.33508,1745397066964,True
1745397067505, BTCUSDT, 3547030159, 94175.35, 0.16787,1745397067504,True
1745397072561, BTCUSDT, 3547030215, 94175.36, 0.20925,1745397072560,False
1745397072561, BTCUSDT, 3547030216, 94175.36, 3.56545,1745397072560,False
1745397082660, BTCUSDT, 3547030254, 94184.77, 0.82435,1745397082659,False
1745397082762, BTCUSDT, 3547030255, 94184.77, 1.27274,1745397082761,False
1745397082766, BTCUSDT, 3547030268, 94188.01, 0.83071,1745397082764,False
1745397089536, BTCUSDT, 3547030348, 94199.99, 0.17892,1745397089535,True
1745397089538, BTCUSDT, 3547030352, 94199.99, 0.29734,1745397089537,True
1745397115481, BTCUSDT, 3547030546, 94178.33, 1.19968,1745397115480,False
1745397118547, BTCUSDT, 3547030557, 94178.32, 0.16,1745397118546,True
1745397121924, BTCUSDT, 3547030583, 94175.33, 0.16,1745397121924,True
1745397126926, BTCUSDT, 3547030645, 94172.98, 0.17,1745397126912,True
1745397126926, BTCUSDT, 3547030646, 94172.98, 0.348,1745397126912,True
1745397133317, BTCUSDT, 3547030748, 94157.36, 0.16,1745397133317,True
1745397144820, BTCUSDT, 3547030931, 94150.0, 0.16,1745397144820,True
1745397145079, BTCUSDT, 3547030934, 94150.0, 0.16,1745397145079,True
1745397160918, BTCUSDT, 3547031032, 94143.53, 0.28373,1745397160915,False
1745397160919, BTCUSDT, 3547031035, 94143.53, 0.20303,1745397160916,False
1745397160919, BTCUSDT, 3547031036, 94143.53, 0.95508,1745397160916,False
1745397163509, BTCUSDT, 3547031070, 94150.0, 0.29981,1745397163508,False
1745397163509, BTCUSDT, 3547031071, 94150.0, 0.29981,1745397163509,False
1745397163509, BTCUSDT, 3547031072, 94150.0, 0.19205,1745397163509,False
1745397164528, BTCUSDT, 3547031121, 94166.8, 0.2342,1745397164527,True
1745397164750, BTCUSDT, 3547031123, 94166.81, 0.18233,1745397164749,False
1745397164750, BTCUSDT, 3547031124, 94166.81, 0.17648,1745397164749,False
1745397164751, BTCUSDT, 3547031125, 94166.81, 0.89822,1745397164749,False
1745397178656, BTCUSDT, 3547031251, 94164.31, 1.0,1745397178655,True
1745397179986, BTCUSDT, 3547031262, 94162.43, 0.28685,1745397179986,True
1745397187099, BTCUSDT, 3547031314, 94158.87, 0.25596,1745397187099,True
1745397187116, BTCUSDT, 3547031329, 94150.5, 0.16,1745397187115,True
1745397187151, BTCUSDT, 3547031332, 94150.5, 0.1723,1745397187150,True
1745397187151, BTCUSDT, 3547031340, 94146.5, 0.42826,1745397187150,True
1745397187151, BTCUSDT, 3547031349, 94144.77, 0.3364,1745397187150,True
1745397187152, BTCUSDT, 3547031359, 94142.16, 0.21413,1745397187151,True
1745397187152, BTCUSDT, 3547031363, 94141.72, 0.53223,1745397187151,True
1745397187154, BTCUSDT, 3547031386, 94136.86, 0.30361,1745397187152,True
1745397187161, BTCUSDT, 3547031407, 94133.51, 0.30413,1745397187157,True
1745397187162, BTCUSDT, 3547031408, 94133.51, 0.78572,1745397187157,True
1745397187162, BTCUSDT, 3547031409, 94133.5, 0.495,1745397187157,True
1745397190981, BTCUSDT, 3547031506, 94122.12, 0.50894,1745397190980,False
1745397198613, BTCUSDT, 3547031540, 94122.11, 2.0737,1745397198612,True
1745397209069, BTCUSDT, 3547031589, 94122.12, 0.17733,1745397209068,False
1745397216057, BTCUSDT, 3547031656, 94142.94, 0.73796,1745397216055,False
1745397222264, BTCUSDT, 3547031697, 94156.38, 0.39842,1745397222263,False
1745397231392, BTCUSDT, 3547031815, 94142.86, 0.47132,1745397231391,False
1745397240519, BTCUSDT, 3547031897, 94160.69, 0.48316,1745397240518,False
1745397247564, BTCUSDT, 3547032031, 94179.49, 0.48195,1745397247563,True
1745397252303, BTCUSDT, 3547032108, 94200.0, 0.38945,1745397252302,False
1745397252320, BTCUSDT, 3547032110, 94200.0, 0.20501,1745397252320,False
1745397261970, BTCUSDT, 3547032289, 94238.1, 0.22836,1745397261970,False
1745397265999, BTCUSDT, 3547032346, 94220.74, 0.54128,1745397265999,False
1745397266890, BTCUSDT, 3547032360, 94227.13, 0.3397,1745397266889,False
1745397277317, BTCUSDT, 3547032428, 94233.94, 0.64664,1745397277316,False
1745397281585, BTCUSDT, 3547032450, 94229.21, 0.16,1745397281584,True
1745397294428, BTCUSDT, 3547032529, 94214.67, 1.294,1745397294428,True
1745397299731, BTCUSDT, 3547032567, 94214.68, 0.2886,1745397299730,False
1745397303493, BTCUSDT, 3547032621, 94225.78, 0.20631,1745397303492,False
1745397308486, BTCUSDT, 3547032678, 94211.73, 0.20125,1745397308486,False
1745397318486, BTCUSDT, 3547032707, 94211.73, 0.1907,1745397318486,False
1745397323493, BTCUSDT, 3547032757, 94225.3, 0.52501,1745397323493,False
1745397334800, BTCUSDT, 3547032833, 94212.84, 0.38662,1745397334800,True
1745397355543, BTCUSDT, 3547033008, 94200.01, 0.31599,1745397355542,False
1745397355915, BTCUSDT, 3547033035, 94212.85, 0.16092,1745397355914,False
1745397365484, BTCUSDT, 3547033112, 94200.2, 0.18118,1745397365483,False
1745397367181, BTCUSDT, 3547033117, 94200.19, 0.34594,1745397367181,True
1745397370820, BTCUSDT, 3547033144, 94200.0, 0.16,1745397370820,True
1745397370823, BTCUSDT, 3547033145, 94200.0, 1.31804,1745397370823,True
1745397370823, BTCUSDT, 3547033146, 94200.0, 0.62555,1745397370823,True
1745397370826, BTCUSDT, 3547033153, 94200.0, 0.4387,1745397370826,True
1745397385425, BTCUSDT, 3547033346, 94158.59, 2.18381,1745397385424,False
1745397385425, BTCUSDT, 3547033350, 94159.3, 0.21071,1745397385424,False
1745397385425, BTCUSDT, 3547033351, 94159.31, 0.58292,1745397385424,False
1745397418617, BTCUSDT, 3547033538, 94170.09, 0.19351,1745397418617,False
1745397423332, BTCUSDT, 3547033565, 94164.24, 0.41413,1745397423331,False
1745397426572, BTCUSDT, 3547033597, 94172.47, 0.31939,1745397426571,True
1745397448205, BTCUSDT, 3547033680, 94174.53, 1.43253,1745397448204,True
1745397452060, BTCUSDT, 3547033702, 94174.54, 2.05572,1745397452056,False
1745397452060, BTCUSDT, 3547033706, 94175.57, 0.51523,1745397452056,False
1745397452071, BTCUSDT, 3547033711, 94176.5, 0.3701,1745397452069,False
1745397452071, BTCUSDT, 3547033712, 94176.5, 0.39634,1745397452069,False
1745397452071, BTCUSDT, 3547033713, 94176.5, 0.20504,1745397452069,False
1745397452071, BTCUSDT, 3547033714, 94176.5, 1.19659,1745397452069,False
1745397452073, BTCUSDT, 3547033715, 94176.5, 0.47528,1745397452069,False
1745397452076, BTCUSDT, 3547033724, 94176.5, 1.58873,1745397452072,False
1745397452081, BTCUSDT, 3547033728, 94176.5, 0.16443,1745397452078,False
1745397452081, BTCUSDT, 3547033729, 94176.5, 0.28562,1745397452078,False
1745397452081, BTCUSDT, 3547033734, 94176.5, 0.2384,1745397452079,False
1745397452089, BTCUSDT, 3547033737, 94176.5, 0.34739,1745397452086,False
1745397452090, BTCUSDT, 3547033738, 94176.5, 3.7231,1745397452087,False
1745397452092, BTCUSDT, 3547033740, 94176.52, 0.16792,1745397452089,False
1745397452092, BTCUSDT, 3547033742, 94176.53, 0.31788,1745397452090,False
1745397457217, BTCUSDT, 3547033907, 94217.78, 0.28248,1745397457216,False
1745397465324, TAOUSDT, 33863423, 334.1, 106.8131,1745397465323,False
1745397468263, BTCUSDT, 3547033965, 94211.06, 0.3533,1745397468262,True
1745397472589, BTCUSDT, 3547033994, 94201.36, 0.4597,1745397472589,False
1745397477296, BTCUSDT, 3547034022, 94211.07, 0.33724,1745397477296,False
1745397483490, BTCUSDT, 3547034229, 94248.0, 0.2425,1745397483489,False
1745397483490, BTCUSDT, 3547034233, 94250.0, 0.18742,1745397483490,False
1745397492843, BTCUSDT, 3547034357, 94280.0, 0.17626,1745397492843,False
1745397502022, BTCUSDT, 3547034429, 94260.0, 0.55,1745397502021,True
1745397509000, BTCUSDT, 3547034486, 94242.76, 6.87864,1745397508998,True
1745397509000, BTCUSDT, 3547034500, 94239.22, 0.16581,1745397508998,True
1745397509000, BTCUSDT, 3547034504, 94238.66, 0.21419,1745397508998,True
1745397509000, BTCUSDT, 3547034507, 94238.13, 0.21419,1745397508998,True
1745397509000, BTCUSDT, 3547034528, 94233.63, 1.5,1745397508998,True
1745397509000, BTCUSDT, 3547034540, 94232.13, 1.31627,1745397508998,True
1745397509000, BTCUSDT, 3547034541, 94232.12, 1.71601,1745397508998,True
1745397509000, BTCUSDT, 3547034542, 94232.05, 0.42826,1745397508998,True
1745397509000, BTCUSDT, 3547034549, 94230.18, 0.38926,1745397508998,True
1745397509485, BTCUSDT, 3547034553, 94230.19, 0.21992,1745397509485,False
1745397513607, BTCUSDT, 3547034677, 94253.5, 0.5,1745397513606,False
1745397519485, BTCUSDT, 3547034718, 94246.16, 0.21144,1745397519484,False
1745397524135, BTCUSDT, 3547034750, 94239.44, 4.20162,1745397524134,True
1745397524135, BTCUSDT, 3547034761, 94234.86, 0.40449,1745397524134,True
1745397524135, BTCUSDT, 3547034762, 94234.85, 0.63659,1745397524134,True
1745397524135, BTCUSDT, 3547034767, 94234.37, 0.21419,1745397524134,True
1745397524485, BTCUSDT, 3547034771, 94234.01, 0.17548,1745397524484,False
1745397534486, BTCUSDT, 3547034850, 94218.87, 0.20571,1745397534486,False
1745397540492, BTCUSDT, 3547034872, 94218.86, 0.2632,1745397540492,True
1745397544485, BTCUSDT, 3547034896, 94216.63, 0.22839,1745397544485,False
1745397549494, BTCUSDT, 3547034931, 94218.87, 0.16664,1745397549493,False
1745397549510, BTCUSDT, 3547034932, 94218.87, 0.37517,1745397549510,False
1745397550483, BTCUSDT, 3547034950, 94227.07, 0.24614,1745397550483,True
1745397573848, BTCUSDT, 3547035034, 94222.64, 0.26133,1745397573847,False
1745397574438, BTCUSDT, 3547035039, 94222.64, 0.19942,1745397574437,False
1745397576470, BTCUSDT, 3547035046, 94222.64, 0.44199,1745397576469,False
1745397592483, BTCUSDT, 3547035155, 94226.68, 0.23336,1745397592482,False
1745397602482, BTCUSDT, 3547035185, 94226.68, 0.21591,1745397602482,False
1745397606017, BTCUSDT, 3547035240, 94234.75, 0.36702,1745397606016,False
1745397614081, BTCUSDT, 3547035445, 94272.77, 0.1887,1745397614080,False
1745397614081, BTCUSDT, 3547035446, 94272.77, 0.44583,1745397614080,False
1745397614081, BTCUSDT, 3547035447, 94272.77, 0.70087,1745397614081,False
1745397614082, BTCUSDT, 3547035448, 94272.77, 0.70429,1745397614081,False
1745397617482, BTCUSDT, 3547035603, 94298.91, 0.17479,1745397617482,False
1745397622484, BTCUSDT, 3547035617, 94298.91, 0.17143,1745397622483,False
1745397628278, BTCUSDT, 3547035644, 94298.9, 0.47574,1745397628277,True
1745397631985, BTCUSDT, 3547035727, 94277.68, 0.16,1745397631985,True
1745397636360, BTCUSDT, 3547035776, 94269.4, 0.48374,1745397636360,False
1745397638483, BTCUSDT, 3547035782, 94269.4, 0.23099,1745397638483,False
1745397640298, BTCUSDT, 3547035812, 94269.39, 0.43597,1745397640297,True
1745397644766, BTCUSDT, 3547035944, 94234.1, 0.46122,1745397644765,True
1745397657858, BTCUSDT, 3547036019, 94227.54, 0.41622,1745397657858,False
1745397664009, BTCUSDT, 3547036092, 94238.81, 0.2,1745397664008,False
1745397671406, BTCUSDT, 3547036158, 94249.72, 0.5,1745397671406,True
1745397680128, BTCUSDT, 3547036179, 94249.72, 0.26075,1745397680120,True
1745397680129, BTCUSDT, 3547036180, 94249.72, 1.53959,1745397680120,True
1745397680145, BTCUSDT, 3547036195, 94244.1, 0.26073,1745397680134,True
1745397680253, BTCUSDT, 3547036248, 94229.94, 0.55184,1745397680251,False
1745397706221, BTCUSDT, 3547036351, 94228.59, 0.2,1745397706221,True
1745397708422, BTCUSDT, 3547036360, 94228.6, 1.0,1745397708422,False
1745397708719, BTCUSDT, 3547036361, 94228.59, 0.20056,1745397708718,True
1745397711524, BTCUSDT, 3547036385, 94228.6, 0.5307,1745397711463,False
1745397711524, BTCUSDT, 3547036386, 94228.61, 0.17441,1745397711463,False
1745397720065, BTCUSDT, 3547036578, 94247.31, 0.3,1745397720065,True
1745397723354, BTCUSDT, 3547036719, 94263.4, 0.34022,1745397723353,False
1745397725116, BTCUSDT, 3547036817, 94275.61, 1.79842,1745397725115,True
1745397729721, BTCUSDT, 3547036878, 94269.06, 0.17435,1745397729720,True
1745397730356, BTCUSDT, 3547036885, 94269.06, 0.26878,1745397730354,True
1745397730392, BTCUSDT, 3547036912, 94262.32, 0.59119,1745397730388,True
1745397734065, BTCUSDT, 3547037005, 94240.0, 0.2,1745397734064,True
1745397735352, BTCUSDT, 3547037009, 94240.0, 0.31958,1745397735351,True
1745397740396, BTCUSDT, 3547037037, 94238.09, 0.25355,1745397740395,True
1745397740396, BTCUSDT, 3547037038, 94238.09, 0.2,1745397740395,True
1745397740397, BTCUSDT, 3547037039, 94238.09, 0.40748,1745397740396,True
1745397740403, BTCUSDT, 3547037104, 94223.49, 0.19866,1745397740399,True
1745397740470, BTCUSDT, 3547037133, 94221.67, 0.16,1745397740456,True
1745397741742, BTCUSDT, 3547037207, 94209.99, 0.20532,1745397741741,True
1745397742894, BTCUSDT, 3547037270, 94200.01, 0.85706,1745397742893,False
1745397750460, BTCUSDT, 3547037342, 94210.12, 0.24599,1745397750460,True
1745397752395, BTCUSDT, 3547037352, 94210.12, 0.19601,1745397752394,True
1745397758473, BTCUSDT, 3547037418, 94201.91, 0.18177,1745397758472,True
1745397759785, BTCUSDT, 3547037433, 94200.0, 0.21311,1745397759784,True
1745397759786, BTCUSDT, 3547037434, 94200.0, 0.22026,1745397759785,True
1745397766623, BTCUSDT, 3547037515, 94196.32, 2.92975,1745397766622,False
1745397766623, BTCUSDT, 3547037516, 94196.33, 0.16415,1745397766622,False
1745397766623, BTCUSDT, 3547037543, 94205.11, 0.23242,1745397766622,False
1745397766623, BTCUSDT, 3547037544, 94205.74, 0.49506,1745397766622,False
1745397766623, BTCUSDT, 3547037562, 94210.1, 0.21413,1745397766622,False
1745397766623, BTCUSDT, 3547037563, 94210.11, 0.45993,1745397766622,False
1745397766623, BTCUSDT, 3547037564, 94210.12, 0.30281,1745397766622,False
1745397773141, BTCUSDT, 3547037712, 94226.41, 0.20188,1745397773140,True
1745397776431, BTCUSDT, 3547037751, 94217.05, 0.16582,1745397776431,True
1745397777507, BTCUSDT, 3547037786, 94206.83, 0.17234,1745397777506,True
1745397778385, BTCUSDT, 3547037801, 94206.35, 0.45916,1745397778384,True
1745397782140, BTCUSDT, 3547037858, 94194.98, 0.16253,1745397782139,True
1745397783560, BTCUSDT, 3547037865, 94194.99, 4.38122,1745397783559,False
1745397783560, BTCUSDT, 3547037879, 94197.34, 0.24168,1745397783559,False
1745397783560, BTCUSDT, 3547037881, 94197.53, 0.6501,1745397783559,False
1745397790281, BTCUSDT, 3547037956, 94203.25, 0.41601,1745397790280,False
1745397790281, BTCUSDT, 3547037957, 94203.25, 1.13484,1745397790280,False
1745397793424, BTCUSDT, 3547038018, 94213.63, 3.99605,1745397793423,True
1745397796116, BTCUSDT, 3547038094, 94226.42, 0.3501,1745397796115,False
1745397798297, BTCUSDT, 3547038112, 94228.49, 0.3111,1745397798297,True
1745397799602, BTCUSDT, 3547038139, 94220.08, 0.25452,1745397799600,True
1745397803608, BTCUSDT, 3547038177, 94213.63, 0.18142,1745397803608,True
1745397820067, BTCUSDT, 3547038340, 94210.66, 5.30725,1745397820067,False
1745397840194, BTCUSDT, 3547038427, 94210.66, 0.33094,1745397840193,False
1745397840207, BTCUSDT, 3547038428, 94210.66, 0.45379,1745397840206,False
1745397840612, BTCUSDT, 3547038477, 94220.07, 1.41691,1745397840611,False
1745397841435, BTCUSDT, 3547038500, 94228.5, 2.60177,1745397841434,False
1745397849591, BTCUSDT, 3547038625, 94252.17, 0.19019,1745397849590,False
1745397849591, BTCUSDT, 3547038644, 94257.96, 0.32764,1745397849590,False
1745397849591, BTCUSDT, 3547038645, 94257.97, 0.70011,1745397849590,False
1745397849591, BTCUSDT, 3547038656, 94261.13, 0.16,1745397849590,False
1745397849591, BTCUSDT, 3547038658, 94261.31, 0.60277,1745397849590,False
1745397849591, BTCUSDT, 3547038660, 94261.54, 1.71601,1745397849590,False
1745397849591, BTCUSDT, 3547038677, 94267.14, 0.21413,1745397849590,False
1745397849591, BTCUSDT, 3547038678, 94267.15, 0.56882,1745397849590,False
1745397857050, BTCUSDT, 3547038858, 94240.0, 0.57066,1745397857034,True
1745397858944, BTCUSDT, 3547038874, 94240.01, 5.3056,1745397858944,False
1745397884478, BTCUSDT, 3547039043, 94250.0, 0.2371,1745397884478,False
1745397898208, BTCUSDT, 3547039176, 94267.87, 0.37924,1745397898208,False
1745397898209, BTCUSDT, 3547039177, 94267.87, 0.25398,1745397898208,False
1745397906767, BTCUSDT, 3547039285, 94281.36, 0.59855,1745397906766,False
1745397921302, BTCUSDT, 3547039572, 94332.72, 0.46162,1745397921301,False
1745397922897, BTCUSDT, 3547039593, 94333.34, 0.26764,1745397922896,False
1745397927457, BTCUSDT, 3547039693, 94349.99, 0.174,1745397927456,True
1745397934489, BTCUSDT, 3547039739, 94349.99, 0.16722,1745397934488,True
1745397934489, BTCUSDT, 3547039740, 94349.99, 0.23212,1745397934488,True
1745397936893, BTCUSDT, 3547039774, 94342.79, 0.26794,1745397936892,False
1745397949346, BTCUSDT, 3547039900, 94350.0, 0.17581,1745397949346,False
1745397949358, BTCUSDT, 3547039912, 94350.0, 0.17807,1745397949358,False
1745397949359, BTCUSDT, 3547039913, 94350.0, 1.17381,1745397949358,False
1745397949359, BTCUSDT, 3547039915, 94350.0, 2.75092,1745397949358,False
1745397949359, BTCUSDT, 3547039916, 94350.0, 0.17583,1745397949358,False
1745397949359, BTCUSDT, 3547039919, 94350.0, 0.1696,1745397949359,False
1745397949361, BTCUSDT, 3547039925, 94350.0, 0.80043,1745397949359,False
1745397952175, BTCUSDT, 3547040000, 94363.91, 0.16597,1745397952174,True
1745397953149, BTCUSDT, 3547040046, 94370.51, 0.31797,1745397953142,True
1745397960383, BTCUSDT, 3547040180, 94389.09, 0.17341,1745397960383,True
1745397960384, BTCUSDT, 3547040181, 94389.09, 0.17852,1745397960383,True
1745397960384, BTCUSDT, 3547040182, 94389.09, 0.2566,1745397960383,True
1745397967227, BTCUSDT, 3547040325, 94345.32, 2.77675,1745397967226,False
1745397977927, BTCUSDT, 3547040398, 94344.78, 0.20253,1745397977925,True
1745397977927, BTCUSDT, 3547040399, 94344.78, 0.18972,1745397977925,True
1745397982997, BTCUSDT, 3547040459, 94334.74, 0.24166,1745397982996,False
1745397988662, BTCUSDT, 3547040484, 94334.74, 0.37688,1745397988662,False
1745397995044, BTCUSDT, 3547040554, 94345.11, 0.2,1745397995044,True
1745398005973, BTCUSDT, 3547040703, 94316.17, 0.25645,1745398005973,False
1745398021381, BTCUSDT, 3547040845, 94313.59, 0.81532,1745398021380,True
1745398026002, BTCUSDT, 3547040878, 94316.17, 0.18104,1745398026001,False
1745398026002, BTCUSDT, 3547040879, 94316.17, 0.18104,1745398026001,False
1745398026002, BTCUSDT, 3547040880, 94316.17, 0.27329,1745398026001,False
1745398030746, BTCUSDT, 3547040929, 94330.21, 0.31796,1745398030745,True
1745398031487, BTCUSDT, 3547040960, 94319.32, 0.21532,1745398031487,True
1745398036486, BTCUSDT, 3547040984, 94319.32, 0.21266,1745398036486,True
1745398040485, BTCUSDT, 3547041005, 94319.32, 0.4767,1745398040484,True
1745398040485, BTCUSDT, 3547041015, 94318.37, 0.21221,1745398040484,True
1745398040485, BTCUSDT, 3547041017, 94318.19, 0.2561,1745398040484,True
1745398040486, BTCUSDT, 3547041024, 94316.49, 0.21203,1745398040485,True
1745398041186, BTCUSDT, 3547041030, 94313.78, 0.18801,1745398041186,False
1745398045356, BTCUSDT, 3547041049, 94313.78, 0.18938,1745398045355,False
1745398045826, BTCUSDT, 3547041052, 94313.77, 0.24917,1745398045826,True
1745398064924, BTCUSDT, 3547041117, 94313.78, 0.18947,1745398064924,False
1745398065556, BTCUSDT, 3547041120, 94313.78, 0.32681,1745398065555,False
1745398065556, BTCUSDT, 3547041121, 94313.78, 0.29575,1745398065555,False
1745398065556, BTCUSDT, 3547041122, 94313.78, 0.57782,1745398065555,False
1745398065556, BTCUSDT, 3547041123, 94313.79, 0.17653,1745398065555,False
1745398065556, BTCUSDT, 3547041132, 94314.24, 0.48744,1745398065555,False
1745398081046, BTCUSDT, 3547041565, 94400.0, 1.44499,1745398081045,False
1745398081097, BTCUSDT, 3547041607, 94409.56, 0.60458,1745398081093,False
1745398081097, BTCUSDT, 3547041643, 94415.77, 0.42432,1745398081093,False
1745398083345, BTCUSDT, 3547041714, 94423.99, 0.36205,1745398083344,True
1745398083345, BTCUSDT, 3547041715, 94423.99, 0.52084,1745398083344,True
1745398089857, BTCUSDT, 3547041772, 94416.65, 0.22033,1745398089857,False
1745398098873, BTCUSDT, 3547041820, 94416.65, 0.36372,1745398098873,False
1745398100116, BTCUSDT, 3547041892, 94428.58, 0.1626,1745398100115,False
1745398101220, BTCUSDT, 3547041925, 94431.55, 9.36744,1745398101219,True
1745398101954, BTCUSDT, 3547042020, 94405.27, 0.17774,1745398101954,True
1745398101954, BTCUSDT, 3547042025, 94404.32, 0.17774,1745398101954,True
1745398107545, BTCUSDT, 3547042093, 94394.87, 0.25481,1745398107545,False
1745398108271, BTCUSDT, 3547042095, 94394.87, 0.21939,1745398108270,False
1745398111166, BTCUSDT, 3547042170, 94390.57, 1.00009,1745398111165,False
1745398119770, BTCUSDT, 3547042213, 94390.57, 0.42601,1745398119765,False
1745398122041, BTCUSDT, 3547042244, 94397.74, 0.21204,1745398122041,False
1745398131869, BTCUSDT, 3547042330, 94385.84, 1.36672,1745398131869,True
1745398131869, BTCUSDT, 3547042333, 94385.8, 0.69922,1745398131869,True
1745398132416, BTCUSDT, 3547042414, 94368.2, 0.16,1745398132415,True
1745398133367, BTCUSDT, 3547042455, 94358.92, 0.37682,1745398133366,True
1745398136677, BTCUSDT, 3547042499, 94351.27, 0.98227,1745398136676,True
1745398136677, BTCUSDT, 3547042529, 94341.92, 0.21437,1745398136676,True
1745398136677, BTCUSDT, 3547042530, 94341.91, 0.23301,1745398136676,True
1745398136677, BTCUSDT, 3547042533, 94341.83, 0.49506,1745398136676,True
1745398136677, BTCUSDT, 3547042534, 94341.81, 0.21419,1745398136676,True
1745398136677, BTCUSDT, 3547042545, 94336.99, 0.21413,1745398136676,True
1745398136677, BTCUSDT, 3547042549, 94336.07, 0.21413,1745398136676,True
1745398136677, BTCUSDT, 3547042561, 94333.06, 0.21413,1745398136676,True
1745398136677, BTCUSDT, 3547042563, 94332.23, 0.63585,1745398136676,True
1745398136677, BTCUSDT, 3547042564, 94332.22, 0.88715,1745398136676,True
1745398136677, BTCUSDT, 3547042565, 94332.21, 1.71601,1745398136676,True
1745398136677, BTCUSDT, 3547042566, 94332.19, 0.21413,1745398136676,True
1745398136677, BTCUSDT, 3547042576, 94329.26, 0.21413,1745398136676,True
1745398136677, BTCUSDT, 3547042577, 94329.25, 0.79549,1745398136676,True
1745398136677, BTCUSDT, 3547042580, 94328.81, 1.41756,1745398136676,True
1745398146652, BTCUSDT, 3547042653, 94317.56, 0.22223,1745398146652,True
1745398151048, BTCUSDT, 3547042665, 94317.57, 0.18392,1745398151047,False
1745398151253, BTCUSDT, 3547042686, 94322.28, 0.42494,1745398151252,True
1745398154186, BTCUSDT, 3547042700, 94322.29, 0.16499,1745398154186,False
1745398156355, BTCUSDT, 3547042750, 94335.2, 0.31406,1745398156355,False
1745398165786, BTCUSDT, 3547042834, 94347.75, 0.18217,1745398165785,False
1745398174085, BTCUSDT, 3547042881, 94347.75, 0.95492,1745398174084,False
1745398174729, BTCUSDT, 3547042888, 94347.83, 0.23155,1745398174728,False
1745398175337, BTCUSDT, 3547042909, 94351.61, 0.23741,1745398175334,False
1745398177773, BTCUSDT, 3547042992, 94368.35, 0.1603,1745398177772,True
1745398185441, BTCUSDT, 3547043084, 94385.85, 0.18028,1745398185440,False
1745398186283, BTCUSDT, 3547043123, 94393.42, 0.16544,1745398186283,True
1745398187291, BTCUSDT, 3547043150, 94397.63, 0.3777,1745398187291,True
1745398191706, BTCUSDT, 3547043200, 94383.79, 0.7131,1745398191705,True
1745398193459, BTCUSDT, 3547043233, 94376.9, 0.3,1745398193458,True
1745398205648, BTCUSDT, 3547043347, 94356.61, 0.74756,1745398205648,False
1745398216052, BTCUSDT, 3547043404, 94356.6, 0.27178,1745398216051,True
1745398225641, BTCUSDT, 3547043466, 94364.14, 0.61093,1745398225640,True
1745398225650, BTCUSDT, 3547043478, 94359.42, 0.42816,1745398225649,True
1745398233121, BTCUSDT, 3547043523, 94356.61, 0.15897,1745398233121,False
1745398243649, BTCUSDT, 3547043625, 94370.49, 0.25214,1745398243648,False
1745398246716, BTCUSDT, 3547043634, 94370.48, 0.17248,1745398246716,True
1745398248580, BTCUSDT, 3547043643, 94370.48, 0.16,1745398248580,True
1745398268047, BTCUSDT, 3547043840, 94349.22, 0.3,1745398268046,False
1745398268650, BTCUSDT, 3547043842, 94349.21, 0.16,1745398268649,True
1745398268654, BTCUSDT, 3547043848, 94349.21, 0.22154,1745398268653,True
1745398274582, BTCUSDT, 3547043956, 94329.62, 0.19347,1745398274581,False
1745398274582, BTCUSDT, 3547043957, 94329.62, 0.17892,1745398274582,False
1745398285215, BTCUSDT, 3547044031, 94339.45, 0.60342,1745398285215,False
1745398286208, BTCUSDT, 3547044033, 94339.45, 0.26495,1745398286208,False
1745398292020, BTCUSDT, 3547044076, 94339.44, 0.16,1745398292019,True
1745398309578, BTCUSDT, 3547044240, 94320.18, 0.16,1745398309577,True
1745398309578, BTCUSDT, 3547044241, 94320.18, 0.32,1745398309577,True
1745398310909, BTCUSDT, 3547044249, 94320.18, 0.32,1745398310909,True
1745398310909, BTCUSDT, 3547044250, 94320.18, 0.16,1745398310909,True
1745398310909, BTCUSDT, 3547044251, 94320.18, 0.32,1745398310909,True
1745398314863, BTCUSDT, 3547044312, 94317.06, 0.28264,1745398314843,True
1745398314863, BTCUSDT, 3547044313, 94317.06, 0.41721,1745398314843,True
1745398314863, BTCUSDT, 3547044315, 94316.17, 0.17254,1745398314843,True
1745398314951, BTCUSDT, 3547044352, 94311.15, 0.43867,1745398314905,True
1745398315002, BTCUSDT, 3547044363, 94309.74, 0.52862,1745398314963,True
1745398316798, BTCUSDT, 3547044370, 94309.74, 0.32,1745398316797,True
1745398316798, BTCUSDT, 3547044371, 94309.74, 0.16,1745398316797,True
1745398317717, BTCUSDT, 3547044400, 94304.36, 1.44313,1745398317716,True
1745398318110, BTCUSDT, 3547044421, 94300.54, 2.0929,1745398318109,False
1745398323485, BTCUSDT, 3547044449, 94300.0, 0.16,1745398323485,True
1745398330517, BTCUSDT, 3547044514, 94300.01, 0.17085,1745398330517,False
1745398330518, BTCUSDT, 3547044515, 94300.01, 0.21794,1745398330517,False
1745398332613, BTCUSDT, 3547044577, 94317.58, 1.07943,1745398332612,False
1745398334718, BTCUSDT, 3547044608, 94324.48, 0.50185,1745398334717,False
1745398343106, BTCUSDT, 3547044696, 94338.89, 0.33308,1745398343101,True
1745398357636, BTCUSDT, 3547044860, 94322.79, 0.52266,1745398357635,False
1745398358284, BTCUSDT, 3547044862, 94322.79, 0.30699,1745398358283,False
1745398396433, BTCUSDT, 3547044999, 94319.03, 0.45236,1745398396433,True
1745398397900, BTCUSDT, 3547045063, 94310.01, 1.0,1745398397900,False
1745398398139, BTCUSDT, 3547045066, 94310.01, 0.18714,1745398398138,False
1745398419248, BTCUSDT, 3547045258, 94305.83, 0.21245,1745398419247,False
1745398443172, BTCUSDT, 3547045376, 94300.01, 0.3,1745398443171,True
1745398454321, BTCUSDT, 3547045429, 94300.01, 0.44612,1745398454321,True
1745398454545, BTCUSDT, 3547045432, 94300.01, 0.20946,1745398454545,True
1745398461571, BTCUSDT, 3547045500, 94305.83, 0.53959,1745398461570,False
1745398464017, BTCUSDT, 3547045520, 94305.83, 0.26909,1745398464016,False
1745398474492, BTCUSDT, 3547045582, 94311.47, 0.16,1745398474492,True
1745398474717, BTCUSDT, 3547045584, 94311.47, 1.97487,1745398474716,True
1745398481285, BTCUSDT, 3547045651, 94306.96, 0.53018,1745398481285,False
1745398482289, TAOUSDT, 33864390, 335.0, 219.2433,1745398482288,False
1745398487007, BTCUSDT, 3547045707, 94300.05, 0.16,1745398487007,True
1745398497217, BTCUSDT, 3547045763, 94300.06, 0.17706,1745398497216,False
1745398497217, BTCUSDT, 3547045764, 94300.07, 0.16054,1745398497216,False
1745398522460, BTCUSDT, 3547045924, 94307.7, 0.15948,1745398522460,False
1745398527588, BTCUSDT, 3547045957, 94307.7, 0.76947,1745398527583,False
1745398527642, BTCUSDT, 3547045976, 94311.47, 1.01214,1745398527639,True
1745398527676, BTCUSDT, 3547045981, 94311.48, 0.32661,1745398527676,False
1745398527680, BTCUSDT, 3547045994, 94312.64, 0.42826,1745398527679,False
1745398537145, BTCUSDT, 3547046078, 94326.25, 0.3181,1745398537144,True
1745398537148, BTCUSDT, 3547046079, 94326.25, 0.3181,1745398537147,True
1745398537151, BTCUSDT, 3547046080, 94326.25, 0.3181,1745398537151,True
1745398537158, BTCUSDT, 3547046082, 94326.25, 0.3181,1745398537157,True
1745398537430, BTCUSDT, 3547046095, 94325.3, 0.16112,1745398537429,True
1745398537431, BTCUSDT, 3547046103, 94324.36, 0.2004,1745398537430,True
1745398537613, BTCUSDT, 3547046124, 94317.14, 0.31427,1745398537612,False
1745398549404, BTCUSDT, 3547046198, 94307.69, 0.16,1745398549404,True
1745398549407, BTCUSDT, 3547046200, 94307.69, 0.46289,1745398549406,True
1745398549427, BTCUSDT, 3547046244, 94300.01, 0.60165,1745398549421,True
1745398549456, BTCUSDT, 3547046249, 94300.01, 1.24104,1745398549455,True
1745398549457, BTCUSDT, 3547046251, 94300.01, 0.16,1745398549457,True
1745398549464, BTCUSDT, 3547046260, 94300.01, 0.3345,1745398549463,True
1745398549467, BTCUSDT, 3547046261, 94300.01, 1.39446,1745398549466,True
1745398549473, BTCUSDT, 3547046268, 94300.01, 0.1891,1745398549472,True
1745398549473, BTCUSDT, 3547046269, 94300.01, 0.3819,1745398549472,True
1745398549474, BTCUSDT, 3547046278, 94300.01, 4.3741,1745398549474,True
1745398549475, BTCUSDT, 3547046279, 94300.0, 0.19882,1745398549474,True
1745398549475, BTCUSDT, 3547046282, 94300.0, 0.32198,1745398549475,True
1745398549477, BTCUSDT, 3547046286, 94300.0, 0.38978,1745398549477,True
1745398549510, BTCUSDT, 3547046304, 94300.0, 4.0,1745398549509,True
1745398549520, BTCUSDT, 3547046307, 94300.0, 0.259,1745398549520,True
1745398549528, BTCUSDT, 3547046311, 94300.0, 5.17227,1745398549528,True
1745398549533, BTCUSDT, 3547046318, 94300.0, 2.17233,1745398549532,True
1745398549533, BTCUSDT, 3547046319, 94300.0, 2.17233,1745398549532,True
1745398549533, BTCUSDT, 3547046320, 94300.0, 2.17233,1745398549532,True
1745398549533, BTCUSDT, 3547046321, 94300.0, 0.72373,1745398549533,True
1745398549536, BTCUSDT, 3547046337, 94298.36, 0.21233,1745398549535,True
1745398549541, BTCUSDT, 3547046341, 94297.17, 0.19106,1745398549539,True
1745398549579, BTCUSDT, 3547046406, 94277.97, 0.32,1745398549578,True
1745398549579, BTCUSDT, 3547046407, 94277.97, 0.16,1745398549578,True
1745398566086, BTCUSDT, 3547046532, 94265.95, 0.82076,1745398566085,False
1745398582588, BTCUSDT, 3547046626, 94268.01, 1.06535,1745398582588,True
1745398587528, BTCUSDT, 3547046739, 94250.0, 0.16,1745398587527,True
1745398602999, BTCUSDT, 3547046808, 94250.01, 0.29412,1745398602999,False
1745398605067, BTCUSDT, 3547046816, 94250.0, 0.16,1745398605067,True
1745398607504, BTCUSDT, 3547046829, 94250.0, 0.16,1745398607504,True
1745398619509, BTCUSDT, 3547046884, 94250.0, 0.16,1745398619508,True
1745398621293, BTCUSDT, 3547046888, 94250.01, 0.6061,1745398621293,False
1745398622008, BTCUSDT, 3547046892, 94250.0, 0.16,1745398622008,True
1745398634281, BTCUSDT, 3547046946, 94250.01, 0.37921,1745398634280,False
1745398634281, BTCUSDT, 3547046947, 94250.01, 0.49503,1745398634280,False
1745398634281, BTCUSDT, 3547046948, 94250.01, 0.21427,1745398634280,False
1745398634281, BTCUSDT, 3547046950, 94250.01, 0.76008,1745398634280,False
1745398634281, BTCUSDT, 3547046956, 94250.07, 0.58996,1745398634280,False
1745398636548, BTCUSDT, 3547046998, 94257.45, 0.20044,1745398636548,True
1745398639903, BTCUSDT, 3547047014, 94257.46, 3.37238,1745398639903,False
1745398643426, BTCUSDT, 3547047041, 94257.45, 0.25,1745398643426,True
1745398643933, BTCUSDT, 3547047044, 94257.45, 0.24702,1745398643932,True
1745398643934, BTCUSDT, 3547047046, 94257.45, 0.16773,1745398643933,True
1745398643934, BTCUSDT, 3547047047, 94257.45, 0.17205,1745398643933,True
1745398643936, BTCUSDT, 3547047052, 94257.45, 0.21676,1745398643934,True
1745398643975, BTCUSDT, 3547047090, 94250.0, 0.16,1745398643975,True
1745398655413, BTCUSDT, 3547047284, 94228.46, 0.43882,1745398655412,True
1745398655585, BTCUSDT, 3547047318, 94220.62, 0.16,1745398655584,True
1745398661965, BTCUSDT, 3547047470, 94198.64, 0.60968,1745398661965,True
1745398663899, BTCUSDT, 3547047479, 94198.64, 0.16,1745398663899,True
1745398667860, BTCUSDT, 3547047497, 94198.64, 6.29302,1745398667859,True
1745398667860, BTCUSDT, 3547047500, 94198.57, 0.22498,1745398667859,True
1745398667860, BTCUSDT, 3547047501, 94198.56, 0.70073,1745398667859,True
1745398667860, BTCUSDT, 3547047508, 94197.78, 0.19584,1745398667859,True
1745398667860, BTCUSDT, 3547047533, 94193.69, 0.35004,1745398667859,True
1745398667860, BTCUSDT, 3547047534, 94193.67, 0.21413,1745398667859,True
1745398667860, BTCUSDT, 3547047539, 94193.24, 0.21413,1745398667859,True
1745398667860, BTCUSDT, 3547047559, 94189.27, 0.56606,1745398667859,True
1745398670890, BTCUSDT, 3547047576, 94196.65, 0.26397,1745398670889,False
1745398674804, BTCUSDT, 3547047618, 94199.99, 0.17514,1745398674803,False
1745398690269, BTCUSDT, 3547047695, 94201.86, 0.49829,1745398690269,True
1745398693573, BTCUSDT, 3547047712, 94200.42, 0.17937,1745398693572,True
1745398698990, BTCUSDT, 3547047746, 94201.87, 0.22197,1745398698989,False
1745398713182, BTCUSDT, 3547047884, 94222.81, 1.99015,1745398713181,False
1745398713182, BTCUSDT, 3547047885, 94222.81, 0.77859,1745398713181,False
1745398713182, BTCUSDT, 3547047894, 94223.76, 0.59076,1745398713181,False
1745398713182, BTCUSDT, 3547047899, 94225.99, 0.20656,1745398713181,False
1745398713197, BTCUSDT, 3547047949, 94238.1, 0.15982,1745398713189,False
1745398713204, BTCUSDT, 3547047958, 94240.27, 0.16,1745398713193,False
1745398713377, BTCUSDT, 3547048014, 94257.46, 0.32,1745398713356,False
1745398713377, BTCUSDT, 3547048015, 94257.46, 0.16,1745398713356,False
1745398717783, BTCUSDT, 3547048032, 94257.45, 0.76709,1745398717783,True
1745398719177, BTCUSDT, 3547048036, 94257.45, 0.3184,1745398719176,True
1745398721025, BTCUSDT, 3547048046, 94257.46, 0.19612,1745398721024,False
1745398721025, BTCUSDT, 3547048047, 94257.46, 0.21941,1745398721024,False
1745398721027, BTCUSDT, 3547048101, 94275.48, 0.69992,1745398721025,False
1745398721027, BTCUSDT, 3547048104, 94275.57, 0.495,1745398721025,False
1745398721388, BTCUSDT, 3547048147, 94285.71, 0.48244,1745398721387,True
1745398728858, BTCUSDT, 3547048190, 94285.72, 0.64784,1745398728858,False
1745398738486, BTCUSDT, 3547048223, 94285.71, 0.93382,1745398738486,True
1745398760357, BTCUSDT, 3547048302, 94285.72, 0.16465,1745398760356,False
1745398773510, BTCUSDT, 3547048354, 94285.72, 0.19367,1745398773509,False
1745398773511, BTCUSDT, 3547048360, 94285.72, 0.1814,1745398773510,False
1745398787916, BTCUSDT, 3547048446, 94295.13, 0.16,1745398787915,True
1745398789024, BTCUSDT, 3547048455, 94295.13, 0.54289,1745398789024,True
1745398789024, BTCUSDT, 3547048457, 94295.13, 0.2202,1745398789024,True
1745398789025, BTCUSDT, 3547048458, 94295.13, 0.39398,1745398789024,True
1745398800059, BTCUSDT, 3547048516, 94285.71, 0.26219,1745398800059,True
1745398809678, BTCUSDT, 3547048562, 94285.72, 0.19179,1745398809677,False
1745398819578, BTCUSDT, 3547048628, 94293.67, 0.63,1745398819577,True
1745398823103, BTCUSDT, 3547048644, 94293.68, 0.34681,1745398823103,False
1745398824931, BTCUSDT, 3547048661, 94295.14, 0.18521,1745398824930,False
1745398826448, BTCUSDT, 3547048731, 94307.32, 0.338,1745398826448,True
1745398835625, BTCUSDT, 3547048774, 94307.32, 0.27349,1745398835624,True
1745398841142, BTCUSDT, 3547048795, 94307.32, 0.3181,1745398841141,True
1745398841145, BTCUSDT, 3547048796, 94307.32, 0.3181,1745398841144,True
1745398841148, BTCUSDT, 3547048797, 94307.32, 0.3181,1745398841147,True
1745398841150, BTCUSDT, 3547048798, 94307.32, 0.3181,1745398841150,True
1745398842142, BTCUSDT, 3547048801, 94307.32, 0.3181,1745398842142,True
1745398842145, BTCUSDT, 3547048802, 94307.32, 0.3181,1745398842144,True
1745398842147, BTCUSDT, 3547048803, 94307.32, 0.3181,1745398842147,True
1745398842163, BTCUSDT, 3547048804, 94307.32, 0.69386,1745398842161,True
1745398842163, BTCUSDT, 3547048813, 94306.37, 0.19065,1745398842161,True
1745398842209, BTCUSDT, 3547048838, 94299.24, 0.16,1745398842206,True
1745398843142, BTCUSDT, 3547048847, 94299.24, 0.3181,1745398843141,True
1745398843145, BTCUSDT, 3547048848, 94299.24, 0.3181,1745398843144,True
1745398844142, BTCUSDT, 3547048852, 94299.24, 0.3181,1745398844141,True
1745398845141, BTCUSDT, 3547048857, 94299.24, 0.3181,1745398845141,True
1745398846141, BTCUSDT, 3547048874, 94295.79, 0.3181,1745398846140,True
1745398847141, BTCUSDT, 3547048883, 94295.79, 0.22501,1745398847140,True
1745398847270, BTCUSDT, 3547048885, 94295.79, 1.0,1745398847269,True
1745398850135, BTCUSDT, 3547048890, 94295.79, 0.23131,1745398850134,True
1745398856822, BTCUSDT, 3547048905, 94295.8, 1.0,1745398856822,False
1745398861536, BTCUSDT, 3547048924, 94295.8, 0.21922,1745398861535,False
1745398863643, BTCUSDT, 3547048964, 94305.33, 0.16931,1745398863642,False
1745398866244, BTCUSDT, 3547049016, 94313.22, 0.16028,1745398866244,True
1745398871458, BTCUSDT, 3547049052, 94307.71, 0.67059,1745398871458,True
1745398871460, BTCUSDT, 3547049065, 94305.82, 0.21224,1745398871459,True
1745398875883, BTCUSDT, 3547049144, 94292.24, 0.25305,1745398875882,False
1745398882889, BTCUSDT, 3547049209, 94309.93, 0.22456,1745398882889,False
1745398894347, BTCUSDT, 3547049298, 94318.95, 0.37008,1745398894347,True
1745398897093, BTCUSDT, 3547049312, 94318.95, 0.18504,1745398897093,True
1745398926198, BTCUSDT, 3547049484, 94326.23, 0.50404,1745398926197,False
1745398930677, BTCUSDT, 3547049525, 94332.25, 0.74052,1745398930676,False
1745398930677, BTCUSDT, 3547049535, 94333.34, 0.23541,1745398930676,False
1745398947206, BTCUSDT, 3547049684, 94347.74, 0.17443,1745398947206,False
1745398947216, BTCUSDT, 3547049699, 94350.0, 0.32209,1745398947212,False
1745398956431, BTCUSDT, 3547049760, 94355.99, 0.99855,1745398956430,True
1745398957267, BTCUSDT, 3547049768, 94355.99, 1.75882,1745398957266,True
1745398961118, BTCUSDT, 3547049868, 94340.0, 0.30159,1745398961117,True
1745398961120, BTCUSDT, 3547049878, 94339.05, 0.21216,1745398961120,True
1745398961121, BTCUSDT, 3547049881, 94338.11, 0.1737,1745398961120,True
1745398961123, BTCUSDT, 3547049887, 94337.16, 0.21146,1745398961123,True
1745398961138, BTCUSDT, 3547049904, 94333.33, 0.23508,1745398961138,True
1745398968569, BTCUSDT, 3547049977, 94321.67, 0.19356,1745398968569,True
1745398968570, BTCUSDT, 3547049979, 94321.67, 0.31947,1745398968569,True
1745398970484, BTCUSDT, 3547050124, 94292.01, 0.168,1745398970483,False
1745398973317, BTCUSDT, 3547050141, 94292.0, 0.51108,1745398973315,True
1745398973749, BTCUSDT, 3547050179, 94285.71, 0.22179,1745398973749,True
1745398980484, BTCUSDT, 3547050205, 94285.72, 0.19819,1745398980484,False
1745398984589, BTCUSDT, 3547050229, 94285.72, 0.2002,1745398984588,False
1745398984590, BTCUSDT, 3547050231, 94285.72, 0.27427,1745398984589,False
1745398995917, BTCUSDT, 3547050341, 94304.34, 0.19087,1745398995916,True
1745399003083, BTCUSDT, 3547050393, 94304.35, 0.26177,1745399003083,False
1745399023204, BTCUSDT, 3547050565, 94320.15, 0.93477,1745399023203,False
1745399029829, BTCUSDT, 3547050582, 94320.15, 0.18842,1745399029829,False
1745399031454, BTCUSDT, 3547050588, 94320.14, 1.328,1745399031453,True
1745399031599, BTCUSDT, 3547050619, 94312.25, 0.87032,1745399031598,True
1745399031599, BTCUSDT, 3547050627, 94310.37, 0.21229,1745399031598,True
1745399031599, BTCUSDT, 3547050640, 94305.38, 0.38606,1745399031598,True
1745399031599, BTCUSDT, 3547050649, 94302.59, 0.2196,1745399031598,True
1745399040763, BTCUSDT, 3547050732, 94320.15, 0.66901,1745399040762,False
1745399040790, BTCUSDT, 3547050735, 94320.15, 0.27111,1745399040789,False
1745399055047, BTCUSDT, 3547050835, 94335.15, 0.71513,1745399055047,True
1745399056227, BTCUSDT, 3547050854, 94333.33, 0.16,1745399056227,True
1745399058231, BTCUSDT, 3547050863, 94333.33, 0.16,1745399058227,True
1745399063074, BTCUSDT, 3547050885, 94333.34, 0.21925,1745399063073,False
1745399090787, BTCUSDT, 3547051000, 94333.34, 0.52738,1745399090787,False
1745399093876, BTCUSDT, 3547051012, 94333.33, 0.2,1745399093876,True
1745399123124, BTCUSDT, 3547051114, 94333.34, 0.19799,1745399123124,False
1745399125508, BTCUSDT, 3547051123, 94333.33, 0.54506,1745399125504,True
1745399160547, BTCUSDT, 3547051384, 94323.91, 0.19722,1745399160547,False
1745399160933, BTCUSDT, 3547051389, 94323.9, 0.17365,1745399160933,True
1745399176484, BTCUSDT, 3547051470, 94333.0, 0.50749,1745399176483,True
1745399181780, BTCUSDT, 3547051509, 94320.15, 0.24032,1745399181780,True
1745399183080, BTCUSDT, 3547051517, 94320.16, 0.16012,1745399183080,False
1745399184905, BTCUSDT, 3547051523, 94320.15, 0.7962,1745399184904,True
1745399210446, BTCUSDT, 3547051650, 94325.98, 0.2185,1745399210444,True
1745399210644, BTCUSDT, 3547051665, 94320.15, 1.65828,1745399210643,True
1745399210930, BTCUSDT, 3547051733, 94305.0, 0.19753,1745399210929,True
1745399212046, BTCUSDT, 3547051814, 94285.71, 1.90686,1745399212045,True
1745399212046, BTCUSDT, 3547051815, 94285.71, 0.32,1745399212045,True
1745399212046, BTCUSDT, 3547051816, 94285.71, 0.16,1745399212045,True
1745399212049, BTCUSDT, 3547051825, 94285.71, 0.33761,1745399212047,True
1745399212049, BTCUSDT, 3547051827, 94285.71, 0.27736,1745399212047,True
1745399212049, BTCUSDT, 3547051828, 94285.71, 2.21932,1745399212048,True
1745399214844, BTCUSDT, 3547051843, 94285.72, 0.18613,1745399214843,False
1745399227714, BTCUSDT, 3547051907, 94285.71, 0.16,1745399227714,True
1745399227717, BTCUSDT, 3547051910, 94285.71, 0.2248,1745399227716,True
1745399229262, BTCUSDT, 3547051918, 94285.71, 0.32,1745399229262,True
1745399229262, BTCUSDT, 3547051919, 94285.71, 0.16,1745399229262,True
1745399233667, BTCUSDT, 3547051928, 94285.71, 0.21802,1745399233667,True
1745399241311, BTCUSDT, 3547051948, 94285.71, 0.16,1745399241310,True
1745399242257, BTCUSDT, 3547051954, 94285.71, 0.16,1745399242257,True
1745399243094, BTCUSDT, 3547051955, 94285.72, 0.3003,1745399243093,False
1745399245658, BTCUSDT, 3547051962, 94285.71, 0.18269,1745399245657,True
1745399252331, BTCUSDT, 3547051981, 94285.71, 0.35786,1745399252331,True
1745399252341, BTCUSDT, 3547051997, 94284.01, 0.31088,1745399252340,True
1745399252343, BTCUSDT, 3547052043, 94271.96, 0.16,1745399252342,True
1745399258328, BTCUSDT, 3547052104, 94264.69, 0.35153,1745399258327,True
1745399264863, BTCUSDT, 3547052121, 94264.7, 1.0,1745399264863,False
1745399279559, BTCUSDT, 3547052187, 94260.86, 0.16,1745399279558,True
1745399283340, BTCUSDT, 3547052266, 94250.02, 0.4726,1745399283339,False
1745399284293, BTCUSDT, 3547052303, 94260.86, 0.16,1745399284292,True
1745399287634, BTCUSDT, 3547052339, 94260.25, 0.16,1745399287633,True
1745399303285, BTCUSDT, 3547052474, 94243.29, 0.21725,1745399303285,False
1745399306461, BTCUSDT, 3547052489, 94243.29, 0.37659,1745399306461,False
1745399306464, BTCUSDT, 3547052490, 94243.29, 0.88409,1745399306463,False
1745399309883, BTCUSDT, 3547052555, 94252.68, 0.18454,1745399309880,False
1745399315084, BTCUSDT, 3547052613, 94262.03, 0.20129,1745399315082,False
1745399316663, BTCUSDT, 3547052629, 94263.7, 2.1416,1745399316663,True
1745399319358, BTCUSDT, 3547052648, 94264.71, 1.79711,1745399319357,False
1745399319358, BTCUSDT, 3547052669, 94271.04, 0.21987,1745399319357,False
1745399319358, BTCUSDT, 3547052679, 94273.67, 0.17825,1745399319357,False
1745399319358, BTCUSDT, 3547052685, 94275.18, 0.53022,1745399319357,False
1745399319358, BTCUSDT, 3547052688, 94276.09, 0.42832,1745399319357,False
1745399319358, BTCUSDT, 3547052689, 94276.1, 0.45653,1745399319357,False
1745399319358, BTCUSDT, 3547052701, 94279.89, 0.21413,1745399319357,False
1745399319358, BTCUSDT, 3547052704, 94280.07, 0.79505,1745399319357,False
1745399319358, BTCUSDT, 3547052706, 94280.18, 1.14413,1745399319357,False
1745399333744, BTCUSDT, 3547052767, 94280.18, 1.49925,1745399333743,False
1745399338579, BTCUSDT, 3547052780, 94280.17, 0.16,1745399338578,True
1745399338581, BTCUSDT, 3547052781, 94280.17, 1.38075,1745399338580,True
1745399338583, BTCUSDT, 3547052796, 94277.87, 0.51106,1745399338582,True
1745399338714, BTCUSDT, 3547052830, 94263.04, 0.55752,1745399338713,True
1745399363115, BTCUSDT, 3547052954, 94278.54, 0.4684,1745399363114,False
1745399400316, BTCUSDT, 3547053105, 94278.54, 0.16539,1745399400313,False
1745399400640, BTCUSDT, 3547053110, 94278.54, 0.19037,1745399400639,False
1745399400640, BTCUSDT, 3547053111, 94278.54, 0.19037,1745399400639,False
1745399400640, BTCUSDT, 3547053112, 94278.54, 0.19037,1745399400639,False
1745399404203, BTCUSDT, 3547053177, 94285.69, 0.65852,1745399404203,False
1745399409936, BTCUSDT, 3547053245, 94295.13, 0.21212,1745399409935,True
1745399422886, BTCUSDT, 3547053289, 94295.14, 0.19001,1745399422885,False
1745399443498, BTCUSDT, 3547053362, 94295.14, 0.45936,1745399443497,False
1745399447284, BTCUSDT, 3547053373, 94295.13, 0.29184,1745399447283,True
1745399466493, BTCUSDT, 3547053436, 94295.14, 0.31205,1745399466492,False
1745399466496, BTCUSDT, 3547053439, 94295.14, 0.23705,1745399466495,False
1745399467130, BTCUSDT, 3547053484, 94309.01, 0.70792,1745399467129,False
1745399472885, BTCUSDT, 3547053516, 94311.65, 0.44871,1745399472884,False
1745399476289, BTCUSDT, 3547053527, 94311.65, 0.6594,1745399476288,False
1745399482866, BTCUSDT, 3547053557, 94315.84, 0.19334,1745399482865,False
1745399485802, BTCUSDT, 3547053566, 94315.84, 0.4004,1745399485802,False
1745399492573, BTCUSDT, 3547053602, 94315.83, 0.20299,1745399492573,True
1745399492573, BTCUSDT, 3547053603, 94315.83, 0.16261,1745399492573,True
1745399492573, BTCUSDT, 3547053606, 94315.83, 0.1641,1745399492573,True
1745399492574, BTCUSDT, 3547053608, 94315.83, 0.16177,1745399492573,True
1745399492574, BTCUSDT, 3547053610, 94315.83, 0.16261,1745399492573,True
1745399492574, BTCUSDT, 3547053620, 94315.83, 0.21441,1745399492573,True
1745399492582, BTCUSDT, 3547053656, 94309.6, 0.36141,1745399492580,True
1745399494558, BTCUSDT, 3547053724, 94295.14, 0.86128,1745399494558,False
1745399498142, BTCUSDT, 3547053766, 94308.99, 0.26021,1745399498142,True
1745399503494, BTCUSDT, 3547053786, 94308.99, 0.23915,1745399503493,True
1745399517248, BTCUSDT, 3547053840, 94309.0, 4.0,1745399517247,False
1745399521016, BTCUSDT, 3547053867, 94309.0, 0.35442,1745399521015,False
1745399522701, BTCUSDT, 3547053893, 94313.38, 0.16136,1745399522701,True
1745399526741, BTCUSDT, 3547053905, 94313.38, 0.2348,1745399526740,True
1745399532650, BTCUSDT, 3547053961, 94303.35, 0.3,1745399532650,True
1745399543116, BTCUSDT, 3547054002, 94303.36, 0.3508,1745399543116,False
1745399557897, BTCUSDT, 3547054103, 94315.84, 0.75577,1745399557896,False
1745399561149, BTCUSDT, 3547054127, 94320.0, 0.5786,1745399561145,False
1745399561149, BTCUSDT, 3547054128, 94320.0, 0.17003,1745399561145,False
1745399561189, BTCUSDT, 3547054131, 94320.0, 0.56532,1745399561189,False
1745399561190, BTCUSDT, 3547054132, 94320.0, 0.54353,1745399561189,False
1745399568218, BTCUSDT, 3547054154, 94320.0, 6.17326,1745399568213,False
1745399568229, BTCUSDT, 3547054157, 94320.0, 0.2991,1745399568220,False
1745399568230, BTCUSDT, 3547054160, 94320.0, 0.1696,1745399568221,False
1745399568230, BTCUSDT, 3547054161, 94320.0, 0.3341,1745399568221,False
1745399568230, BTCUSDT, 3547054163, 94320.0, 0.42792,1745399568221,False
1745399568230, BTCUSDT, 3547054165, 94320.0, 0.32773,1745399568221,False
1745399568230, BTCUSDT, 3547054168, 94320.0, 0.44851,1745399568221,False
1745399568230, BTCUSDT, 3547054170, 94320.0, 0.15997,1745399568221,False
1745399568230, BTCUSDT, 3547054171, 94320.0, 0.3153,1745399568221,False
1745399569263, BTCUSDT, 3547054237, 94335.08, 0.28752,1745399569252,False
1745399569263, BTCUSDT, 3547054238, 94335.09, 0.2483,1745399569252,False
1745399569267, BTCUSDT, 3547054240, 94335.09, 0.19472,1745399569255,False
1745399569330, BTCUSDT, 3547054241, 94335.09, 0.93264,1745399569322,False
1745399569341, BTCUSDT, 3547054250, 94335.09, 4.80388,1745399569333,False
1745399569342, BTCUSDT, 3547054252, 94335.09, 0.75655,1745399569334,False
1745399584963, BTCUSDT, 3547054476, 94374.15, 0.3,1745399584963,False
1745399601031, BTCUSDT, 3547054576, 94380.96, 0.70643,1745399601030,False
1745399601317, BTCUSDT, 3547054603, 94384.0, 0.2,1745399601317,True
1745399602027, BTCUSDT, 3547054621, 94384.01, 0.2863,1745399602025,False
1745399602027, BTCUSDT, 3547054622, 94384.01, 0.1696,1745399602025,False
1745399603107, BTCUSDT, 3547054677, 94393.3, 0.20989,1745399603106,False
1745399607248, BTCUSDT, 3547054714, 94398.96, 0.81015,1745399607247,True
1745399607292, BTCUSDT, 3547054761, 94384.08, 0.16,1745399607291,True
1745399621118, BTCUSDT, 3547054869, 94374.57, 0.15973,1745399621117,False
1745399623901, BTCUSDT, 3547054894, 94374.15, 0.25641,1745399623900,True
1745399623901, BTCUSDT, 3547054905, 94372.44, 0.28169,1745399623901,True
1745399623901, BTCUSDT, 3547054906, 94372.44, 0.28169,1745399623901,True
1745399624575, BTCUSDT, 3547054912, 94370.01, 1.43874,1745399624575,False
1745399625390, BTCUSDT, 3547054915, 94370.01, 0.21193,1745399625390,False
1745399629767, BTCUSDT, 3547054932, 94370.0, 1.66,1745399629767,True
1745399631284, BTCUSDT, 3547054940, 94370.0, 0.19816,1745399631282,True
1745399633653, BTCUSDT, 3547055026, 94349.66, 0.25344,1745399633651,False
1745399636293, BTCUSDT, 3547055045, 94353.68, 0.17114,1745399636292,True
1745399642762, BTCUSDT, 3547055102, 94361.36, 0.20223,1745399642761,True
1745399642762, BTCUSDT, 3547055103, 94361.36, 0.52562,1745399642761,True
1745399643156, BTCUSDT, 3547055147, 94344.33, 0.17046,1745399643156,True
1745399644784, BTCUSDT, 3547055220, 94332.5, 0.27229,1745399644783,True
1745399644784, BTCUSDT, 3547055221, 94332.5, 0.18762,1745399644784,True
1745399650611, BTCUSDT, 3547055259, 94325.96, 0.66923,1745399650610,True
1745399659545, BTCUSDT, 3547055324, 94316.57, 0.21468,1745399659544,True
1745399663114, BTCUSDT, 3547055348, 94316.58, 0.24449,1745399663114,False
1745399667341, BTCUSDT, 3547055361, 94316.57, 0.22232,1745399667341,True
1745399682610, BTCUSDT, 3547055420, 94316.57, 0.24988,1745399682610,True
1745399689313, BTCUSDT, 3547055436, 94316.57, 0.23375,1745399689313,True
1745399693265, BTCUSDT, 3547055480, 94316.57, 0.184,1745399693265,True
1745399709295, BTCUSDT, 3547055540, 94316.57, 0.86041,1745399709295,True
1745399722835, BTCUSDT, 3547055596, 94316.58, 0.24914,1745399722834,False
1745399727877, BTCUSDT, 3547055620, 94316.57, 0.16,1745399727876,True
1745399731855, BTCUSDT, 3547055638, 94316.57, 0.97682,1745399731855,True
1745399743226, BTCUSDT, 3547055687, 94316.57, 2.68522,1745399743225,True
1745399755627, BTCUSDT, 3547055832, 94306.86, 0.50674,1745399755627,True
1745399756181, BTCUSDT, 3547055835, 94306.86, 0.34586,1745399756180,True
1745399760582, BTCUSDT, 3547055849, 94306.86, 0.1696,1745399760582,True
1745399760583, BTCUSDT, 3547055850, 94306.86, 0.18058,1745399760582,True
1745399760754, BTCUSDT, 3547055895, 94296.67, 0.16,1745399760754,True
1745399761721, BTCUSDT, 3547055937, 94289.13, 0.25796,1745399761720,False
1745399782867, BTCUSDT, 3547056010, 94289.13, 0.43651,1745399782866,False
1745399786476, BTCUSDT, 3547056023, 94289.12, 4.87393,1745399786475,True
1745399786477, BTCUSDT, 3547056033, 94288.07, 0.16,1745399786476,True
1745399787768, BTCUSDT, 3547056079, 94280.0, 0.33953,1745399787767,True
1745399813506, BTCUSDT, 3547056217, 94266.04, 1.36607,1745399813506,True
1745399843082, BTCUSDT, 3547056342, 94266.05, 0.24449,1745399843081,False
1745399843085, BTCUSDT, 3547056345, 94266.05, 0.16524,1745399843085,False
1745399843367, BTCUSDT, 3547056361, 94270.45, 0.24375,1745399843367,False
1745399858492, BTCUSDT, 3547056412, 94270.45, 0.16143,1745399858492,False
1745399865489, BTCUSDT, 3547056443, 94270.44, 1.06082,1745399865488,True
1745399866445, BTCUSDT, 3547056449, 94270.44, 1.06082,1745399866444,True
1745399872426, BTCUSDT, 3547056464, 94270.44, 0.64719,1745399872425,True
1745399873491, BTCUSDT, 3547056467, 94270.45, 0.16797,1745399873490,False
1745399875508, BTCUSDT, 3547056478, 94270.44, 0.18744,1745399875507,True
1745399882604, BTCUSDT, 3547056535, 94266.54, 0.16,1745399882603,True
1745399883490, BTCUSDT, 3547056564, 94266.55, 0.16342,1745399883489,False
1745399893483, BTCUSDT, 3547056599, 94266.55, 0.17555,1745399893482,False
1745399898695, BTCUSDT, 3547056626, 94266.54, 0.16,1745399898695,True
1745399903134, BTCUSDT, 3547056642, 94266.55, 0.34615,1745399903134,False
1745399903483, BTCUSDT, 3547056645, 94266.55, 0.19062,1745399903482,False
1745399905431, BTCUSDT, 3547056652, 94266.54, 0.16,1745399905431,True
1745399910868, BTCUSDT, 3547056676, 94266.53, 0.93612,1745399910868,True
1745399923482, BTCUSDT, 3547056822, 94250.01, 0.17841,1745399923482,False
1745399924716, BTCUSDT, 3547056827, 94250.0, 0.21981,1745399924711,True
1745399924717, BTCUSDT, 3547056828, 94250.0, 0.22203,1745399924711,True
1745399924717, BTCUSDT, 3547056829, 94250.0, 0.23372,1745399924711,True
1745399924717, BTCUSDT, 3547056830, 94250.0, 0.34007,1745399924711,True
1745399924717, BTCUSDT, 3547056831, 94250.0, 0.22146,1745399924711,True
1745399924717, BTCUSDT, 3547056832, 94250.0, 0.40343,1745399924712,True
1745399924722, BTCUSDT, 3547056833, 94250.0, 0.34048,1745399924714,True
1745399924722, BTCUSDT, 3547056834, 94250.0, 0.19906,1745399924714,True
1745399924722, BTCUSDT, 3547056835, 94250.0, 0.54365,1745399924714,True
1745399924723, BTCUSDT, 3547056836, 94250.0, 0.32807,1745399924714,True
1745399924723, BTCUSDT, 3547056850, 94248.95, 0.40783,1745399924714,True
1745399924728, BTCUSDT, 3547056851, 94248.95, 0.29234,1745399924717,True
1745399924730, BTCUSDT, 3547056868, 94243.28, 0.49813,1745399924718,True
1745399925157, BTCUSDT, 3547056932, 94235.19, 0.23504,1745399925157,False
1745399929376, BTCUSDT, 3547056942, 94235.19, 0.39315,1745399929375,False
1745399935353, BTCUSDT, 3547056954, 94235.18, 2.1623,1745399935352,True
1745399935498, BTCUSDT, 3547056955, 94235.18, 0.2799,1745399935496,True
1745399935500, BTCUSDT, 3547056957, 94235.18, 3.05088,1745399935497,True
1745399935502, BTCUSDT, 3547056959, 94235.18, 0.9552,1745399935499,True
1745399935504, BTCUSDT, 3547056960, 94235.18, 0.43694,1745399935500,True
1745399958314, BTCUSDT, 3547057170, 94235.14, 0.1696,1745399958300,True
1745399958330, BTCUSDT, 3547057173, 94235.14, 0.4914,1745399958309,True
1745399958341, BTCUSDT, 3547057179, 94235.0, 0.16887,1745399958313,True
1745399958351, BTCUSDT, 3547057180, 94235.0, 0.39531,1745399958319,True
1745399958480, BTCUSDT, 3547057224, 94222.0, 0.16,1745399958399,True
1745399963058, BTCUSDT, 3547057278, 94222.01, 0.18013,1745399963057,False
1745399965358, BTCUSDT, 3547057304, 94227.92, 1.03987,1745399965358,True
1745399980441, BTCUSDT, 3547057352, 94227.92, 0.2584,1745399980440,True
1745400011444, BTCUSDT, 3547057460, 94227.93, 0.3852,1745400011443,False
1745400011445, BTCUSDT, 3547057462, 94227.93, 2.26381,1745400011443,False
1745400011524, BTCUSDT, 3547057498, 94235.15, 0.17089,1745400011524,False
1745400011549, BTCUSDT, 3547057514, 94240.0, 0.31222,1745400011548,False
1745400012443, BTCUSDT, 3547057528, 94242.16, 0.62739,1745400012442,True
1745400020066, BTCUSDT, 3547057560, 94238.83, 1.0,1745400020066,False
1745400022859, BTCUSDT, 3547057575, 94238.83, 0.23054,1745400022859,False
1745400034134, BTCUSDT, 3547057616, 94238.82, 0.4777,1745400034134,True
1745400070062, BTCUSDT, 3547057737, 94238.82, 0.16,1745400070061,True
1745400072094, BTCUSDT, 3547057745, 94238.83, 0.19665,1745400072094,False
1745400076129, BTCUSDT, 3547057815, 94227.64, 0.66389,1745400076128,True
1745400076129, BTCUSDT, 3547057837, 94222.1, 0.63768,1745400076128,True
1745400076129, BTCUSDT, 3547057851, 94220.0, 0.20934,1745400076128,True
1745400076129, BTCUSDT, 3547057854, 94219.51, 0.21413,1745400076128,True
1745400076129, BTCUSDT, 3547057855, 94219.3, 0.21413,1745400076128,True
1745400076129, BTCUSDT, 3547057867, 94217.83, 0.87766,1745400076128,True
1745400076129, BTCUSDT, 3547057868, 94217.82, 1.59317,1745400076128,True
1745400078021, BTCUSDT, 3547057878, 94217.82, 0.3849,1745400078021,True
1745400078022, BTCUSDT, 3547057879, 94217.82, 0.3984,1745400078021,True
1745400078022, BTCUSDT, 3547057888, 94217.4, 0.37226,1745400078021,True
1745400078022, BTCUSDT, 3547057891, 94217.14, 0.70059,1745400078021,True
1745400083046, BTCUSDT, 3547057915, 94213.7, 0.26509,1745400083045,False
1745400098751, BTCUSDT, 3547057985, 94213.7, 0.2601,1745400098750,False
1745400112508, BTCUSDT, 3547058034, 94213.69, 0.16509,1745400112507,True
1745400113358, BTCUSDT, 3547058038, 94213.7, 0.31353,1745400113357,False
1745400119126, BTCUSDT, 3547058067, 94213.69, 5.56049,1745400119126,True
1745400120972, BTCUSDT, 3547058072, 94213.69, 0.21425,1745400120971,True
1745400126991, BTCUSDT, 3547058089, 94213.69, 1.09623,1745400126990,True
1745400126992, BTCUSDT, 3547058108, 94212.3, 0.18652,1745400126991,True
1745400127025, BTCUSDT, 3547058141, 94203.1, 0.66695,1745400127024,True
1745400131815, BTCUSDT, 3547058179, 94200.01, 0.16165,1745400131814,False
1745400131816, BTCUSDT, 3547058180, 94200.01, 0.1708,1745400131815,False
1745400131817, BTCUSDT, 3547058183, 94200.01, 0.20491,1745400131816,False
1745400136676, BTCUSDT, 3547058214, 94207.81, 0.19468,1745400136675,True
1745400139769, BTCUSDT, 3547058219, 94207.82, 2.83586,1745400139768,False
1745400142490, BTCUSDT, 3547058243, 94209.88, 0.65974,1745400142489,False
1745400142491, BTCUSDT, 3547058247, 94209.88, 0.42828,1745400142490,False
1745400142801, BTCUSDT, 3547058273, 94213.7, 0.21202,1745400142800,False
1745400142803, BTCUSDT, 3547058274, 94213.7, 0.21202,1745400142801,False
1745400142821, BTCUSDT, 3547058285, 94213.71, 0.17768,1745400142816,False
1745400142854, BTCUSDT, 3547058329, 94227.32, 0.6087,1745400142850,False
1745400161157, BTCUSDT, 3547058437, 94234.99, 1.0957,1745400161156,True
1745400164871, BTCUSDT, 3547058451, 94234.99, 0.18718,1745400164871,True
1745400178230, BTCUSDT, 3547058553, 94250.66, 0.20764,1745400178229,False
1745400178247, BTCUSDT, 3547058567, 94255.18, 0.2707,1745400178246,False
1745400178247, BTCUSDT, 3547058568, 94255.18, 0.16109,1745400178246,False
1745400183517, BTCUSDT, 3547058603, 94259.99, 0.5,1745400183517,True
1745400190847, BTCUSDT, 3547058616, 94259.99, 0.15921,1745400190847,True
1745400193922, BTCUSDT, 3547058625, 94260.0, 0.20156,1745400193921,False
1745400196814, BTCUSDT, 3547058639, 94259.99, 0.29398,1745400196814,True
1745400196815, BTCUSDT, 3547058640, 94259.99, 0.88312,1745400196814,True
1745400203067, BTCUSDT, 3547058717, 94239.14, 0.2631,1745400203066,False
1745400208614, BTCUSDT, 3547058754, 94239.14, 0.34,1745400208613,False
1745400213281, BTCUSDT, 3547058771, 94239.13, 0.16,1745400213281,True
1745400213283, BTCUSDT, 3547058773, 94239.13, 0.55346,1745400213283,True
1745400213285, BTCUSDT, 3547058790, 94237.55, 0.70026,1745400213284,True
1745400229341, BTCUSDT, 3547058890, 94230.95, 0.8403,1745400229340,False
1745400232098, BTCUSDT, 3547058905, 94230.94, 0.17162,1745400232098,True
1745400248885, BTCUSDT, 3547058969, 94230.95, 0.24142,1745400248884,False
1745400256847, BTCUSDT, 3547058997, 94230.94, 0.95028,1745400256846,True
1745400263148, BTCUSDT, 3547059046, 94220.77, 0.26056,1745400263148,False
1745400263473, BTCUSDT, 3547059047, 94220.76, 0.16,1745400263472,True
1745400264516, BTCUSDT, 3547059078, 94216.27, 0.19085,1745400264515,True
1745400265472, BTCUSDT, 3547059088, 94213.77, 0.25052,1745400265471,False
1745400266588, BTCUSDT, 3547059092, 94213.76, 0.16,1745400266587,True
1745400282702, BTCUSDT, 3547059166, 94213.76, 0.16,1745400282701,True
1745400282844, BTCUSDT, 3547059169, 94213.76, 0.15945,1745400282844,True
1745400285568, BTCUSDT, 3547059180, 94213.76, 0.18188,1745400285568,True
1745400285971, BTCUSDT, 3547059182, 94213.77, 0.24416,1745400285971,False
1745400291394, BTCUSDT, 3547059206, 94213.76, 0.32,1745400291393,True
1745400291394, BTCUSDT, 3547059208, 94213.76, 0.64,1745400291394,True
1745400291570, BTCUSDT, 3547059211, 94213.76, 0.64,1745400291569,True
1745400291570, BTCUSDT, 3547059212, 94213.76, 0.16379,1745400291570,True
1745400291571, BTCUSDT, 3547059221, 94212.84, 0.56954,1745400291570,True
1745400291571, BTCUSDT, 3547059254, 94204.25, 0.2462,1745400291570,True
1745400294214, BTCUSDT, 3547059262, 94204.26, 0.40792,1745400294214,False
1745400300237, BTCUSDT, 3547059276, 94204.25, 0.24391,1745400300236,True
1745400328671, BTCUSDT, 3547059394, 94209.97, 0.42,1745400328671,True
1745400341347, BTCUSDT, 3547059441, 94209.98, 0.22206,1745400341347,False
1745400345396, BTCUSDT, 3547059452, 94209.98, 0.36849,1745400345395,False
1745400347754, BTCUSDT, 3547059530, 94220.76, 0.2,1745400347754,True
1745400353793, BTCUSDT, 3547059602, 94228.83, 0.89301,1745400353792,False
1745400353793, BTCUSDT, 3547059614, 94230.95, 0.19471,1745400353792,False
1745400353793, BTCUSDT, 3547059631, 94238.18, 0.21419,1745400353792,False
1745400353793, BTCUSDT, 3547059632, 94238.19, 0.24691,1745400353792,False
1745400353793, BTCUSDT, 3547059634, 94238.26, 0.49506,1745400353792,False
1745400353793, BTCUSDT, 3547059648, 94241.45, 0.21413,1745400353792,False
1745400353793, BTCUSDT, 3547059659, 94244.21, 0.20296,1745400353792,False
1745400353793, BTCUSDT, 3547059660, 94244.22, 0.21413,1745400353792,False
1745400353793, BTCUSDT, 3547059663, 94245.22, 0.21413,1745400353792,False
1745400353793, BTCUSDT, 3547059671, 94248.13, 0.21413,1745400353792,False
1745400353793, BTCUSDT, 3547059673, 94248.34, 0.69585,1745400353792,False
1745400353793, BTCUSDT, 3547059676, 94249.25, 0.53016,1745400353792,False
1745400353793, BTCUSDT, 3547059677, 94249.26, 0.21413,1745400353792,False
1745400353793, BTCUSDT, 3547059678, 94249.28, 0.54509,1745400353792,False
1745400356273, BTCUSDT, 3547059714, 94240.02, 0.35961,1745400356273,True
1745400361531, BTCUSDT, 3547059726, 94240.02, 0.57419,1745400361530,True
1745400361534, BTCUSDT, 3547059737, 94238.89, 0.22799,1745400361533,True
1745400361534, BTCUSDT, 3547059738, 94238.89, 0.38599,1745400361534,True
1745400379533, BTCUSDT, 3547059831, 94222.53, 0.26875,1745400379532,False
1745400387241, BTCUSDT, 3547059870, 94222.52, 0.16,1745400387241,True
1745400388016, BTCUSDT, 3547059950, 94206.2, 0.16,1745400388015,True
1745400388059, BTCUSDT, 3547059977, 94203.51, 0.16,1745400388058,True
1745400404629, BTCUSDT, 3547060033, 94203.51, 7.40027,1745400404628,True
1745400404629, BTCUSDT, 3547060056, 94200.0, 0.1631,1745400404628,True
1745400410962, BTCUSDT, 3547060086, 94200.0, 6.7746,1745400410962,True
1745400418897, BTCUSDT, 3547060111, 94200.0, 0.5,1745400418896,True
1745400419465, BTCUSDT, 3547060112, 94200.0, 0.17339,1745400419464,True
1745400419556, BTCUSDT, 3547060114, 94200.0, 0.89204,1745400419554,True
1745400419557, BTCUSDT, 3547060145, 94195.0, 1.53505,1745400419555,True
1745400419559, BTCUSDT, 3547060165, 94189.22, 0.495,1745400419556,True
1745400419560, BTCUSDT, 3547060208, 94181.36, 0.16,1745400419556,True
1745400419560, BTCUSDT, 3547060209, 94181.16, 0.23477,1745400419556,True
1745400419560, BTCUSDT, 3547060211, 94180.48, 0.34337,1745400419556,True
1745400419567, BTCUSDT, 3547060224, 94178.49, 0.62839,1745400419560,True
1745400419572, BTCUSDT, 3547060229, 94178.49, 0.16775,1745400419563,True
1745400419579, BTCUSDT, 3547060251, 94173.91, 0.18391,1745400419568,True
1745400419627, BTCUSDT, 3547060290, 94169.83, 0.16,1745400419608,True
1745400419818, BTCUSDT, 3547060299, 94169.84, 0.35927,1745400419818,False
1745400419818, BTCUSDT, 3547060300, 94169.84, 0.44568,1745400419818,False
1745400419818, BTCUSDT, 3547060301, 94169.84, 0.33238,1745400419818,False
1745400419819, BTCUSDT, 3547060302, 94169.84, 0.3336,1745400419818,False
1745400420730, BTCUSDT, 3547060416, 94196.82, 0.38792,1745400420729,True
1745400420773, BTCUSDT, 3547060434, 94187.6, 0.16,1745400420772,True
1745400426156, BTCUSDT, 3547060467, 94187.6, 0.191,1745400426155,True
1745400430306, BTCUSDT, 3547060498, 94187.6, 1.25,1745400430305,True
1745400438473, BTCUSDT, 3547060518, 94187.6, 1.5,1745400438473,True
1745400439857, BTCUSDT, 3547060523, 94187.61, 4.99004,1745400439857,False
1745400442562, BTCUSDT, 3547060559, 94191.69, 0.1696,1745400442561,True
1745400447860, BTCUSDT, 3547060576, 94191.69, 0.27362,1745400447859,True
1745400461487, BTCUSDT, 3547060687, 94185.56, 0.16,1745400461486,True
1745400462198, BTCUSDT, 3547060714, 94181.6, 0.28448,1745400462197,True
1745400462258, BTCUSDT, 3547060746, 94174.78, 0.42826,1745400462257,True
1745400462258, BTCUSDT, 3547060747, 94174.76, 0.36171,1745400462257,True
1745400462258, BTCUSDT, 3547060750, 94173.77, 1.10195,1745400462257,True
1745400462260, BTCUSDT, 3547060758, 94172.53, 0.61406,1745400462259,True
1745400462260, BTCUSDT, 3547060768, 94169.99, 0.1921,1745400462259,True
1745400462260, BTCUSDT, 3547060769, 94169.84, 0.2015,1745400462259,True
1745400462260, BTCUSDT, 3547060770, 94169.83, 0.24046,1745400462259,True
1745400462301, BTCUSDT, 3547060783, 94167.0, 0.16,1745400462300,True
1745400475771, TAOUSDT, 33865799, 335.5, 58.0445,1745400475770,False
1745400483801, BTCUSDT, 3547060878, 94167.0, 1.10442,1745400483800,True
1745400498116, BTCUSDT, 3547060923, 94167.0, 0.17705,1745400498115,True
1745400501877, BTCUSDT, 3547060965, 94165.07, 0.16102,1745400501877,True
1745400518256, BTCUSDT, 3547061013, 94165.07, 0.36,1745400518255,True
1745400523474, BTCUSDT, 3547061034, 94165.07, 0.16,1745400523473,True
1745400523477, BTCUSDT, 3547061039, 94165.07, 0.18892,1745400523477,True
1745400530610, BTCUSDT, 3547061108, 94160.01, 0.41685,1745400530610,False
1745400533173, BTCUSDT, 3547061118, 94160.01, 0.26012,1745400533172,False
1745400562349, BTCUSDT, 3547061213, 94160.01, 0.336,1745400562348,False
1745400563056, BTCUSDT, 3547061216, 94160.0, 0.25867,1745400563055,True
1745400570035, BTCUSDT, 3547061240, 94160.01, 0.16436,1745400570035,False
1745400571862, BTCUSDT, 3547061246, 94160.01, 0.20098,1745400571861,False
1745400588148, BTCUSDT, 3547061302, 94160.0, 1.65959,1745400588146,True
1745400588188, BTCUSDT, 3547061305, 94160.0, 0.16,1745400588187,True
1745400591628, BTCUSDT, 3547061414, 94147.44, 0.16,1745400591628,True
1745400595029, BTCUSDT, 3547061440, 94147.44, 0.16,1745400595028,True
1745400606508, BTCUSDT, 3547061530, 94147.44, 1.60162,1745400606507,True
1745400606508, BTCUSDT, 3547061531, 94147.44, 1.04036,1745400606507,True
1745400606551, BTCUSDT, 3547061597, 94136.67, 0.16,1745400606551,True
1745400612311, BTCUSDT, 3547061633, 94136.68, 0.3531,1745400612310,False
1745400612311, BTCUSDT, 3547061634, 94136.68, 0.22231,1745400612310,False
1745400613416, BTCUSDT, 3547061671, 94144.87, 0.18673,1745400613415,False
1745400615333, BTCUSDT, 3547061683, 94145.02, 0.49922,1745400615333,False
1745400618543, BTCUSDT, 3547061700, 94145.01, 0.25,1745400618543,True
1745400638224, BTCUSDT, 3547061785, 94145.01, 0.18969,1745400638224,True
1745400638456, BTCUSDT, 3547061786, 94145.02, 0.4998,1745400638455,False
1745400639353, BTCUSDT, 3547061787, 94145.01, 1.05682,1745400639353,True
1745400640615, BTCUSDT, 3547061795, 94145.01, 0.997,1745400640615,True
1745400643444, BTCUSDT, 3547061814, 94145.02, 0.21193,1745400643444,False
1745400644859, BTCUSDT, 3547061817, 94145.01, 1.2658,1745400644859,True
1745400685932, BTCUSDT, 3547061987, 94145.02, 0.17374,1745400685931,False
1745400685932, BTCUSDT, 3547061991, 94145.02, 0.50405,1745400685932,False
1745400685934, BTCUSDT, 3547061997, 94145.02, 2.39992,1745400685933,False
1745400685939, BTCUSDT, 3547062000, 94145.03, 1.1322,1745400685937,False
1745400687789, BTCUSDT, 3547062037, 94149.98, 0.46397,1745400687788,True
1745400689858, BTCUSDT, 3547062059, 94149.99, 0.55272,1745400689858,False
1745400693713, BTCUSDT, 3547062116, 94160.0, 0.33924,1745400693712,False
1745400695285, BTCUSDT, 3547062229, 94179.99, 0.161,1745400695285,True
1745400709010, BTCUSDT, 3547062358, 94198.57, 0.18728,1745400709009,False
1745400712012, BTCUSDT, 3547062384, 94198.56, 0.55274,1745400712012,True
1745400731220, BTCUSDT, 3547062441, 94198.56, 0.2347,1745400731219,True
1745400732974, BTCUSDT, 3547062450, 94198.56, 0.21072,1745400732973,True
1745400732992, BTCUSDT, 3547062451, 94198.56, 0.17832,1745400732991,True
1745400733191, BTCUSDT, 3547062477, 94191.91, 0.52507,1745400733190,False
1745400735108, BTCUSDT, 3547062483, 94191.9, 0.1599,1745400735107,True
1745400751791, BTCUSDT, 3547062543, 94191.91, 0.41904,1745400751790,False
1745400751791, BTCUSDT, 3547062545, 94191.91, 0.17398,1745400751791,False
1745400765632, BTCUSDT, 3547062592, 94191.91, 0.17341,1745400765632,False
1745400772265, BTCUSDT, 3547062607, 94191.9, 0.92394,1745400772265,True
1745400784133, BTCUSDT, 3547062645, 94191.91, 0.19742,1745400784133,False
1745400784133, BTCUSDT, 3547062646, 94191.91, 0.19742,1745400784133,False
1745400784134, BTCUSDT, 3547062647, 94191.91, 0.17597,1745400784133,False
1745400794741, BTCUSDT, 3547062702, 94196.17, 1.24999,1745400794741,True
1745400829268, BTCUSDT, 3547062806, 94192.26, 0.19726,1745400829268,False
1745400830441, BTCUSDT, 3547062810, 94192.25, 0.2179,1745400830441,True
1745400830442, BTCUSDT, 3547062813, 94192.25, 0.77151,1745400830441,True
1745400830445, BTCUSDT, 3547062827, 94191.9, 1.06718,1745400830444,True
1745400830812, BTCUSDT, 3547062898, 94176.36, 0.36694,1745400830811,True
1745400832936, BTCUSDT, 3547062967, 94160.02, 0.18296,1745400832935,False
1745400857813, BTCUSDT, 3547063098, 94160.01, 0.18091,1745400857813,True
1745400857818, BTCUSDT, 3547063107, 94159.71, 0.22787,1745400857817,True
1745400861903, BTCUSDT, 3547063139, 94157.7, 0.16,1745400861903,True
1745400862019, BTCUSDT, 3547063141, 94157.7, 0.16,1745400862019,True
1745400862116, BTCUSDT, 3547063144, 94157.7, 0.21224,1745400862115,True
1745400862221, BTCUSDT, 3547063150, 94157.49, 0.90675,1745400862221,False
1745400865243, BTCUSDT, 3547063161, 94157.48, 0.32,1745400865243,True
1745400871717, BTCUSDT, 3547063205, 94152.15, 0.16,1745400871716,True
1745400872769, BTCUSDT, 3547063220, 94150.0, 0.31951,1745400872768,True
1745400872770, BTCUSDT, 3547063244, 94145.03, 0.16,1745400872769,True
1745400873982, BTCUSDT, 3547063258, 94145.02, 0.16,1745400873982,True
1745400877889, BTCUSDT, 3547063325, 94138.7, 0.25648,1745400877888,False
1745400924709, BTCUSDT, 3547063509, 94148.07, 0.54603,1745400924708,False
1745400932343, BTCUSDT, 3547063532, 94148.06, 0.55062,1745400932342,True
1745400944267, BTCUSDT, 3547063590, 94148.07, 0.21243,1745400944266,False
2025-04-30 10:25:48, BTCUSDT, 3553564634, 93739.14, 0.41815,1746026748080,False
2025-04-30 10:25:49, BTCUSDT, 3553564676, 93748.46, 0.28968,1746026749838,False
2025-04-30 10:25:56, BTCUSDT, 3553564718, 93742.01, 0.29158,1746026756616,True
2025-04-30 10:25:57, BTCUSDT, 3553564719, 93742.02, 0.21189,1746026757669,False
2025-04-30 10:26:04, BTCUSDT, 3553564747, 93742.02, 0.16754,1746026764242,False
2025-04-30 10:26:04, BTCUSDT, 3553564749, 93742.02, 0.1624,1746026764242,False
2025-04-30 10:26:04, BTCUSDT, 3553564775, 93748.45, 0.17,1746026764284,True
2025-04-30 10:26:04, BTCUSDT, 3553564777, 93748.45, 0.28964,1746026764774,True
2025-04-30 10:26:06, BTCUSDT, 3553564787, 93748.46, 0.25601,1746026766944,False
2025-04-30 10:26:06, BTCUSDT, 3553564790, 93748.46, 0.1704,1746026766945,False
2025-04-30 10:26:06, BTCUSDT, 3553564794, 93748.46, 0.2112,1746026766945,False
2025-04-30 10:26:06, BTCUSDT, 3553564813, 93751.28, 0.2,1746026766987,True
2025-04-30 10:26:11, BTCUSDT, 3553564828, 93751.29, 0.32263,1746026771595,False
2025-04-30 10:26:11, BTCUSDT, 3553564848, 93754.28, 0.2,1746026771623,True
2025-04-30 10:26:12, BTCUSDT, 3553564849, 93754.29, 0.39562,1746026772108,False
2025-04-30 10:26:12, BTCUSDT, 3553564866, 93756.32, 0.1903,1746026772389,False
2025-04-30 10:26:23, BTCUSDT, 3553564918, 93759.99, 0.21986,1746026783105,False
2025-04-30 10:26:33, BTCUSDT, 3553564989, 93763.26, 0.19533,1746026793194,True
2025-04-30 10:26:33, BTCUSDT, 3553565018, 93758.28, 0.83406,1746026793271,True
2025-04-30 10:26:35, BTCUSDT, 3553565025, 93758.28, 1.90025,1746026795231,True
2025-04-30 10:26:35, BTCUSDT, 3553565060, 93749.62, 0.31277,1746026795232,True
2025-04-30 10:26:52, BTCUSDT, 3553565190, 93735.25, 0.5994,1746026812148,True
2025-04-30 10:27:10, BTCUSDT, 3553565244, 93735.25, 0.42157,1746026829999,True
2025-04-30 10:27:10, BTCUSDT, 3553565296, 93728.81, 0.25047,1746026830020,True
2025-04-30 10:27:12, BTCUSDT, 3553565455, 93704.9, 0.32113,1746026832749,True
2025-04-30 10:27:12, BTCUSDT, 3553565463, 93703.2, 0.25,1746026832749,True
2025-04-30 10:27:12, BTCUSDT, 3553565484, 93700.0, 0.39373,1746026832749,True
2025-04-30 10:27:12, BTCUSDT, 3553565491, 93698.32, 0.21301,1746026832749,True
2025-04-30 10:27:12, BTCUSDT, 3553565493, 93698.1, 0.98067,1746026832749,True
2025-04-30 10:27:12, BTCUSDT, 3553565494, 93698.09, 0.53292,1746026832749,True
2025-04-30 10:27:12, BTCUSDT, 3553565495, 93698.0, 0.42634,1746026832749,True
2025-04-30 10:27:12, BTCUSDT, 3553565502, 93696.72, 0.31975,1746026832749,True
2025-04-30 10:27:12, BTCUSDT, 3553565503, 93696.47, 0.79938,1746026832749,True
2025-04-30 10:27:12, BTCUSDT, 3553565513, 93695.65, 0.52409,1746026832749,True
2025-04-30 10:27:12, BTCUSDT, 3553565519, 93694.49, 0.42602,1746026832749,True
2025-04-30 10:27:12, BTCUSDT, 3553565520, 93694.41, 1.05004,1746026832749,True
2025-04-30 10:27:12, BTCUSDT, 3553565528, 93692.28, 0.2224,1746026832749,True
2025-04-30 10:27:12, BTCUSDT, 3553565529, 93692.24, 0.495,1746026832749,True
2025-04-30 10:27:12, BTCUSDT, 3553565533, 93691.97, 0.39969,1746026832749,True
2025-04-30 10:27:12, BTCUSDT, 3553565546, 93689.12, 0.42602,1746026832749,True
2025-04-30 10:27:12, BTCUSDT, 3553565547, 93689.11, 2.75748,1746026832749,True
2025-04-30 10:27:24, BTCUSDT, 3553565737, 93673.23, 0.2251,1746026844153,True
2025-04-30 10:27:25, BTCUSDT, 3553565802, 93668.97, 1.0,1746026845822,False
2025-04-30 10:27:26, BTCUSDT, 3553565906, 93662.09, 0.3424,1746026846487,False
2025-04-30 10:27:26, BTCUSDT, 3553565907, 93662.1, 0.33504,1746026846487,False
2025-04-30 10:27:29, BTCUSDT, 3553566028, 93659.25, 0.38087,1746026849771,False
2025-04-30 10:27:29, BTCUSDT, 3553566029, 93659.25, 0.36705,1746026849771,False
2025-04-30 10:27:32, BTCUSDT, 3553566099, 93668.53, 0.17013,1746026852137,False
2025-04-30 10:27:32, BTCUSDT, 3553566100, 93668.53, 0.83011,1746026852138,False
2025-04-30 10:27:33, BTCUSDT, 3553566199, 93682.37, 0.3,1746026853863,True
2025-04-30 10:27:33, BTCUSDT, 3553566200, 93682.38, 0.18676,1746026853961,False
2025-04-30 10:27:41, BTCUSDT, 3553566242, 93682.38, 0.30309,1746026861300,False
2025-04-30 10:27:41, BTCUSDT, 3553566293, 93688.84, 0.17863,1746026861333,False
2025-04-30 10:27:41, BTCUSDT, 3553566354, 93695.65, 1.10034,1746026861891,True
2025-04-30 10:27:44, BTCUSDT, 3553566363, 93695.66, 0.24066,1746026864273,False
2025-04-30 10:28:00, BTCUSDT, 3553566483, 93707.1, 0.26137,1746026880638,False
2025-04-30 10:28:10, BTCUSDT, 3553566578, 93714.29, 0.1819,1746026890571,False
2025-04-30 10:28:10, BTCUSDT, 3553566590, 93714.29, 0.18044,1746026890571,False
2025-04-30 10:28:10, BTCUSDT, 3553566594, 93714.29, 0.27881,1746026890572,False
2025-04-30 10:28:15, BTCUSDT, 3553566844, 93739.14, 0.17681,1746026895534,False
2025-04-30 10:28:23, BTCUSDT, 3553567100, 93753.8, 0.16187,1746026903773,False
2025-04-30 10:28:25, BTCUSDT, 3553567333, 93773.32, 0.51942,1746026905887,False
2025-04-30 10:28:25, BTCUSDT, 3553567334, 93773.32, 0.16,1746026905887,False
2025-04-30 10:28:25, BTCUSDT, 3553567457, 93787.5, 0.17214,1746026905916,False
2025-04-30 10:28:25, BTCUSDT, 3553567459, 93787.5, 0.16,1746026905932,False
2025-04-30 10:28:26, BTCUSDT, 3553567481, 93787.49, 0.27148,1746026906197,True
2025-04-30 10:28:32, BTCUSDT, 3553567658, 93797.06, 0.15991,1746026912587,False
2025-04-30 10:28:45, BTCUSDT, 3553568067, 93827.77, 0.16,1746026925683,False
2025-04-30 10:28:49, BTCUSDT, 3553568092, 93829.62, 0.29629,1746026929832,False
2025-04-30 10:29:13, BTCUSDT, 3553568439, 93865.24, 0.60406,1746026953187,True
2025-04-30 10:29:34, BTCUSDT, 3553568587, 93859.73, 0.42366,1746026974154,True
2025-04-30 10:29:34, BTCUSDT, 3553568588, 93859.73, 0.35218,1746026974154,True
2025-04-30 10:29:34, BTCUSDT, 3553568633, 93850.5, 0.20284,1746026974225,True
2025-04-30 10:29:34, BTCUSDT, 3553568634, 93850.5, 0.20284,1746026974230,True
2025-04-30 10:29:54, BTCUSDT, 3553568740, 93849.08, 0.42589,1746026994982,False
2025-04-30 10:29:58, BTCUSDT, 3553568790, 93857.5, 0.21308,1746026998096,True
2025-04-30 10:30:06, BTCUSDT, 3553568871, 93864.58, 0.29157,1746027006315,True
2025-04-30 10:30:06, BTCUSDT, 3553568881, 93864.58, 0.2021,1746027006386,True
2025-04-30 10:30:25, BTCUSDT, 3553569226, 93814.01, 0.49172,1746027025707,True
2025-04-30 10:30:32, BTCUSDT, 3553569264, 93811.53, 1.97991,1746027032371,True
2025-04-30 10:30:33, BTCUSDT, 3553569326, 93800.01, 0.20949,1746027033118,False
2025-04-30 10:30:33, BTCUSDT, 3553569327, 93800.01, 0.20498,1746027033118,False
2025-04-30 10:30:33, BTCUSDT, 3553569328, 93800.01, 0.2807,1746027033119,False
2025-04-30 10:30:33, BTCUSDT, 3553569329, 93800.01, 1.54908,1746027033119,False
2025-04-30 10:30:33, BTCUSDT, 3553569340, 93806.5, 0.17135,1746027033132,False
2025-04-30 10:30:33, BTCUSDT, 3553569378, 93816.89, 0.20513,1746027033136,False
2025-04-30 10:30:50, BTCUSDT, 3553569534, 93826.09, 0.17345,1746027050772,False
2025-04-30 10:30:52, BTCUSDT, 3553569833, 93864.58, 0.21633,1746027052718,False
2025-04-30 10:30:55, BTCUSDT, 3553569903, 93869.56, 0.36955,1746027055545,True
2025-04-30 10:30:59, BTCUSDT, 3553569950, 93862.6, 0.2809,1746027059070,True
2025-04-30 10:31:01, BTCUSDT, 3553569989, 93854.41, 0.26193,1746027061341,True
2025-04-30 10:31:08, BTCUSDT, 3553570031, 93849.03, 0.1704,1746027068604,False
2025-04-30 10:31:14, BTCUSDT, 3553570122, 93867.53, 0.45583,1746027074216,False
2025-04-30 10:31:19, BTCUSDT, 3553570160, 93869.56, 0.98342,1746027079688,True
2025-04-30 10:31:19, BTCUSDT, 3553570161, 93869.56, 1.52292,1746027079689,True
2025-04-30 10:31:22, BTCUSDT, 3553570283, 93846.3, 0.25,1746027082567,True
2025-04-30 10:31:26, BTCUSDT, 3553570345, 93836.01, 1.306,1746027086534,False
2025-04-30 10:31:26, BTCUSDT, 3553570347, 93836.01, 0.59472,1746027086538,False
2025-04-30 10:31:30, TAOUSDT, 34504529, 348.8, 60.3097,1746027090243,True
2025-04-30 10:31:39, BTCUSDT, 3553570581, 93862.07, 0.2441,1746027099379,True
2025-04-30 10:31:46, BTCUSDT, 3553570595, 93861.15, 0.15981,1746027106360,False
2025-04-30 10:31:54, BTCUSDT, 3553570708, 93879.29, 0.18525,1746027114459,False
2025-04-30 10:31:54, BTCUSDT, 3553570814, 93900.07, 0.16,1746027114966,False
2025-04-30 10:32:07, TAOUSDT, 34504585, 348.7, 57.0745,1746027127101,False
2025-04-30 10:32:08, BTCUSDT, 3553570855, 93900.07, 0.24604,1746027128751,False
2025-04-30 10:32:11, BTCUSDT, 3553570925, 93913.05, 0.16886,1746027131034,False
2025-04-30 10:32:18, BTCUSDT, 3553571075, 93938.76, 0.18383,1746027138729,False
2025-04-30 10:32:33, BTCUSDT, 3553571175, 93946.49, 0.39415,1746027153512,True
2025-04-30 10:32:33, BTCUSDT, 3553571176, 93946.49, 0.19911,1746027153512,True
2025-04-30 10:32:33, BTCUSDT, 3553571177, 93946.49, 0.21448,1746027153513,True
2025-04-30 10:32:33, BTCUSDT, 3553571245, 93929.56, 0.18774,1746027153631,True
2025-04-30 10:32:33, BTCUSDT, 3553571246, 93929.56, 0.41271,1746027153633,True
2025-04-30 10:32:36, BTCUSDT, 3553571342, 93913.79, 0.1704,1746027156340,True
2025-04-30 10:32:36, BTCUSDT, 3553571346, 93913.79, 0.16085,1746027156343,True
2025-04-30 10:32:44, BTCUSDT, 3553571409, 93908.01, 0.1697,1746027164266,False
2025-04-30 10:32:44, BTCUSDT, 3553571411, 93908.01, 0.25675,1746027164267,False
2025-04-30 10:32:44, BTCUSDT, 3553571414, 93908.01, 0.34451,1746027164267,False
2025-04-30 10:32:49, BTCUSDT, 3553571561, 93941.01, 0.32,1746027169951,False
2025-04-30 10:33:02, BTCUSDT, 3553571625, 93948.77, 1.40109,1746027182950,True
2025-04-30 10:33:05, BTCUSDT, 3553571713, 93925.1, 0.1704,1746027185265,True
2025-04-30 10:33:05, BTCUSDT, 3553571714, 93925.1, 0.24976,1746027185265,True
2025-04-30 10:33:15, BTCUSDT, 3553571806, 93919.64, 0.16573,1746027195107,False
2025-04-30 10:33:23, BTCUSDT, 3553571914, 93948.78, 0.6,1746027203845,False
2025-04-30 10:33:24, BTCUSDT, 3553571951, 93952.39, 0.16644,1746027204593,False
2025-04-30 10:33:25, BTCUSDT, 3553571972, 93956.53, 0.16705,1746027205029,False
2025-04-30 10:33:27, BTCUSDT, 3553572010, 93965.72, 0.63938,1746027207742,False
2025-04-30 10:33:49, BTCUSDT, 3553572125, 93972.84, 0.21282,1746027229434,False
2025-04-30 10:33:50, BTCUSDT, 3553572129, 93972.84, 0.25,1746027230423,False
2025-04-30 10:33:52, BTCUSDT, 3553572132, 93972.84, 0.50067,1746027232433,False
2025-04-30 10:34:00, BTCUSDT, 3553572152, 93972.83, 1.02245,1746027240624,True
2025-04-30 10:34:00, BTCUSDT, 3553572153, 93972.83, 0.25099,1746027240624,True
2025-04-30 10:34:00, BTCUSDT, 3553572161, 93972.83, 0.20717,1746027240625,True
2025-04-30 10:34:00, BTCUSDT, 3553572186, 93970.42, 0.2503,1746027240638,True
2025-04-30 10:34:00, BTCUSDT, 3553572226, 93960.31, 0.41264,1746027240868,True
2025-04-30 10:34:00, BTCUSDT, 3553572227, 93960.31, 0.18458,1746027240869,True
2025-04-30 10:34:02, BTCUSDT, 3553572258, 93952.38, 0.59462,1746027242972,True
2025-04-30 10:34:02, BTCUSDT, 3553572263, 93951.71, 0.2503,1746027242972,True
2025-04-30 10:34:05, BTCUSDT, 3553572277, 93948.79, 0.2867,1746027245468,False
2025-04-30 10:34:05, BTCUSDT, 3553572278, 93948.79, 0.43147,1746027245468,False
2025-04-30 10:34:05, BTCUSDT, 3553572279, 93948.79, 0.38334,1746027245469,False
2025-04-30 10:34:05, BTCUSDT, 3553572281, 93948.79, 0.20594,1746027245470,False
2025-04-30 10:34:07, BTCUSDT, 3553572325, 93961.71, 0.18018,1746027247965,False
2025-04-30 10:34:16, BTCUSDT, 3553572368, 93968.0, 0.17648,1746027256749,False
2025-04-30 10:34:16, BTCUSDT, 3553572380, 93971.13, 0.44007,1746027256769,False
2025-04-30 10:34:34, BTCUSDT, 3553572434, 93972.83, 0.48689,1746027274048,False
2025-04-30 10:34:37, BTCUSDT, 3553572445, 93972.83, 0.1704,1746027277751,False
2025-04-30 10:34:41, BTCUSDT, 3553572605, 93994.76, 0.17621,1746027281841,False
2025-04-30 10:34:43, BTCUSDT, 3553572647, 94000.0, 0.81782,1746027283255,False
2025-04-30 10:34:44, BTCUSDT, 3553572671, 94001.0, 1.66434,1746027284839,False
2025-04-30 10:34:50, BTCUSDT, 3553572808, 94024.0, 4.16378,1746027290262,False
2025-04-30 10:34:50, BTCUSDT, 3553572816, 94025.37, 0.24454,1746027290262,False
2025-04-30 10:34:50, BTCUSDT, 3553572822, 94026.13, 0.70195,1746027290262,False
2025-04-30 10:34:50, BTCUSDT, 3553572852, 94030.29, 0.16469,1746027290931,False
2025-04-30 10:34:50, BTCUSDT, 3553572853, 94030.29, 0.68869,1746027290931,False
2025-04-30 10:34:50, BTCUSDT, 3553572854, 94030.29, 0.27869,1746027290932,False
2025-04-30 10:34:53, BTCUSDT, 3553572939, 94037.6, 1.0,1746027293008,False
2025-04-30 10:34:54, BTCUSDT, 3553572960, 94037.6, 0.24887,1746027294899,False
2025-04-30 10:34:54, BTCUSDT, 3553573021, 94047.62, 0.38941,1746027294900,False
2025-04-30 10:34:54, BTCUSDT, 3553573022, 94047.83, 0.495,1746027294900,False
2025-04-30 10:34:54, BTCUSDT, 3553573040, 94050.0, 0.15981,1746027294901,False
2025-04-30 10:34:54, BTCUSDT, 3553573078, 94057.21, 0.48364,1746027294901,False
2025-04-30 10:34:54, BTCUSDT, 3553573130, 94065.28, 0.16,1746027294904,False
2025-04-30 10:34:54, BTCUSDT, 3553573141, 94066.31, 1.27426,1746027294904,False
2025-04-30 10:34:54, BTCUSDT, 3553573147, 94066.59, 0.27715,1746027294906,False
2025-04-30 10:34:54, BTCUSDT, 3553573166, 94066.59, 0.18835,1746027294910,False
2025-04-30 10:34:54, BTCUSDT, 3553573173, 94067.7, 0.21377,1746027294910,False
2025-04-30 10:34:54, BTCUSDT, 3553573212, 94069.8, 0.33121,1746027294923,False
2025-04-30 10:34:54, BTCUSDT, 3553573228, 94072.0, 0.41755,1746027294949,False
2025-04-30 10:34:56, BTCUSDT, 3553573309, 94079.15, 0.24776,1746027296032,False
2025-04-30 10:34:56, BTCUSDT, 3553573310, 94079.15, 0.17123,1746027296032,False
2025-04-30 10:34:56, BTCUSDT, 3553573363, 94087.58, 0.30517,1746027296033,False
2025-04-30 10:34:56, BTCUSDT, 3553573364, 94087.58, 0.39626,1746027296034,False
2025-04-30 10:34:57, BTCUSDT, 3553573425, 94090.39, 0.25855,1746027297301,True
2025-04-30 10:35:04, BTCUSDT, 3553573531, 94080.45, 0.29768,1746027304082,False
2025-04-30 10:35:04, BTCUSDT, 3553573565, 94080.45, 0.3,1746027304729,False
2025-04-30 10:35:06, BTCUSDT, 3553573599, 94080.44, 0.29916,1746027306299,True
2025-04-30 10:35:11, BTCUSDT, 3553573660, 94072.82, 0.36735,1746027311851,True
2025-04-30 10:35:15, BTCUSDT, 3553573709, 94064.45, 0.35707,1746027315456,True
2025-04-30 10:35:22, BTCUSDT, 3553573853, 94050.01, 0.1722,1746027322750,False
2025-04-30 10:35:22, BTCUSDT, 3553573855, 94050.01, 1.09942,1746027322751,False
2025-04-30 10:35:29, BTCUSDT, 3553573901, 94053.83, 0.7444,1746027329770,True
2025-04-30 10:35:29, BTCUSDT, 3553573903, 94053.83, 0.23891,1746027329772,True
2025-04-30 10:35:29, BTCUSDT, 3553573904, 94053.83, 0.70537,1746027329776,True
2025-04-30 10:35:29, BTCUSDT, 3553573905, 94053.83, 0.70613,1746027329776,True
2025-04-30 10:35:32, BTCUSDT, 3553573923, 94053.83, 0.41749,1746027332774,True
2025-04-30 10:35:32, BTCUSDT, 3553573941, 94050.58, 0.2885,1746027332774,True
2025-04-30 10:35:32, BTCUSDT, 3553573944, 94050.0, 0.97358,1746027332774,True
2025-04-30 10:35:32, BTCUSDT, 3553573945, 94050.0, 4.14616,1746027332774,True
2025-04-30 10:35:32, BTCUSDT, 3553573950, 94048.29, 0.25006,1746027332774,True
2025-04-30 10:35:32, BTCUSDT, 3553573991, 94040.0, 0.20035,1746027332840,True
2025-04-30 10:35:34, BTCUSDT, 3553574065, 94022.69, 0.16,1746027334051,False
2025-04-30 10:35:35, BTCUSDT, 3553574075, 94022.69, 0.2292,1746027335865,False
2025-04-30 10:35:40, BTCUSDT, 3553574106, 94029.91, 0.1714,1746027340010,False
2025-04-30 10:35:44, BTCUSDT, 3553574158, 94038.14, 0.27353,1746027344115,True
2025-04-30 10:35:47, BTCUSDT, 3553574168, 94038.14, 0.39244,1746027347211,True
2025-04-30 10:35:47, BTCUSDT, 3553574169, 94038.14, 0.18728,1746027347213,True
2025-04-30 10:35:50, BTCUSDT, 3553574253, 94017.18, 0.26107,1746027350548,True
2025-04-30 10:35:53, BTCUSDT, 3553574316, 94008.62, 0.25608,1746027353288,False
2025-04-30 10:35:53, BTCUSDT, 3553574319, 94008.62, 0.27952,1746027353288,False
2025-04-30 10:35:53, BTCUSDT, 3553574397, 94026.82, 0.19846,1746027353495,False
2025-04-30 10:35:55, BTCUSDT, 3553574434, 94036.99, 0.19899,1746027355513,False
2025-04-30 10:35:55, BTCUSDT, 3553574437, 94036.99, 0.18304,1746027355618,False
2025-04-30 10:35:55, BTCUSDT, 3553574445, 94038.15, 0.1945,1746027355688,False
2025-04-30 10:36:02, BTCUSDT, 3553574531, 94050.89, 0.42883,1746027362245,True
2025-04-30 10:36:04, BTCUSDT, 3553574614, 94039.88, 0.20518,1746027364239,False
2025-04-30 10:36:14, BTCUSDT, 3553574733, 94064.44, 0.1704,1746027374876,False
2025-04-30 10:36:16, BTCUSDT, 3553574751, 94064.45, 0.23364,1746027376510,False
2025-04-30 10:36:16, BTCUSDT, 3553574752, 94064.45, 0.49388,1746027376511,False
2025-04-30 10:36:16, BTCUSDT, 3553574782, 94072.74, 0.19815,1746027376523,False
2025-04-30 10:36:16, BTCUSDT, 3553574792, 94074.92, 0.19756,1746027376538,False
2025-04-30 10:36:24, BTCUSDT, 3553574850, 94084.82, 0.17178,1746027384215,False
2025-04-30 10:36:33, BTCUSDT, 3553574996, 94079.62, 2.0,1746027393149,False
2025-04-30 10:36:39, BTCUSDT, 3553575015, 94079.61, 0.69454,1746027399671,True
2025-04-30 10:36:42, BTCUSDT, 3553575043, 94075.56, 0.16005,1746027402005,True
2025-04-30 10:36:53, BTCUSDT, 3553575237, 94043.48, 0.31059,1746027413485,False
2025-04-30 10:36:53, BTCUSDT, 3553575242, 94043.48, 0.2097,1746027413731,False
2025-04-30 10:36:56, BTCUSDT, 3553575308, 94062.74, 0.476,1746027416626,False
2025-04-30 10:37:13, BTCUSDT, 3553575466, 94090.12, 0.49884,1746027433366,True
2025-04-30 10:37:18, TAOUSDT, 34504922, 350.5, 222.3696,1746027438812,True
2025-04-30 10:37:19, BTCUSDT, 3553575512, 94081.92, 0.20274,1746027439422,True
2025-04-30 10:37:19, BTCUSDT, 3553575549, 94071.38, 1.29899,1746027439553,True
2025-04-30 10:37:19, BTCUSDT, 3553575597, 94062.73, 0.19063,1746027439610,True
2025-04-30 10:37:19, BTCUSDT, 3553575599, 94062.73, 0.19069,1746027439618,True
2025-04-30 10:37:19, BTCUSDT, 3553575666, 94049.92, 0.18921,1746027439797,True
2025-04-30 10:37:22, BTCUSDT, 3553575704, 94043.48, 0.69184,1746027442390,False
2025-04-30 10:37:39, BTCUSDT, 3553575809, 94061.98, 0.24695,1746027459637,True
2025-04-30 10:37:39, BTCUSDT, 3553575811, 94061.98, 0.24447,1746027459637,True
2025-04-30 10:37:40, BTCUSDT, 3553575850, 94053.4, 0.47314,1746027460988,False
2025-04-30 10:37:46, BTCUSDT, 3553575894, 94043.47, 0.50874,1746027466522,True
2025-04-30 10:39:34, BTCUSDT, 3553576955, 94038.84, 0.17942,1746027574866,False
2025-04-30 10:39:34, BTCUSDT, 3553576957, 94038.84, 0.26854,1746027574867,False
2025-04-30 10:39:41, BTCUSDT, 3553577030, 94038.83, 0.21475,1746027581215,True
2025-04-30 10:39:45, BTCUSDT, 3553577065, 94043.48, 0.16701,1746027585182,False
2025-04-30 10:40:02, BTCUSDT, 3553577207, 94056.2, 1.28172,1746027602436,True
2025-04-30 10:40:02, BTCUSDT, 3553577209, 94056.2, 0.16834,1746027602436,True
2025-04-30 10:40:12, BTCUSDT, 3553577341, 94037.48, 0.76309,1746027612474,True
2025-04-30 10:40:12, BTCUSDT, 3553577354, 94036.28, 0.70206,1746027612474,True
2025-04-30 10:40:12, BTCUSDT, 3553577366, 94033.89, 0.18428,1746027612488,True
2025-04-30 10:40:12, BTCUSDT, 3553577384, 94029.33, 0.18428,1746027612498,True
2025-04-30 10:40:12, BTCUSDT, 3553577385, 94029.34, 0.17,1746027612504,False
2025-04-30 10:40:13, BTCUSDT, 3553577442, 94015.0, 0.29135,1746027613712,True
2025-04-30 10:40:14, BTCUSDT, 3553577448, 94015.0, 0.39676,1746027614786,True
2025-04-30 10:40:16, BTCUSDT, 3553577479, 94006.78, 0.26476,1746027616482,True
2025-04-30 10:40:18, BTCUSDT, 3553577485, 94006.79, 0.25842,1746027618779,False
2025-04-30 10:40:18, BTCUSDT, 3553577487, 94006.79, 0.19336,1746027618779,False
2025-04-30 10:40:20, BTCUSDT, 3553577510, 94014.0, 0.18693,1746027620422,False
2025-04-30 10:40:20, BTCUSDT, 3553577526, 94019.17, 0.52394,1746027620423,False
2025-04-30 10:40:20, BTCUSDT, 3553577567, 94028.57, 0.16764,1746027620532,False
2025-04-30 10:40:21, BTCUSDT, 3553577581, 94030.89, 0.16236,1746027621483,True
2025-04-30 10:40:23, BTCUSDT, 3553577638, 94039.46, 0.2018,1746027623985,True
2025-04-30 10:40:29, BTCUSDT, 3553577734, 94018.9, 0.32614,1746027629123,True
2025-04-30 10:40:29, BTCUSDT, 3553577739, 94018.9, 0.19401,1746027629123,True
2025-04-30 10:40:31, BTCUSDT, 3553577852, 94000.0, 0.27219,1746027631742,True
2025-04-30 10:40:36, BTCUSDT, 3553577962, 94007.07, 0.37,1746027636969,False
2025-04-30 10:40:38, BTCUSDT, 3553577998, 94015.4, 0.3667,1746027638100,False
2025-04-30 10:42:22, BTCUSDT, 3553579390, 93972.01, 0.36983,1746027742116,False
2025-04-30 10:42:24, BTCUSDT, 3553579430, 93980.11, 0.26527,1746027744017,False
2025-04-30 10:42:26, BTCUSDT, 3553579454, 93986.97, 0.27944,1746027746643,False
2025-04-30 10:42:38, BTCUSDT, 3553579615, 93975.98, 0.27754,1746027758196,True
2025-04-30 10:42:38, BTCUSDT, 3553579617, 93975.98, 0.2211,1746027758196,True
2025-04-30 10:42:40, BTCUSDT, 3553579656, 93968.01, 0.18659,1746027760716,False
2025-04-30 10:42:44, BTCUSDT, 3553579707, 93977.79, 0.17117,1746027764334,False
2025-04-30 10:42:44, BTCUSDT, 3553579727, 93982.96, 0.36037,1746027764374,False
2025-04-30 10:43:06, BTCUSDT, 3553579823, 93984.07, 0.24527,1746027786863,True
2025-04-30 10:43:06, BTCUSDT, 3553579824, 93984.07, 0.37707,1746027786863,True
2025-04-30 10:43:30, BTCUSDT, 3553579935, 93977.01, 0.35737,1746027810621,False
2025-04-30 10:43:30, BTCUSDT, 3553579936, 93977.01, 0.19921,1746027810621,False
2025-04-30 10:43:30, BTCUSDT, 3553579952, 93980.05, 0.29863,1746027810622,False
2025-04-30 10:43:32, BTCUSDT, 3553579985, 93987.53, 0.19025,1746027812274,False
2025-04-30 10:43:34, BTCUSDT, 3553580004, 93990.2, 0.19557,1746027814141,False
2025-04-30 10:43:40, BTCUSDT, 3553580065, 94000.0, 0.19175,1746027820464,False
2025-04-30 10:43:40, BTCUSDT, 3553580066, 94000.01, 0.16704,1746027820464,False
2025-04-30 10:43:40, BTCUSDT, 3553580109, 94007.63, 0.19584,1746027820511,False
2025-04-30 10:43:49, BTCUSDT, 3553580233, 94029.22, 0.17445,1746027829971,False
2025-04-30 10:43:58, BTCUSDT, 3553580301, 94037.92, 0.17446,1746027838147,False
2025-04-30 10:44:05, BTCUSDT, 3553580353, 94043.32, 0.38826,1746027845982,False
2025-04-30 10:44:05, BTCUSDT, 3553580357, 94043.48, 0.16215,1746027845982,False
2025-04-30 10:44:07, BTCUSDT, 3553580390, 94053.94, 0.17029,1746027847225,True
2025-04-30 10:44:07, BTCUSDT, 3553580394, 94053.94, 1.31895,1746027847228,True
2025-04-30 10:44:08, BTCUSDT, 3553580398, 94053.94, 0.22489,1746027848384,True
2025-04-30 10:44:11, BTCUSDT, 3553580448, 94043.95, 0.1932,1746027851608,True
2025-04-30 10:44:11, BTCUSDT, 3553580450, 94043.95, 0.17332,1746027851608,True
2025-04-30 10:44:13, BTCUSDT, 3553580510, 94035.31, 0.23239,1746027853902,True
2025-04-30 10:44:13, BTCUSDT, 3553580544, 94025.32, 0.34138,1746027853935,True
2025-04-30 10:44:15, BTCUSDT, 3553580556, 94022.37, 1.4817,1746027855000,False
2025-04-30 10:44:15, BTCUSDT, 3553580557, 94022.37, 1.7842,1746027855001,False
2025-04-30 10:44:15, BTCUSDT, 3553580558, 94022.37, 0.41167,1746027855005,False
2025-04-30 10:44:15, BTCUSDT, 3553580559, 94022.37, 0.4674,1746027855007,False
2025-04-30 10:44:15, BTCUSDT, 3553580564, 94022.95, 0.264,1746027855008,False
2025-04-30 16:03:59, BTCUSDT, 3553786535, 94610.54, 1.08572,1746047039830,True
2025-04-30 16:03:59, BTCUSDT, 3553786548, 94609.59, 0.16905,1746047039830,True
2025-04-30 16:03:59, BTCUSDT, 3553786553, 94608.64, 0.1695,1746047039830,True
2025-04-30 16:05:57, BTCUSDT, 3553787380, 94705.69, 2.44356,1746047157877,True
2025-04-30 16:05:57, BTCUSDT, 3553787397, 94703.79, 0.21164,1746047157877,True
2025-04-30 16:05:57, BTCUSDT, 3553787402, 94702.84, 0.21119,1746047157877,True
2025-04-30 16:05:57, BTCUSDT, 3553787416, 94699.32, 0.30457,1746047157877,True
2025-04-30 16:05:57, BTCUSDT, 3553787429, 94694.06, 0.16,1746047157878,True
2025-04-30 16:05:57, BTCUSDT, 3553787430, 94694.06, 0.57933,1746047157878,True
2025-04-30 16:06:02, BTCUSDT, 3553787488, 94689.01, 0.16,1746047162225,False
2025-04-30 16:06:02, BTCUSDT, 3553787491, 94689.01, 0.32,1746047162225,False
2025-04-30 16:06:02, BTCUSDT, 3553787528, 94695.99, 0.16,1746047162692,False
2025-04-30 16:06:02, BTCUSDT, 3553787568, 94708.25, 0.18558,1746047162698,False
2025-04-30 16:06:02, BTCUSDT, 3553787571, 94708.25, 0.23074,1746047162707,False
2025-04-30 16:06:02, BTCUSDT, 3553787574, 94708.38, 0.31597,1746047162720,False
2025-04-30 16:06:03, BTCUSDT, 3553787613, 94716.79, 0.16,1746047163358,False
2025-04-30 16:06:03, BTCUSDT, 3553787618, 94716.79, 0.494,1746047163359,False
2025-04-30 16:06:03, BTCUSDT, 3553787649, 94722.0, 0.16,1746047163464,False
2025-04-30 16:06:03, BTCUSDT, 3553787655, 94722.0, 0.271,1746047163846,False
2025-04-30 16:06:03, BTCUSDT, 3553787656, 94722.0, 0.16,1746047163846,False
2025-04-30 16:06:03, BTCUSDT, 3553787657, 94722.0, 0.32,1746047163846,False
2025-04-30 16:06:03, BTCUSDT, 3553787658, 94722.0, 0.64,1746047163846,False
2025-04-30 16:06:04, BTCUSDT, 3553787662, 94722.0, 0.32,1746047164171,False
2025-04-30 16:06:04, BTCUSDT, 3553787663, 94722.0, 0.96,1746047164172,False
2025-04-30 16:06:04, BTCUSDT, 3553787664, 94722.0, 0.16,1746047164172,False
2025-04-30 16:06:04, BTCUSDT, 3553787708, 94731.52, 0.43435,1746047164172,False
2025-04-30 16:06:05, BTCUSDT, 3553787714, 94731.52, 0.16,1746047165086,False
2025-04-30 16:06:05, BTCUSDT, 3553787716, 94731.52, 0.32,1746047165086,False
2025-04-30 16:06:05, BTCUSDT, 3553787753, 94737.63, 0.19156,1746047165373,False
